[Licensing::Module] Trying to connect to existing licensing client channel...
Built from '6000.4/staging' branch; Version is '6000.4.1f1 (8535861f39e1) revision 8729990'; Using compiler version '194234433'; Build Type 'Release'
OS: 'Windows 11  (10.0.26200) Professional' Language: 'fr' Physical Memory: 15761 MB
[Licensing::IpcConnector] Successfully connected to: "LicenseClient-Dell" at "2026-04-29T23:38:41.3187357Z"
BatchMode: 1, IsHumanControllingUs: 0, StartBugReporterOnCrash: 0, Is64bit: 1
System  architecture: x64
Process architecture: x64
Date: 2026-04-29T23:38:41Z

COMMAND LINE ARGUMENTS:
C:\Program Files\Unity\Hub\Editor\6000.4.1f1\Editor\Unity.exe
-adb2
-batchMode
-noUpm
-name
AssetImportWorker1
-projectPath
C:/Users/Dell/OneDrive/Bureau/My project/Assets
-logFile
Logs/AssetImportWorker1.log
-srvPort
57141
-force-d3d12
-job-worker-count
3
-background-job-worker-count
8
-gc-helper-count
1
-name
AssetImport
Successfully changed project path to: C:/Users/Dell/OneDrive/Bureau/My project/Assets
C:/Users/Dell/OneDrive/Bureau/My project/Assets
[UnityMemory] Configuration Parameters - Can be set up in boot.config
    "memorysetup-temp-allocator-size-gi-baking-worker=262144"
    "memorysetup-temp-allocator-size-gi-baking-worker=262144"
    "memorysetup-temp-allocator-size-gi-baking-worker=262144"
    "memorysetup-temp-allocator-size-gi-baking-worker=262144"
    "memorysetup-temp-allocator-size-gi-baking-worker=262144"
    "memorysetup-temp-allocator-size-nav-mesh-worker=65536"
    "memorysetup-temp-allocator-size-audio-worker=65536"
    "memorysetup-temp-allocator-size-cloud-worker=32768"
    "memorysetup-temp-allocator-size-gfx=262144"
    "memorysetup-temp-allocator-size-preload-manager=33554432"
    "memorysetup-temp-allocator-size-job-worker=262144"
    "memorysetup-temp-allocator-size-background-worker=32768"
    "memorysetup-allocator-temp-initial-block-size-main=262144"
    "memorysetup-allocator-temp-initial-block-size-worker=262144"
    "memorysetup-bucket-allocator-granularity=16"
    "memorysetup-bucket-allocator-bucket-count=8"
    "memorysetup-bucket-allocator-block-size=33554432"
    "memorysetup-bucket-allocator-block-count=8"
    "memorysetup-main-allocator-block-size=16777216"
    "memorysetup-thread-allocator-block-size=16777216"
    "memorysetup-gfx-main-allocator-block-size=16777216"
    "memorysetup-gfx-thread-allocator-block-size=16777216"
    "memorysetup-cache-allocator-block-size=4194304"
    "memorysetup-typetree-allocator-block-size=2097152"
    "memorysetup-profiler-bucket-allocator-granularity=16"
    "memorysetup-profiler-bucket-allocator-bucket-count=8"
    "memorysetup-profiler-bucket-allocator-block-size=33554432"
    "memorysetup-profiler-bucket-allocator-block-count=8"
    "memorysetup-profiler-allocator-block-size=16777216"
    "memorysetup-profiler-editor-allocator-block-size=1048576"
    "memorysetup-temp-allocator-size-main=16777216"
    "memorysetup-job-temp-allocator-block-size=2097152"
    "memorysetup-job-temp-allocator-block-size-background=1048576"
    "memorysetup-job-temp-allocator-reduction-small-platforms=262144"
Player connection [23604]  Target information:

Player connection [23604]  * "[IP] 192.168.100.13 [Port] 0 [Flags] 2 [Guid] 2391908907 [EditorId] 2391908907 [Version] 1048832 [Id] WindowsEditor(7,DESKTOP-3PC42NO) [Debug] 1 [PackageName] WindowsEditor [ProjectName] Editor" 

Player connection [23604] Host joined multi-casting on [225.0.0.222:54997]...
Player connection [23604] Host joined alternative multi-casting on [225.0.0.222:34997]...
JobSystem: Creating JobQueue using job-worker-count value 3
Input System module state changed to: Initialized.
[Physics::Module] Initialized fallback backend.
[Physics::Module] Id: 0xdecafbad
Library Redirect Path: Library/
[Physics::Module] Selected backend.
[Physics::Module] Name: PhysX
[Physics::Module] Id: 0xf2b8ea05
[Physics::Module] SDK Version: 4.1.2
[Physics::Module] Integration Version: 1.0.0
[Physics::Module] Threading Mode: Multi-Threaded
Initialize engine version: 6000.4.1f1 (8535861f39e1)
[Subsystems] Discovering subsystems at path C:/Program Files/Unity/Hub/Editor/6000.4.1f1/Editor/Data/Resources/UnitySubsystems
[Subsystems] Discovering subsystems at path C:/Users/Dell/OneDrive/Bureau/My project/Assets/Assets
Forcing GfxDevice: Direct3D 12
GfxDevice: creating device client; kGfxThreadingModeNonThreaded
d3d12: failed to query info queue interface (0x80004002).
Direct3D:
    Version:         Direct3D 12 [level 12.1]
    Renderer:        Intel(R) Iris(R) Xe Graphics (ID=0x9a49)
    Vendor:          Intel
    VRAM:            7880 MB
    App VRAM Budget: 7230 MB
    Driver:          32.0.101.7080
    Unified Memory Architecture
    Cache Coherent UMA
Shader 'TextMeshPro/Distance Field': fallback shader 'TextMeshPro/Mobile/Distance Field' not found
Shader 'TextMeshPro/Distance Field SSD': fallback shader 'TextMeshPro/Mobile/Distance Field' not found
Shader 'TextMeshPro/Distance Field Overlay': fallback shader 'TextMeshPro/Mobile/Distance Field' not found
Initialize mono
Mono path[0] = 'C:/Program Files/Unity/Hub/Editor/6000.4.1f1/Editor/Data/Managed'
Mono path[1] = 'C:/Program Files/Unity/Hub/Editor/6000.4.1f1/Editor/Data/MonoBleedingEdge/lib/mono/unityjit-win32'
Mono config path = 'C:/Program Files/Unity/Hub/Editor/6000.4.1f1/Editor/Data/MonoBleedingEdge/etc'
Using monoOptions --debugger-agent=transport=dt_socket,embedding=1,server=y,suspend=n,address=127.0.0.1:56848
CodeReloadManager initialized
Begin MonoManager ReloadAssembly
Registering precompiled unity dll's ...
Register platform support module: C:/Program Files/Unity/Hub/Editor/6000.4.1f1/Editor/Data/PlaybackEngines/WebGLSupport/UnityEditor.WebGL.Extensions.dll
Register platform support module: C:/Program Files/Unity/Hub/Editor/6000.4.1f1/Editor/Data/PlaybackEngines/WindowsStandaloneSupport/UnityEditor.WindowsStandalone.Extensions.dll
Registered in 0.003719 seconds.
[Licensing::Client] Handshaking with LicensingClient:
  Version:                 1.18.1+9fbee8e
  Session Id:              eec2740ab7b747788cc9ba90ecaffa3a
  Correlation Id:          09d3e01cd008328d64c80fff62c95d4f
  External correlation Id: 5777809971236143764
  Machine Id:              xKbzxSdpglpEtl15dAti4x7eZyg=
[Licensing::Module] Successfully connected to LicensingClient on channel: "LicenseClient-Dell" (connect: 0.00s, validation: 0.00s, handshake: 1.89s)
[Licensing::IpcConnector] Successfully connected to: "LicenseClient-Dell-notifications" at "2026-04-29T23:38:43.211029Z"
[Licensing::Module] Licensing Background thread has ended after 1.89s
Native extension for WindowsStandalone target not found
Native extension for WebGL target not found
Package Manager log level set to [2]
[Package Manager] Failed to launch server process. Reason: Unity was launched with the -noUpm command-line argument
[Package Manager] Unable to send message (not connected to server process).
[Package Manager] Cannot connect to Unity Package Manager local server
ScheduleIndexationOnStartup MainProcess:False IndexOnStartup:True
Mono: successfully reloaded assembly
- Finished resetting the current domain, in  0.657 seconds
Domain Reload Profiling: 1610ms
	BeginReloadAssembly (333ms)
		CreateAndSetChildDomain (4ms)
	RebuildCommonClasses (101ms)
	RebuildNativeTypeToScriptingClass (38ms)
	initialDomainReloadingComplete (125ms)
	LoadAllAssembliesAndSetupDomain (354ms)
		LoadAssemblies (324ms)
		AnalyzeDomain (340ms)
			TypeCache.Refresh (337ms)
				TypeCache.ScanAssembly (312ms)
	FinalizeReload (659ms)
		SetupLoadedEditorAssemblies (0ms)
			InitializePlatformSupportModulesInManaged (98ms)
			BeforeProcessingInitializeOnLoad (148ms)
			ProcessInitializeOnLoadAttributes (168ms)
			ProcessInitializeOnLoadMethodAttributes (136ms)
========================================================================
Worker process is ready to serve import requests
Import Worker Mode flag is 0x00
Begin MonoManager ReloadAssembly
[Licensing::Client] Successfully resolved entitlement details
[Licensing::Module] License group:
  Id: 11270658791115-UnityPersXXXX
  Product: Unity Personal
  Type: Assigned
  Expiration: Unlimited
Assembly Assembly-CSharp-Editor-firstpass.dll at Library/ScriptAssemblies/Assembly-CSharp-Editor-firstpass.dll not valid. Loading of assembly skipped.
Assembly Assembly-CSharp-Editor.dll at Library/ScriptAssemblies/Assembly-CSharp-Editor.dll not valid. Loading of assembly skipped.
Assembly Assembly-CSharp-firstpass.dll at Library/ScriptAssemblies/Assembly-CSharp-firstpass.dll not valid. Loading of assembly skipped.
Assembly Assembly-CSharp.dll at Library/ScriptAssemblies/Assembly-CSharp.dll not valid. Loading of assembly skipped.
Assembly Unity.Multiplayer.Center.Editor.Tests.dll at Library/ScriptAssemblies/Unity.Multiplayer.Center.Editor.Tests.dll not valid. Loading of assembly skipped.
Assembly Unity.Multiplayer.Center.Tests.dll at Library/ScriptAssemblies/Unity.Multiplayer.Center.Tests.dll not valid. Loading of assembly skipped.
Native extension for WindowsStandalone target not found
Native extension for WebGL target not found
[Package Manager] Failed to launch server process. Reason: Unity was launched with the -noUpm command-line argument
[Package Manager] Unable to send message (not connected to server process).
[Package Manager] Cannot connect to Unity Package Manager local server
ScheduleIndexationOnStartup MainProcess:False IndexOnStartup:True
Mono: successfully reloaded assembly
- Finished resetting the current domain, in  0.633 seconds
Domain Reload Profiling: 1324ms
	BeginReloadAssembly (318ms)
		DisableScriptedObjects (8ms)
		CreateAndSetChildDomain (51ms)
	RebuildCommonClasses (59ms)
	RebuildNativeTypeToScriptingClass (39ms)
	initialDomainReloadingComplete (66ms)
	LoadAllAssembliesAndSetupDomain (209ms)
		LoadAssemblies (368ms)
		AnalyzeDomain (19ms)
			TypeCache.Refresh (15ms)
				TypeCache.ScanAssembly (8ms)
	FinalizeReload (633ms)
		SetupLoadedEditorAssemblies (0ms)
			InitializePlatformSupportModulesInManaged (4ms)
			BeforeProcessingInitializeOnLoad (149ms)
			ProcessInitializeOnLoadAttributes (210ms)
			ProcessInitializeOnLoadMethodAttributes (64ms)
			AfterProcessingInitializeOnLoad (9ms)
		AwakeInstancesAfterBackupRestoration (12ms)
Launched and connected shader compiler UnityShaderCompiler.exe after 0.02 seconds
Unloading 0 Unused Serialized files (Serialized files now loaded: 0)
Unloading 181 unused Assets / (36.1 KB). Loaded Objects now: 809.
Memory consumption went from 67.2 MB to 67.2 MB.
Total: 6.654100 ms (FindLiveObjects: 0.099100 ms CreateObjectMapping: 0.021500 ms MarkObjects: 6.233900 ms  DeleteObjects: 0.295200 ms)

========================================================================
Received Import Request.
  Time since last request: 4293.750375 seconds.
  path: Assets/AddressableAssetsData/AddressableAssetGroupSortSettings.asset
  importAddress: Guid(648eb0b4069da714d85e4943ed6b00b3) Importer(2089858483,b0f066a214c2f5e87bad3c948f4d605d)
Start importing Assets/AddressableAssetsData/AddressableAssetGroupSortSettings.asset using Guid(648eb0b4069da714d85e4943ed6b00b3) Importer(2089858483,b0f066a214c2f5e87bad3c948f4d605d) (ScriptedImporter) -> (Import Result ID: '243de56b5a61579a3d410169d8c20f0f') in 0.0752314 seconds [static and dynamic dependencies]. Details - ImportResultOutputID=c445b4613b259cd95248b25e9005f3b3 DependenciesID=5a5c7f32283b7c22eb9cb7cda702175b StaticDependenciesID=6f0be02b88152e4fde3b1533c924b49f 
Number of updated asset objects reloaded before import = 0Number of asset objects unloaded after import = 1

========================================================================
Received Import Request.
  Time since last request: 0.000031 seconds.
  path: Assets/Animation/Sparkle.anim
  importAddress: Guid(e354a685dd1451649b3abf0f74e32ac6) Importer(2089858483,b0f066a214c2f5e87bad3c948f4d605d)
Start importing Assets/Animation/Sparkle.anim using Guid(e354a685dd1451649b3abf0f74e32ac6) Importer(2089858483,b0f066a214c2f5e87bad3c948f4d605d) (ScriptedImporter) -> (Import Result ID: '0e6f0106df9c9d2586a6c4687fda58c3') in 0.0722193 seconds [static and dynamic dependencies]. Details - ImportResultOutputID=d102a3dcb43bb590bcdd7bd4e4197538 DependenciesID=5870062f7f8ef42c1876c344e15bcb94 StaticDependenciesID=5d63408c346112c2e9a82cd861d9ad47 
Number of updated asset objects reloaded before import = 0Number of asset objects unloaded after import = 1

========================================================================
Received Import Request.
  Time since last request: 0.000077 seconds.
  path: Assets/Materials/BlobShadow.mat
  importAddress: Guid(c8c02decebafb7246953032df24e5c77) Importer(2089858483,b0f066a214c2f5e87bad3c948f4d605d)
Start importing Assets/Materials/BlobShadow.mat using Guid(c8c02decebafb7246953032df24e5c77) Importer(2089858483,b0f066a214c2f5e87bad3c948f4d605d) (ScriptedImporter) -> (Import Result ID: '3a018c41c865ead5aed4a51fe37c13cc') in 0.0295568 seconds [static and dynamic dependencies]. Details - ImportResultOutputID=38cdb270b7232b1499bd624e0ef490bb DependenciesID=e1c6e22f30d6abfa9ea75f1eae83477a StaticDependenciesID=cc7a93c89e50fa7dca136e69ad183b34 
Number of updated asset objects reloaded before import = 0Number of asset objects unloaded after import = 2

========================================================================
Received Import Request.
  Time since last request: 0.000115 seconds.
  path: Assets/Animation/Cat_Death2.fbx
  importAddress: Guid(88b2e8e5e041b074c87388a900d4d60d) Importer(2089858483,b0f066a214c2f5e87bad3c948f4d605d)
Start importing Assets/Animation/Cat_Death2.fbx using Guid(88b2e8e5e041b074c87388a900d4d60d) Importer(2089858483,b0f066a214c2f5e87bad3c948f4d605d) (ScriptedImporter) -> (Import Result ID: '83ad09c41cc73b11e95639e75bcf77f8') in 0.0509452 seconds [static and dynamic dependencies]. Details - ImportResultOutputID=73f2d04a59c0347e06d40019ee97d083 DependenciesID=cf0aea95e399e467f3244f7ed94f7f92 StaticDependenciesID=fa04ce5153e67d8dbdfe404e3d1664a2 
Number of updated asset objects reloaded before import = 0Number of asset objects unloaded after import = 99

========================================================================
Received Import Request.
  Time since last request: 0.000024 seconds.
  path: Assets/Animation/ObstacleWheelyBin.fbx
  importAddress: Guid(89db83d228927234ab3737e12e64660e) Importer(2089858483,b0f066a214c2f5e87bad3c948f4d605d)
Start importing Assets/Animation/ObstacleWheelyBin.fbx using Guid(89db83d228927234ab3737e12e64660e) Importer(2089858483,b0f066a214c2f5e87bad3c948f4d605d) (ScriptedImporter) -> (Import Result ID: 'f3bfcee77882b35c1889269db9303933') in 0.043808 seconds [static and dynamic dependencies]. Details - ImportResultOutputID=b3550215da11f9c2d024b85b6f699e8e DependenciesID=a85c272398e7602595c424c883aefac8 StaticDependenciesID=2657f0a1179add22f65aeda703e7eb47 
Number of updated asset objects reloaded before import = 0Number of asset objects unloaded after import = 23

========================================================================
Received Import Request.
  Time since last request: 0.000061 seconds.
  path: Assets/Materials/BinBag.mat
  importAddress: Guid(69829cac8b260bf41b9f2f02e4309ca8) Importer(2089858483,b0f066a214c2f5e87bad3c948f4d605d)
Start importing Assets/Materials/BinBag.mat using Guid(69829cac8b260bf41b9f2f02e4309ca8) Importer(2089858483,b0f066a214c2f5e87bad3c948f4d605d) (ScriptedImporter) -> (Import Result ID: '28c5fdcb2f25f3ae1d94e0f3fc9bd3e9') in 0.0127268 seconds [static and dynamic dependencies]. Details - ImportResultOutputID=8d022afb156ea5042b314ac5ef3df2cd DependenciesID=92bde5fc4169df7e0b662ae5bf3517d2 StaticDependenciesID=663eaaf311de67bec57a3c29c9c5512f 
Number of updated asset objects reloaded before import = 0Number of asset objects unloaded after import = 2

========================================================================
Received Import Request.
  Time since last request: 0.000026 seconds.
  path: Assets/Animation/ObstacleBin.fbx
  importAddress: Guid(0d2b18ab5b0d98e4e96bce5fbaea35f7) Importer(2089858483,b0f066a214c2f5e87bad3c948f4d605d)
Start importing Assets/Animation/ObstacleBin.fbx using Guid(0d2b18ab5b0d98e4e96bce5fbaea35f7) Importer(2089858483,b0f066a214c2f5e87bad3c948f4d605d) (ScriptedImporter) -> (Import Result ID: '97e64f310a156f7d11c61bd159f17e6f') in 0.0171156 seconds [static and dynamic dependencies]. Details - ImportResultOutputID=ed4a73a6a2dd71b0157ec8a700106b41 DependenciesID=c9796bb8232f3f361b3b3b983ae87173 StaticDependenciesID=8d849466a59a5ed27b99bb648407dc6d 
Number of updated asset objects reloaded before import = 0Number of asset objects unloaded after import = 17

========================================================================
Received Import Request.
  Time since last request: 0.000023 seconds.
  path: Assets/Materials/PartyHatAndBowtie.mat
  importAddress: Guid(634af5e9b95b83f40ab50b103810bb3c) Importer(2089858483,b0f066a214c2f5e87bad3c948f4d605d)
Start importing Assets/Materials/PartyHatAndBowtie.mat using Guid(634af5e9b95b83f40ab50b103810bb3c) Importer(2089858483,b0f066a214c2f5e87bad3c948f4d605d) (ScriptedImporter) -> (Import Result ID: '1a2d7f4f8cdc9ee187989db449edf986') in 0.0108539 seconds [static and dynamic dependencies]. Details - ImportResultOutputID=a19a6d10366846ea736f89b9968de2be DependenciesID=c3773e20fe63b550362d62e3d00c1c78 StaticDependenciesID=f92cf58c291a93e0f59b28465b02209f 
Number of updated asset objects reloaded before import = 0Number of asset objects unloaded after import = 2

========================================================================
Received Import Request.
  Time since last request: 0.000027 seconds.
  path: Assets/Animation/Cat_RunShort2.fbx
  importAddress: Guid(f608a49f7f7fffd478322957af42c6aa) Importer(2089858483,b0f066a214c2f5e87bad3c948f4d605d)
Start importing Assets/Animation/Cat_RunShort2.fbx using Guid(f608a49f7f7fffd478322957af42c6aa) Importer(2089858483,b0f066a214c2f5e87bad3c948f4d605d) (ScriptedImporter) -> (Import Result ID: '91315043709d4cfc89b70380e34e3938') in 0.0250932 seconds [static and dynamic dependencies]. Details - ImportResultOutputID=94090eb6d9e523befe9d02b774830d37 DependenciesID=36e9acfee74547220d98aa8bed425606 StaticDependenciesID=0f90ad6eabbb32967acbb436129dd078 
Number of updated asset objects reloaded before import = 0Number of asset objects unloaded after import = 99

========================================================================
Received Import Request.
  Time since last request: 0.000030 seconds.
  path: Assets/AddressableAssetsData/AddressableAssetSettings.asset
  importAddress: Guid(735e874f947d0e143a6b4e83f8a7283a) Importer(2089858483,b0f066a214c2f5e87bad3c948f4d605d)
Start importing Assets/AddressableAssetsData/AddressableAssetSettings.asset using Guid(735e874f947d0e143a6b4e83f8a7283a) Importer(2089858483,b0f066a214c2f5e87bad3c948f4d605d) (ScriptedImporter) -> (Import Result ID: 'd637cd3a6e921ae1d504c5a2bb8e0e41') in 0.0084877 seconds [static and dynamic dependencies]. Details - ImportResultOutputID=dfcb2d7b43693b17a4c3522bddcb49c1 DependenciesID=29804389606816771dcc127575c35689 StaticDependenciesID=f9382eaebdc2619141bd3472fea0f27f 
Number of updated asset objects reloaded before import = 0Number of asset objects unloaded after import = 1

========================================================================
Received Import Request.
  Time since last request: 0.000019 seconds.
  path: Assets/Materials/BrickWall.mat
  importAddress: Guid(9eb722b0ceeb9c34fa2b2afbc8a97dd1) Importer(2089858483,b0f066a214c2f5e87bad3c948f4d605d)
Start importing Assets/Materials/BrickWall.mat using Guid(9eb722b0ceeb9c34fa2b2afbc8a97dd1) Importer(2089858483,b0f066a214c2f5e87bad3c948f4d605d) (ScriptedImporter) -> (Import Result ID: 'af45159f8a6ae4bd0d7e1f3f8b1a0c6e') in 0.0062954 seconds [static and dynamic dependencies]. Details - ImportResultOutputID=ba42090446455c69be5cf4b0c630fcca DependenciesID=7d8918c23b2e6eb731b64b9ea5f51dbb StaticDependenciesID=8a5a1d1e253c16d5eb1b549fb9b938d9 
Number of updated asset objects reloaded before import = 0Number of asset objects unloaded after import = 2

========================================================================
Received Import Request.
  Time since last request: 0.000024 seconds.
  path: Assets/MainMenuController.cs
  importAddress: Guid(134e43f205444df419e76f484acda785) Importer(2089858483,b0f066a214c2f5e87bad3c948f4d605d)
Start importing Assets/MainMenuController.cs using Guid(134e43f205444df419e76f484acda785) Importer(2089858483,b0f066a214c2f5e87bad3c948f4d605d) (ScriptedImporter) -> (Import Result ID: 'e8984f817d0a183c78742229c865c1ec') in 0.0054289 seconds [static and dynamic dependencies]. Details - ImportResultOutputID=7cb1b1ccd6cf50b258a614bf3bfb883b DependenciesID=73b867f8d7b0f391e2e50b3aed54bf89 StaticDependenciesID=fae26d967643dd7990649cf5441427b4 
Number of updated asset objects reloaded before import = 0Number of asset objects unloaded after import = 0

========================================================================
Received Import Request.
  Time since last request: 0.000272 seconds.
  path: Assets/Animation/Cat_Falling.fbx
  importAddress: Guid(9584e04906e17524e9241fff3ebdbc6d) Importer(2089858483,b0f066a214c2f5e87bad3c948f4d605d)
Start importing Assets/Animation/Cat_Falling.fbx using Guid(9584e04906e17524e9241fff3ebdbc6d) Importer(2089858483,b0f066a214c2f5e87bad3c948f4d605d) (ScriptedImporter) -> (Import Result ID: '9e3d2bf66673723f6b7583c4c9c61179') in 0.0144236 seconds [static and dynamic dependencies]. Details - ImportResultOutputID=329c7425a432d2879b2ba09850e10ced DependenciesID=e009f9cedc0911140b9a5ad81147ffe4 StaticDependenciesID=905d8dd3e797bbf294ca5916b18e2674 
Number of updated asset objects reloaded before import = 0Number of asset objects unloaded after import = 99

========================================================================
Received Import Request.
  Time since last request: 0.000040 seconds.
  path: Assets/Animation/Rat_Death.fbx
  importAddress: Guid(97d3d75c59ef7f544808ac9ea51905f2) Importer(2089858483,b0f066a214c2f5e87bad3c948f4d605d)
Start importing Assets/Animation/Rat_Death.fbx using Guid(97d3d75c59ef7f544808ac9ea51905f2) Importer(2089858483,b0f066a214c2f5e87bad3c948f4d605d) (ScriptedImporter) -> (Import Result ID: 'a7a663aa7303affb90fe8516fbd3310d') in 0.0123923 seconds [static and dynamic dependencies]. Details - ImportResultOutputID=4b136e3988aef55c4735fb7eca32e438 DependenciesID=59cdbdb7c4f03dfbc684228d61e84f09 StaticDependenciesID=aceef35d34e9515f579e37e063ad6521 
Number of updated asset objects reloaded before import = 0Number of asset objects unloaded after import = 79

========================================================================
Received Import Request.
  Time since last request: 0.000031 seconds.
  path: Assets/Materials/Clover.mat
  importAddress: Guid(099f8ab5055c38e4fa9b02975140c339) Importer(2089858483,b0f066a214c2f5e87bad3c948f4d605d)
Start importing Assets/Materials/Clover.mat using Guid(099f8ab5055c38e4fa9b02975140c339) Importer(2089858483,b0f066a214c2f5e87bad3c948f4d605d) (ScriptedImporter) -> (Import Result ID: '32deb2aeef9c1db61e3be7dd3aafaa95') in 0.007545 seconds [static and dynamic dependencies]. Details - ImportResultOutputID=56b87f0eea589cc9c97786ddc45f9b0e DependenciesID=278b7d63585a971c5832e4b6e14f92d0 StaticDependenciesID=c075056f07c00f1fc1664b7308277543 
Number of updated asset objects reloaded before import = 0Number of asset objects unloaded after import = 2

========================================================================
Received Import Request.
  Time since last request: 0.000039 seconds.
  path: Assets/mo9ranmpfb.fbx
  importAddress: Guid(1faf972fb73eaca4ca56f9c175649598) Importer(2089858483,b0f066a214c2f5e87bad3c948f4d605d)
Start importing Assets/mo9ranmpfb.fbx using Guid(1faf972fb73eaca4ca56f9c175649598) Importer(2089858483,b0f066a214c2f5e87bad3c948f4d605d) (ScriptedImporter) -> (Import Result ID: 'a550fb297b81e2c03e4a5d626085adfd') in 0.0404084 seconds [static and dynamic dependencies]. Details - ImportResultOutputID=781881eb8b77eecbafbf0c795f8a38a4 DependenciesID=2c2dbe80936537bf18f1677c385b5351 StaticDependenciesID=9c1c3868181c02d4b7babdb5fb0333f5 
Number of updated asset objects reloaded before import = 0Number of asset objects unloaded after import = 8

========================================================================
Received Import Request.
  Time since last request: 0.000046 seconds.
  path: Assets/Animation/Cat_HitWall1.fbx
  importAddress: Guid(98a2f1df84b0a554593bcc40c31db37a) Importer(2089858483,b0f066a214c2f5e87bad3c948f4d605d)
Start importing Assets/Animation/Cat_HitWall1.fbx using Guid(98a2f1df84b0a554593bcc40c31db37a) Importer(2089858483,b0f066a214c2f5e87bad3c948f4d605d) (ScriptedImporter) -> (Import Result ID: 'b0e7fb6741ee602ce31f34d87b2f303d') in 0.016462 seconds [static and dynamic dependencies]. Details - ImportResultOutputID=c5d17aed64b747a11547e74e262e43c9 DependenciesID=b213e418f8d2d8b629b5edc8473da15b StaticDependenciesID=dfbba935c60fb675a02ecf7a729a4b9a 
Number of updated asset objects reloaded before import = 0Number of asset objects unloaded after import = 99

========================================================================
Received Import Request.
  Time since last request: 0.000035 seconds.
  path: Assets/Materials/Bin.mat
  importAddress: Guid(3dc78b81a4d12bd42bd2c32e62d95511) Importer(2089858483,b0f066a214c2f5e87bad3c948f4d605d)
Start importing Assets/Materials/Bin.mat using Guid(3dc78b81a4d12bd42bd2c32e62d95511) Importer(2089858483,b0f066a214c2f5e87bad3c948f4d605d) (ScriptedImporter) -> (Import Result ID: 'b46dc7efeec8758834cc9f82658c5be7') in 0.007765 seconds [static and dynamic dependencies]. Details - ImportResultOutputID=9b3b0586cffaa64d107ffeb978d535ee DependenciesID=bfed77cdd9159a2e0d43b5a6978cd7e4 StaticDependenciesID=708dfacab802d90c5d4955efbacff39d 
Number of updated asset objects reloaded before import = 0Number of asset objects unloaded after import = 2

========================================================================
Received Import Request.
  Time since last request: 0.000073 seconds.
  path: Assets/Materials/Construction.mat
  importAddress: Guid(4b6127cf676e2864fa12c9e37a94440d) Importer(2089858483,b0f066a214c2f5e87bad3c948f4d605d)
Start importing Assets/Materials/Construction.mat using Guid(4b6127cf676e2864fa12c9e37a94440d) Importer(2089858483,b0f066a214c2f5e87bad3c948f4d605d) (ScriptedImporter) -> (Import Result ID: '03fde84fb79b5e82cd316a73406facf4') in 0.0090272 seconds [static and dynamic dependencies]. Details - ImportResultOutputID=fa17d6502ad26c7d74af04a0aa821ba6 DependenciesID=52c55e071ec5f4a663ea836f2e99362e StaticDependenciesID=add7a0fcc4dc645f391bee148b4021d3 
Number of updated asset objects reloaded before import = 0Number of asset objects unloaded after import = 2

========================================================================
Received Import Request.
  Time since last request: 0.000036 seconds.
  path: Assets/Materials/PickupParticle.mat
  importAddress: Guid(a360c9ac9532bde44ac815403ab03c52) Importer(2089858483,b0f066a214c2f5e87bad3c948f4d605d)
Start importing Assets/Materials/PickupParticle.mat using Guid(a360c9ac9532bde44ac815403ab03c52) Importer(2089858483,b0f066a214c2f5e87bad3c948f4d605d) (ScriptedImporter) -> (Import Result ID: '510a3a0eca75b5e7ef90da8cc2e9b619') in 0.0083736 seconds [static and dynamic dependencies]. Details - ImportResultOutputID=e90e1bb08e5e4b18412cade8b92ebcc1 DependenciesID=a64498fe530bf4ba9fa67fb46652ace8 StaticDependenciesID=3d37c21451f3d17e6505c45ad31e66d9 
Number of updated asset objects reloaded before import = 0Number of asset objects unloaded after import = 2

========================================================================
Received Import Request.
  Time since last request: 0.000064 seconds.
  path: Assets/Materials/ControlRig.mat
  importAddress: Guid(b505e0eb0d4b14b498ea6243a5ef882e) Importer(2089858483,b0f066a214c2f5e87bad3c948f4d605d)
Start importing Assets/Materials/ControlRig.mat using Guid(b505e0eb0d4b14b498ea6243a5ef882e) Importer(2089858483,b0f066a214c2f5e87bad3c948f4d605d) (ScriptedImporter) -> (Import Result ID: '3c1954566336057fd134288a4bb37458') in 0.0125134 seconds [static and dynamic dependencies]. Details - ImportResultOutputID=60b8e3d6f972c016a89433e31b930348 DependenciesID=a9cac166e0fa711ec7cf64607a3d360c StaticDependenciesID=bc3b375bcd134b82684fb07bbf539c12 
Number of updated asset objects reloaded before import = 0Number of asset objects unloaded after import = 1

========================================================================
Received Import Request.
  Time since last request: 0.000069 seconds.
  path: Assets/Materials/Obstacle.mat
  importAddress: Guid(9599d0bd4f471d643a454941ba19309b) Importer(2089858483,b0f066a214c2f5e87bad3c948f4d605d)
Start importing Assets/Materials/Obstacle.mat using Guid(9599d0bd4f471d643a454941ba19309b) Importer(2089858483,b0f066a214c2f5e87bad3c948f4d605d) (ScriptedImporter) -> (Import Result ID: '6740e1274dfac0ffcc15e1ba1723932a') in 0.0054246 seconds [static and dynamic dependencies]. Details - ImportResultOutputID=d4d223893b09752b40456f10aa8bffbd DependenciesID=67853594bc7a79ea1dbd7c35bda33852 StaticDependenciesID=924a3afb6c12a1bfad680d2ba7b71667 
Number of updated asset objects reloaded before import = 0Number of asset objects unloaded after import = 1

========================================================================
Received Import Request.
  Time since last request: 0.000081 seconds.
  path: Assets/Materials/MultiplierGlowParticle.mat
  importAddress: Guid(53703d1e7d47f7a4aa2379d62e3b9ad0) Importer(2089858483,b0f066a214c2f5e87bad3c948f4d605d)
Start importing Assets/Materials/MultiplierGlowParticle.mat using Guid(53703d1e7d47f7a4aa2379d62e3b9ad0) Importer(2089858483,b0f066a214c2f5e87bad3c948f4d605d) (ScriptedImporter) -> (Import Result ID: 'cbcc0bb731e1b19d9848f9996f0d48b6') in 0.0095761 seconds [static and dynamic dependencies]. Details - ImportResultOutputID=f696646b5af0e5c4bb5c429316ab9a16 DependenciesID=a1f40c99e9354102f19cee4b5bbfee30 StaticDependenciesID=f7f7e29c0861953112ca86a98d766a3d 
Number of updated asset objects reloaded before import = 0Number of asset objects unloaded after import = 1

========================================================================
Received Import Request.
  Time since last request: 0.000022 seconds.
  path: Assets/Animation/Cat_RunShort.fbx
  importAddress: Guid(ac868813a16d6744dbbbc1b005a6d778) Importer(2089858483,b0f066a214c2f5e87bad3c948f4d605d)
Start importing Assets/Animation/Cat_RunShort.fbx using Guid(ac868813a16d6744dbbbc1b005a6d778) Importer(2089858483,b0f066a214c2f5e87bad3c948f4d605d) (ScriptedImporter) -> (Import Result ID: 'f774365a076a99c95c866e0e2f82c648') in 0.0160429 seconds [static and dynamic dependencies]. Details - ImportResultOutputID=735122ca42f0d5d5393261acee5ca6ee DependenciesID=88369d2a3af697784b15f775aaa638d5 StaticDependenciesID=b7617c45d629859fbab595679ecaf025 
Number of updated asset objects reloaded before import = 0Number of asset objects unloaded after import = 99

========================================================================
Received Import Request.
  Time since last request: 0.000025 seconds.
  path: Assets/Materials/LightCone.mat
  importAddress: Guid(4ccb801525444644c930f82f43032b93) Importer(2089858483,b0f066a214c2f5e87bad3c948f4d605d)
Start importing Assets/Materials/LightCone.mat using Guid(4ccb801525444644c930f82f43032b93) Importer(2089858483,b0f066a214c2f5e87bad3c948f4d605d) (ScriptedImporter) -> (Import Result ID: 'c0f7087529f8293c646671f2c24a2b14') in 0.0097224 seconds [static and dynamic dependencies]. Details - ImportResultOutputID=cb1ecd3d766c14fd9ab1647b6d0f500b DependenciesID=b7f3f3fb40c66d32f4149b62abca5460 StaticDependenciesID=5d418145a9577ed45203190c67be54e5 
Number of updated asset objects reloaded before import = 0Number of asset objects unloaded after import = 2

========================================================================
Received Import Request.
  Time since last request: 0.000022 seconds.
  path: Assets/mo9ranmpfb.fbx
  importAddress: Guid(1faf972fb73eaca4ca56f9c175649598) Importer(815301076,1909f56bfc062723c751e8b465ee728b)
Start importing Assets/mo9ranmpfb.fbx using Guid(1faf972fb73eaca4ca56f9c175649598) Importer(815301076,1909f56bfc062723c751e8b465ee728b) (PreviewImporter) -> (Import Result ID: '0c75a832eb09ad492a1aa23ecab07a3d') in 0.7584563 seconds [static and dynamic dependencies]. Details - ImportResultOutputID=8600c1c0d9d843bf31342cfeab7150be DependenciesID=40de92de70944789243a0ac0d2a0c267 StaticDependenciesID=4790a976ff11e3ce96521a3047e52f4b 
Number of updated asset objects reloaded before import = 0Number of asset objects unloaded after import = 8

========================================================================
Received Import Request.
  Time since last request: 0.000062 seconds.
  path: Assets/Prefabs/Pickup.prefab
  importAddress: Guid(16cac8b68c4ca6448baecd0680e025f6) Importer(2089858483,b0f066a214c2f5e87bad3c948f4d605d)
Start importing Assets/Prefabs/Pickup.prefab using Guid(16cac8b68c4ca6448baecd0680e025f6) Importer(2089858483,b0f066a214c2f5e87bad3c948f4d605d) (ScriptedImporter) -> (Import Result ID: 'a5307b30dfb4d8e4baecc5be62104d11') in 0.015875 seconds [static and dynamic dependencies]. Details - ImportResultOutputID=b0679a7ff7ec9d59f424f12bfcf050eb DependenciesID=8bade82ad6ad5425ae9de8ffb78d54b4 StaticDependenciesID=9bcd3405fdc0e02d494370ea7c842050 
Number of updated asset objects reloaded before import = 0Number of asset objects unloaded after import = 15

========================================================================
Received Import Request.
  Time since last request: 0.000036 seconds.
  path: Assets/Models/Multiply.fbx
  importAddress: Guid(133ca0afa26ad974cba11eb3a20aaa2c) Importer(2089858483,b0f066a214c2f5e87bad3c948f4d605d)
Start importing Assets/Models/Multiply.fbx using Guid(133ca0afa26ad974cba11eb3a20aaa2c) Importer(2089858483,b0f066a214c2f5e87bad3c948f4d605d) (ScriptedImporter) -> (Import Result ID: '22585a836e822016cb872818e0d7071a') in 0.0206589 seconds [static and dynamic dependencies]. Details - ImportResultOutputID=855006578539e0074e54a1fbc31881fa DependenciesID=5565f367a6853c03e3cadbba2f73dbf0 StaticDependenciesID=6058b3043336ed0ba9809e58068772b1 
Number of updated asset objects reloaded before import = 0Number of asset objects unloaded after import = 8

========================================================================
Received Import Request.
  Time since last request: 0.000092 seconds.
  path: Assets/Models/Magnet.fbx
  importAddress: Guid(6c5d5f4ec05e47947b43a75d2aca001d) Importer(2089858483,b0f066a214c2f5e87bad3c948f4d605d)
Start importing Assets/Models/Magnet.fbx using Guid(6c5d5f4ec05e47947b43a75d2aca001d) Importer(2089858483,b0f066a214c2f5e87bad3c948f4d605d) (ScriptedImporter) -> (Import Result ID: '3fdf860f7de4ec8a4d24661c8573e988') in 0.022266 seconds [static and dynamic dependencies]. Details - ImportResultOutputID=6e270a97f5a2b98936b43436f163a8aa DependenciesID=346fcb517e09ddb20a9680fc76d1e2c2 StaticDependenciesID=192954336dd9b6eba62f65baddd44fae 
Number of updated asset objects reloaded before import = 0Number of asset objects unloaded after import = 10

========================================================================
Received Import Request.
  Time since last request: 0.000023 seconds.
  path: Assets/Scenes/IntroScene.unity
  importAddress: Guid(421c631d525c85048a16906407ae9451) Importer(2089858483,b0f066a214c2f5e87bad3c948f4d605d)
Start importing Assets/Scenes/IntroScene.unity using Guid(421c631d525c85048a16906407ae9451) Importer(2089858483,b0f066a214c2f5e87bad3c948f4d605d) (ScriptedImporter) -> (Import Result ID: '65776c568b915c1952a4d5b47ca227b0') in 0.0063668 seconds [static and dynamic dependencies]. Details - ImportResultOutputID=14e3640a1d8f6502d78d7ec2fac7806f DependenciesID=37dfe9e01daed45e24cff40384f1c5dc StaticDependenciesID=c35b9c7730a9d64835d80bf976f01e88 
Number of updated asset objects reloaded before import = 0Number of asset objects unloaded after import = 1

========================================================================
Received Import Request.
  Time since last request: 0.000026 seconds.
  path: Assets/Prefabs/PremiumCollectible.prefab
  importAddress: Guid(ac3c86c2382618643bfda6ab3cc81a0b) Importer(2089858483,b0f066a214c2f5e87bad3c948f4d605d)
Start importing Assets/Prefabs/PremiumCollectible.prefab using Guid(ac3c86c2382618643bfda6ab3cc81a0b) Importer(2089858483,b0f066a214c2f5e87bad3c948f4d605d) (ScriptedImporter) -> (Import Result ID: '0e86f3c47eea74a2616ae48a6229b63e') in 0.0146206 seconds [static and dynamic dependencies]. Details - ImportResultOutputID=99f88f27200ab29d1d95f74f0144568b DependenciesID=03e10f15689e4b5f6f8ff28a1e463170 StaticDependenciesID=33ef4c00ef0ecb379e35baa16b6ad246 
Number of updated asset objects reloaded before import = 0Number of asset objects unloaded after import = 24

========================================================================
Received Import Request.
  Time since last request: 0.000029 seconds.
  path: Assets/mokrane/mo9ran1.tongue01.mat
  importAddress: Guid(0086cc2b8335a8f4bbaba30189fef687) Importer(2089858483,b0f066a214c2f5e87bad3c948f4d605d)
Start importing Assets/mokrane/mo9ran1.tongue01.mat using Guid(0086cc2b8335a8f4bbaba30189fef687) Importer(2089858483,b0f066a214c2f5e87bad3c948f4d605d) (ScriptedImporter) -> (Import Result ID: '4102a77779a19d16815e46bb91990fff') in 0.0090876 seconds [static and dynamic dependencies]. Details - ImportResultOutputID=fa61b85e84531ec0d9a1d4b034dbbac6 DependenciesID=5b8e6c0590df76c16ac131f30a1b32f9 StaticDependenciesID=478c87b2183352aa7939577b55dd717f 
Number of updated asset objects reloaded before import = 0Number of asset objects unloaded after import = 1

========================================================================
Received Import Request.
  Time since last request: 0.000068 seconds.
  path: Assets/Scenes/SampleScene.unity
  importAddress: Guid(1b1c85252c14d9041bc10484eb0bbef6) Importer(2089858483,b0f066a214c2f5e87bad3c948f4d605d)
Start importing Assets/Scenes/SampleScene.unity using Guid(1b1c85252c14d9041bc10484eb0bbef6) Importer(2089858483,b0f066a214c2f5e87bad3c948f4d605d) (ScriptedImporter) -> (Import Result ID: 'c44cb0feb8bb1b1601899ff07932c359') in 0.0069847 seconds [static and dynamic dependencies]. Details - ImportResultOutputID=bc68eaa693f993e80fe879027989940c DependenciesID=677bb196eb7cef32d9788a04735be25d StaticDependenciesID=9151ae31cb56cc2ce551226f3a988f24 
Number of updated asset objects reloaded before import = 0Number of asset objects unloaded after import = 1

========================================================================
Received Import Request.
  Time since last request: 0.000026 seconds.
  path: Assets/Scenes/Level1.unity
  importAddress: Guid(128706cb161b83840b88007e87566088) Importer(2089858483,b0f066a214c2f5e87bad3c948f4d605d)
Start importing Assets/Scenes/Level1.unity using Guid(128706cb161b83840b88007e87566088) Importer(2089858483,b0f066a214c2f5e87bad3c948f4d605d) (ScriptedImporter) -> (Import Result ID: 'f97f2b9f092b76b58fa4e1fc1a7c9fca') in 0.0093484 seconds [static and dynamic dependencies]. Details - ImportResultOutputID=3df21599250462d2a0f17896d4fb1f60 DependenciesID=df90112fb883c98eb868f88a3b1dc500 StaticDependenciesID=66175beb2e7d59003f1341b2727d330e 
Number of updated asset objects reloaded before import = 0Number of asset objects unloaded after import = 1

========================================================================
Received Import Request.
  Time since last request: 0.000083 seconds.
  path: Assets/mokrane/mo9ran1.eyebrow012.mat
  importAddress: Guid(cdc6f78612c2cb645a17cd276d0f67b4) Importer(2089858483,b0f066a214c2f5e87bad3c948f4d605d)
Start importing Assets/mokrane/mo9ran1.eyebrow012.mat using Guid(cdc6f78612c2cb645a17cd276d0f67b4) Importer(2089858483,b0f066a214c2f5e87bad3c948f4d605d) (ScriptedImporter) -> (Import Result ID: 'e6a82d6b1e1a76e3bfe2707438f7cc39') in 0.005902 seconds [static and dynamic dependencies]. Details - ImportResultOutputID=10f3164c99bb88d8088d8cf3ce7fdd8d DependenciesID=8d0ff81997b938865f5e5b30412e5112 StaticDependenciesID=8d9966e9ecda81a5a6c8f09443bf04ce 
Number of updated asset objects reloaded before import = 0Number of asset objects unloaded after import = 1

========================================================================
Received Import Request.
  Time since last request: 0.000081 seconds.
  path: Assets/mokrane/mo9ran1.body.mat
  importAddress: Guid(32765a4b983780b49af1a410f42e6700) Importer(2089858483,b0f066a214c2f5e87bad3c948f4d605d)
Start importing Assets/mokrane/mo9ran1.body.mat using Guid(32765a4b983780b49af1a410f42e6700) Importer(2089858483,b0f066a214c2f5e87bad3c948f4d605d) (ScriptedImporter) -> (Import Result ID: '813ccf8d9c7574df55f2f92ce084c060') in 0.0099064 seconds [static and dynamic dependencies]. Details - ImportResultOutputID=9391fc07cf87b20fea4cd2c8e003a783 DependenciesID=26104b2dcf1209e80812a69f56512b8a StaticDependenciesID=64cae9b474a394c3107ff4dce3bb625b 
Number of updated asset objects reloaded before import = 0Number of asset objects unloaded after import = 1

========================================================================
Received Import Request.
  Time since last request: 0.000086 seconds.
  path: Assets/Materials/Sky.mat
  importAddress: Guid(f1e84f069bd3a6d44ba8070fba940ec8) Importer(2089858483,b0f066a214c2f5e87bad3c948f4d605d)
Start importing Assets/Materials/Sky.mat using Guid(f1e84f069bd3a6d44ba8070fba940ec8) Importer(2089858483,b0f066a214c2f5e87bad3c948f4d605d) (ScriptedImporter) -> (Import Result ID: '13277451b040befcc8ac10b3ec46e568') in 0.0059177 seconds [static and dynamic dependencies]. Details - ImportResultOutputID=7544215dac5f9d192cd1a85f9d132169 DependenciesID=e0b8287c38abd0e94b3b43efc27d3ab0 StaticDependenciesID=e87d3c8d014cf10cd98b8b252253fa00 
Number of updated asset objects reloaded before import = 0Number of asset objects unloaded after import = 1

========================================================================
Received Import Request.
  Time since last request: 0.000080 seconds.
  path: Assets/Materials/Sardines.mat
  importAddress: Guid(dda22a8f7e415d94c824641953dc38a8) Importer(2089858483,b0f066a214c2f5e87bad3c948f4d605d)
Start importing Assets/Materials/Sardines.mat using Guid(dda22a8f7e415d94c824641953dc38a8) Importer(2089858483,b0f066a214c2f5e87bad3c948f4d605d) (ScriptedImporter) -> (Import Result ID: '1440ab0ab193786168f0545c0bc4c5bd') in 0.0104912 seconds [static and dynamic dependencies]. Details - ImportResultOutputID=05c09c8564aa0f83ee64e00d8be18f71 DependenciesID=bfb035436d7dd94124b52e4745a46bda StaticDependenciesID=d91183a1ef0b57a3536caea25cf215c2 
Number of updated asset objects reloaded before import = 0Number of asset objects unloaded after import = 2

========================================================================
Received Import Request.
  Time since last request: 0.000018 seconds.
  path: Assets/Prefabs/IconConsumable.prefab
  importAddress: Guid(0c5f0793b82536342bd64bc3e3fdee8a) Importer(2089858483,b0f066a214c2f5e87bad3c948f4d605d)
Start importing Assets/Prefabs/IconConsumable.prefab using Guid(0c5f0793b82536342bd64bc3e3fdee8a) Importer(2089858483,b0f066a214c2f5e87bad3c948f4d605d) (ScriptedImporter) -> (Import Result ID: '45f1743d672687d92cbbec47445e44b7') in 0.0133721 seconds [static and dynamic dependencies]. Details - ImportResultOutputID=8558761dffe0a234cf0606271752d8a1 DependenciesID=89d496dc1d049ddf456e6879cc90db13 StaticDependenciesID=eb0cec17af34b7d32708ea48c4cac199 
Number of updated asset objects reloaded before import = 0Number of asset objects unloaded after import = 18

========================================================================
Received Import Request.
  Time since last request: 0.000046 seconds.
  path: Assets/mokrane/mo9ran1.punkduck_medieval_boots.003.mat
  importAddress: Guid(213f3f3cf7985a04eb82558a5a96ce42) Importer(2089858483,b0f066a214c2f5e87bad3c948f4d605d)
Start importing Assets/mokrane/mo9ran1.punkduck_medieval_boots.003.mat using Guid(213f3f3cf7985a04eb82558a5a96ce42) Importer(2089858483,b0f066a214c2f5e87bad3c948f4d605d) (ScriptedImporter) -> (Import Result ID: '1a16eee5f79086431806486f531603b8') in 0.005005 seconds [static and dynamic dependencies]. Details - ImportResultOutputID=fa97a74f38d62feb2a1a8debd9f41c86 DependenciesID=e8b9952825b1f6aaeb1a5461b6436872 StaticDependenciesID=eda770a97bc155bda128553b520c17bb 
Number of updated asset objects reloaded before import = 0Number of asset objects unloaded after import = 1

========================================================================
Received Import Request.
  Time since last request: 0.000100 seconds.
  path: Assets/Scenes/Shop.unity
  importAddress: Guid(c81bf86fb95a26446ae42f499fcbc766) Importer(2089858483,b0f066a214c2f5e87bad3c948f4d605d)
Start importing Assets/Scenes/Shop.unity using Guid(c81bf86fb95a26446ae42f499fcbc766) Importer(2089858483,b0f066a214c2f5e87bad3c948f4d605d) (ScriptedImporter) -> (Import Result ID: 'bba89f1ff192ef069ccca73b8d8cdb12') in 0.0095579 seconds [static and dynamic dependencies]. Details - ImportResultOutputID=5350234261ed17df56808c2d3172ad18 DependenciesID=654f471a4cada7739d24d50f5aeca5ef StaticDependenciesID=f49db1efa4e8624ffcc4e4446f87dafe 
Number of updated asset objects reloaded before import = 0Number of asset objects unloaded after import = 1

========================================================================
Received Import Request.
  Time since last request: 0.000085 seconds.
  path: Assets/Models/Heart.fbx
  importAddress: Guid(3aafbb15e0961c040828e4c3d29a19db) Importer(2089858483,b0f066a214c2f5e87bad3c948f4d605d)
Start importing Assets/Models/Heart.fbx using Guid(3aafbb15e0961c040828e4c3d29a19db) Importer(2089858483,b0f066a214c2f5e87bad3c948f4d605d) (ScriptedImporter) -> (Import Result ID: '9c0b8a16a01757f38c385d1567a4fad1') in 0.0191448 seconds [static and dynamic dependencies]. Details - ImportResultOutputID=a6aad89d368953724d072689ba4632e3 DependenciesID=723f0b76b7836526f42d9b4634fcfd03 StaticDependenciesID=d42d6ab0228642b9aa351ec027207886 
Number of updated asset objects reloaded before import = 0Number of asset objects unloaded after import = 8

========================================================================
Received Import Request.
  Time since last request: 0.000023 seconds.
  path: Assets/Models/Racoon.fbx
  importAddress: Guid(4aed8c63f75928c40a2709007cecbee8) Importer(2089858483,b0f066a214c2f5e87bad3c948f4d605d)
Start importing Assets/Models/Racoon.fbx using Guid(4aed8c63f75928c40a2709007cecbee8) Importer(2089858483,b0f066a214c2f5e87bad3c948f4d605d) (ScriptedImporter) -> (Import Result ID: '046ce6599685a31c4506a2bd8b72e9df') in 0.0268244 seconds [static and dynamic dependencies]. Details - ImportResultOutputID=bc55c687e6182fec64c062521937a7d5 DependenciesID=2a6572e138f1270416989a0219470f62 StaticDependenciesID=7fa13462934f4c273b0f4c188e25bcda 
Number of updated asset objects reloaded before import = 0Number of asset objects unloaded after import = 21

========================================================================
Received Import Request.
  Time since last request: 0.000041 seconds.
  path: Assets/Materials/RatNight.mat
  importAddress: Guid(1bb73307ace8b344b87af530521230c1) Importer(2089858483,b0f066a214c2f5e87bad3c948f4d605d)
Start importing Assets/Materials/RatNight.mat using Guid(1bb73307ace8b344b87af530521230c1) Importer(2089858483,b0f066a214c2f5e87bad3c948f4d605d) (ScriptedImporter) -> (Import Result ID: '03586b48730f0f3dd8ad70c75804bbde') in 0.0094645 seconds [static and dynamic dependencies]. Details - ImportResultOutputID=3ea99efc9a77d7a732899627c8f45277 DependenciesID=21315cbbf3a31808ce8795445621c1fa StaticDependenciesID=f2ddd90ca9c970c84530318599ba805a 
Number of updated asset objects reloaded before import = 0Number of asset objects unloaded after import = 2

========================================================================
Received Import Request.
  Time since last request: 0.000091 seconds.
  path: Assets/Models/CatBase.fbx
  importAddress: Guid(81007139cb013d74dade2263bc62dfec) Importer(2089858483,b0f066a214c2f5e87bad3c948f4d605d)
Start importing Assets/Models/CatBase.fbx using Guid(81007139cb013d74dade2263bc62dfec) Importer(2089858483,b0f066a214c2f5e87bad3c948f4d605d) (ScriptedImporter) -> (Import Result ID: 'de7ec0c54dd5b16c45b1ad654bdad7f8') in 0.0267787 seconds [static and dynamic dependencies]. Details - ImportResultOutputID=b17afc4e6a87128a93931759c8826819 DependenciesID=9bb65b25d51e1d1ec308bbd5905f434c StaticDependenciesID=b42f9f394690e5ca85aeff242949dc62 
Number of updated asset objects reloaded before import = 0Number of asset objects unloaded after import = 160

========================================================================
Received Import Request.
  Time since last request: 0.000079 seconds.
  path: Assets/Models/Fishbone.fbx
  importAddress: Guid(c52e3c1f121dda74299d2b29c86fa3f6) Importer(2089858483,b0f066a214c2f5e87bad3c948f4d605d)
Start importing Assets/Models/Fishbone.fbx using Guid(c52e3c1f121dda74299d2b29c86fa3f6) Importer(2089858483,b0f066a214c2f5e87bad3c948f4d605d) (ScriptedImporter) -> (Import Result ID: '7da731c621458a937d8397830f0947be') in 0.0304083 seconds [static and dynamic dependencies]. Details - ImportResultOutputID=d6d6fd3c2349f8cb43e2592255b35df6 DependenciesID=3085b7ebdee1660d1ebeb391cc37cbf5 StaticDependenciesID=cfb2d0e088e4ff5fa577914b44e26497 
Number of updated asset objects reloaded before import = 0Number of asset objects unloaded after import = 8

========================================================================
Received Import Request.
  Time since last request: 0.000041 seconds.
  path: Assets/Scripts/Helpers.cs
  importAddress: Guid(5e12631dcd7902440b8627d1e5443da7) Importer(2089858483,b0f066a214c2f5e87bad3c948f4d605d)
Start importing Assets/Scripts/Helpers.cs using Guid(5e12631dcd7902440b8627d1e5443da7) Importer(2089858483,b0f066a214c2f5e87bad3c948f4d605d) (ScriptedImporter) -> (Import Result ID: '0aaf2e49d006f38b633e14b099f015bd') in 0.00479 seconds [static and dynamic dependencies]. Details - ImportResultOutputID=077c54a319dee9cb66a6bd1a01946ebc DependenciesID=eb176d19d8efcb6cbb5acf0ae58ca99c StaticDependenciesID=e22fb0cfa7416971b0b59588cf259e7c 
Number of updated asset objects reloaded before import = 0Number of asset objects unloaded after import = 0

========================================================================
Received Import Request.
  Time since last request: 0.000102 seconds.
  path: Assets/Models/Clover.fbx
  importAddress: Guid(fa919356c5fc48a47be5db94efcc4613) Importer(2089858483,b0f066a214c2f5e87bad3c948f4d605d)
Start importing Assets/Models/Clover.fbx using Guid(fa919356c5fc48a47be5db94efcc4613) Importer(2089858483,b0f066a214c2f5e87bad3c948f4d605d) (ScriptedImporter) -> (Import Result ID: 'dabaf296b5facca82c6d3b4b0063ff2e') in 0.0386149 seconds [static and dynamic dependencies]. Details - ImportResultOutputID=9dcc1dfcf446ff775b0f5ecb2606478c DependenciesID=31c0f127e8dde625ccafc9b8dd70762b StaticDependenciesID=40f5395ae10b77d0d569bf18a0267192 
Number of updated asset objects reloaded before import = 0Number of asset objects unloaded after import = 8

========================================================================
Received Import Request.
  Time since last request: 0.001009 seconds.
  path: Assets/Materials/Rat.mat
  importAddress: Guid(9f7f815499f6a9845acf83e247f57640) Importer(2089858483,b0f066a214c2f5e87bad3c948f4d605d)
Start importing Assets/Materials/Rat.mat using Guid(9f7f815499f6a9845acf83e247f57640) Importer(2089858483,b0f066a214c2f5e87bad3c948f4d605d) (ScriptedImporter) -> (Import Result ID: '3ae983fd84403f55a581bae8e647aa14') in 0.0104023 seconds [static and dynamic dependencies]. Details - ImportResultOutputID=e071fc0e944b22a55c3a8541981c17db DependenciesID=3cdf6893fad6cafd083eec2a918c70bc StaticDependenciesID=c9f5939905d77a9ecf44f8cd7af72af7 
Number of updated asset objects reloaded before import = 0Number of asset objects unloaded after import = 2

========================================================================
Received Import Request.
  Time since last request: 0.000070 seconds.
  path: Assets/Materials/StoneWall.mat
  importAddress: Guid(f47ac399c05506b4bbdc47854242e783) Importer(2089858483,b0f066a214c2f5e87bad3c948f4d605d)
Start importing Assets/Materials/StoneWall.mat using Guid(f47ac399c05506b4bbdc47854242e783) Importer(2089858483,b0f066a214c2f5e87bad3c948f4d605d) (ScriptedImporter) -> (Import Result ID: '3b73e505144f310308bc62bb9ffd433b') in 0.0196749 seconds [static and dynamic dependencies]. Details - ImportResultOutputID=00671952cd50689b0a376c66e86bb211 DependenciesID=94b8611a7c7faab9ea81c7736db0ecf9 StaticDependenciesID=5da77fb46b291fa550a63bfda7b2e2df 
Number of updated asset objects reloaded before import = 0Number of asset objects unloaded after import = 2

========================================================================
Received Import Request.
  Time since last request: 0.000028 seconds.
  path: Assets/Prefabs/MusicPlayer.prefab
  importAddress: Guid(fc9855a6b2a67364ebc0db28e7bbc98b) Importer(2089858483,b0f066a214c2f5e87bad3c948f4d605d)
Start importing Assets/Prefabs/MusicPlayer.prefab using Guid(fc9855a6b2a67364ebc0db28e7bbc98b) Importer(2089858483,b0f066a214c2f5e87bad3c948f4d605d) (ScriptedImporter) -> (Import Result ID: '23e6abfc42d1f804e98242b9e3777dc8') in 0.0234158 seconds [static and dynamic dependencies]. Details - ImportResultOutputID=ea9a60ef33334e52fd163276514fb4ce DependenciesID=d927e0272e8880ca3c9c7eb65e206e14 StaticDependenciesID=4209e3121c542ae134d3f71608a36362 
Number of updated asset objects reloaded before import = 0Number of asset objects unloaded after import = 23

========================================================================
Received Import Request.
  Time since last request: 0.000077 seconds.
  path: Assets/Materials/Car02.mat
  importAddress: Guid(ba32940091fa1bf4eb3605bc89fc4cd2) Importer(2089858483,b0f066a214c2f5e87bad3c948f4d605d)
Start importing Assets/Materials/Car02.mat using Guid(ba32940091fa1bf4eb3605bc89fc4cd2) Importer(2089858483,b0f066a214c2f5e87bad3c948f4d605d) (ScriptedImporter) -> (Import Result ID: 'ace84d386f2ac21ea3dfff01b174e357') in 0.009798 seconds [static and dynamic dependencies]. Details - ImportResultOutputID=a1559d3cd94388268b09aa4a0dfc0fbb DependenciesID=afe20a49cb9e5fccc6f3f3bdd913cdf5 StaticDependenciesID=1679031ac8e18f461126369d3a5a0c82 
Number of updated asset objects reloaded before import = 0Number of asset objects unloaded after import = 2

========================================================================
Received Import Request.
  Time since last request: 0.000029 seconds.
  path: Assets/Models/Sardines.fbx
  importAddress: Guid(39fde02d9875d4c4e9fa27b4d47c7c58) Importer(2089858483,b0f066a214c2f5e87bad3c948f4d605d)
Start importing Assets/Models/Sardines.fbx using Guid(39fde02d9875d4c4e9fa27b4d47c7c58) Importer(2089858483,b0f066a214c2f5e87bad3c948f4d605d) (ScriptedImporter) -> (Import Result ID: '2b2c7fc24a3f0550751d0e707032014d') in 0.0211735 seconds [static and dynamic dependencies]. Details - ImportResultOutputID=356a3085d940c06f2595575997ff711a DependenciesID=a2d3a6ca30c8c854e8b15a6c3fefb5c0 StaticDependenciesID=b09a481227a123ec0b121035638e8145 
Number of updated asset objects reloaded before import = 0Number of asset objects unloaded after import = 8

========================================================================
Received Import Request.
  Time since last request: 0.000069 seconds.
  path: Assets/Animation/ObstacleRoadWorksBarrierHigh_Death.fbx
  importAddress: Guid(bbccc718107e16e4d9e070aa75df5218) Importer(2089858483,b0f066a214c2f5e87bad3c948f4d605d)
Start importing Assets/Animation/ObstacleRoadWorksBarrierHigh_Death.fbx using Guid(bbccc718107e16e4d9e070aa75df5218) Importer(2089858483,b0f066a214c2f5e87bad3c948f4d605d) (ScriptedImporter) -> (Import Result ID: '227949a34e11517819e19a12ebd0018a') in 0.0236303 seconds [static and dynamic dependencies]. Details - ImportResultOutputID=e1f765f754babb7795d52b93e836fcba DependenciesID=67048c5fb0ec68ef870a9d7a4a8298dc StaticDependenciesID=ddb95b440336096c6bfc8dcb43535fe0 
Number of updated asset objects reloaded before import = 0Number of asset objects unloaded after import = 10

========================================================================
Received Import Request.
  Time since last request: 0.000031 seconds.
  path: Assets/Materials/ManHole.mat
  importAddress: Guid(85d81c232c824d442b725b70e65aeee5) Importer(2089858483,b0f066a214c2f5e87bad3c948f4d605d)
Start importing Assets/Materials/ManHole.mat using Guid(85d81c232c824d442b725b70e65aeee5) Importer(2089858483,b0f066a214c2f5e87bad3c948f4d605d) (ScriptedImporter) -> (Import Result ID: '0e367e10b097679315678d57a975fade') in 0.0095493 seconds [static and dynamic dependencies]. Details - ImportResultOutputID=db9942b60a1e06d85b1582d92dde154c DependenciesID=9a48fecb6a292efadb181069aba0c03e StaticDependenciesID=25d52e2f87209e26fb6d804ac4f636ff 
Number of updated asset objects reloaded before import = 0Number of asset objects unloaded after import = 2

========================================================================
Received Import Request.
  Time since last request: 0.000049 seconds.
  path: Assets/PickupItem.cs
  importAddress: Guid(4618970758263d046971ff1e25ac289f) Importer(2089858483,b0f066a214c2f5e87bad3c948f4d605d)
Start importing Assets/PickupItem.cs using Guid(4618970758263d046971ff1e25ac289f) Importer(2089858483,b0f066a214c2f5e87bad3c948f4d605d) (ScriptedImporter) -> (Import Result ID: 'd9880806549d612bf879750235803e2e') in 0.0052029 seconds [static and dynamic dependencies]. Details - ImportResultOutputID=114d55d7692e4a69e74294ad2cd07e4d DependenciesID=da9dee4f16beb95e1962c5b8e40fa893 StaticDependenciesID=8d75ca7f0b02ea204ecbeec1bd9daaa3 
Number of updated asset objects reloaded before import = 0Number of asset objects unloaded after import = 0

========================================================================
Received Import Request.
  Time since last request: 0.000047 seconds.
  path: Assets/Materials/StarGlow.mat
  importAddress: Guid(938da958197a0fe46a73e6d4df71703e) Importer(2089858483,b0f066a214c2f5e87bad3c948f4d605d)
Start importing Assets/Materials/StarGlow.mat using Guid(938da958197a0fe46a73e6d4df71703e) Importer(2089858483,b0f066a214c2f5e87bad3c948f4d605d) (ScriptedImporter) -> (Import Result ID: '21cb0ac756d9b2197198ee4581e4b911') in 0.0086918 seconds [static and dynamic dependencies]. Details - ImportResultOutputID=0624e57e246110728743dbffb6e2f4d9 DependenciesID=f566422e93ef17dff9c59ea07638428a StaticDependenciesID=100daceaa08067bb0aa1c925fb50e759 
Number of updated asset objects reloaded before import = 0Number of asset objects unloaded after import = 1

========================================================================
Received Import Request.
  Time since last request: 0.000078 seconds.
  path: Assets/Animation/ObstacleWorkCone_Death.fbx
  importAddress: Guid(58219e8eced12ce4c9723796d507d515) Importer(2089858483,b0f066a214c2f5e87bad3c948f4d605d)
Start importing Assets/Animation/ObstacleWorkCone_Death.fbx using Guid(58219e8eced12ce4c9723796d507d515) Importer(2089858483,b0f066a214c2f5e87bad3c948f4d605d) (ScriptedImporter) -> (Import Result ID: '7d4b0eb09b2733f2c1d1be2a94c271cd') in 0.0196777 seconds [static and dynamic dependencies]. Details - ImportResultOutputID=1c7ebf0d41a95d7762d2610a4f1de758 DependenciesID=803b3f805b62432621a4f5ed1ead699c StaticDependenciesID=5f7e3a0c983f90e70b049c25960bbc76 
Number of updated asset objects reloaded before import = 0Number of asset objects unloaded after import = 10

========================================================================
Received Import Request.
  Time since last request: 0.000026 seconds.
  path: Assets/Materials/WashingLineClothes.mat
  importAddress: Guid(513ad1869b4ea054fa6f8045db0b4ff8) Importer(2089858483,b0f066a214c2f5e87bad3c948f4d605d)
Start importing Assets/Materials/WashingLineClothes.mat using Guid(513ad1869b4ea054fa6f8045db0b4ff8) Importer(2089858483,b0f066a214c2f5e87bad3c948f4d605d) (ScriptedImporter) -> (Import Result ID: '316f7ea06a3ef041f85a55a4531952f3') in 0.0099897 seconds [static and dynamic dependencies]. Details - ImportResultOutputID=f00e2000283fc5ddabc7815752803885 DependenciesID=e3c5a0df8d135dbc8a7f97f34523ddbd StaticDependenciesID=bced7428d48acf0bf0ebcd7a5d91711c 
Number of updated asset objects reloaded before import = 0Number of asset objects unloaded after import = 2

========================================================================
Received Import Request.
  Time since last request: 0.000032 seconds.
  path: Assets/Animation/Cat_Jump.fbx
  importAddress: Guid(0acece627e204ac4ba299db2aa08e1d7) Importer(2089858483,b0f066a214c2f5e87bad3c948f4d605d)
Start importing Assets/Animation/Cat_Jump.fbx using Guid(0acece627e204ac4ba299db2aa08e1d7) Importer(2089858483,b0f066a214c2f5e87bad3c948f4d605d) (ScriptedImporter) -> (Import Result ID: '95546863eaee1827df3fe26ea417cccc') in 0.0190391 seconds [static and dynamic dependencies]. Details - ImportResultOutputID=20d4f2b9a7b8b130e126e287d25c8b8a DependenciesID=2e84beded7c7e6a834cf2104950b00cc StaticDependenciesID=d2e9eb048c855e70068bfd2f1992e68b 
Number of updated asset objects reloaded before import = 0Number of asset objects unloaded after import = 95

========================================================================
Received Import Request.
  Time since last request: 0.000029 seconds.
  path: Assets/Models/RaccoonBase.fbx
  importAddress: Guid(9f32403f373f28545bb033b44925e201) Importer(2089858483,b0f066a214c2f5e87bad3c948f4d605d)
Start importing Assets/Models/RaccoonBase.fbx using Guid(9f32403f373f28545bb033b44925e201) Importer(2089858483,b0f066a214c2f5e87bad3c948f4d605d) (ScriptedImporter) -> (Import Result ID: '23c9526cd445b82d5bb49eee75846cd7') in 0.0211091 seconds [static and dynamic dependencies]. Details - ImportResultOutputID=da6af629f3c78a768e99c46ab7de1ceb DependenciesID=ecee1528168f685a8b651ab0c690cfbb StaticDependenciesID=7a363d7422214e754774accc0a7f1a1f 
Number of updated asset objects reloaded before import = 0Number of asset objects unloaded after import = 143

========================================================================
Received Import Request.
  Time since last request: 0.000069 seconds.
  path: Assets/Animation/Cat_Idle4.fbx
  importAddress: Guid(9e4143f04ab45b349862678ebf01c95a) Importer(2089858483,b0f066a214c2f5e87bad3c948f4d605d)
Start importing Assets/Animation/Cat_Idle4.fbx using Guid(9e4143f04ab45b349862678ebf01c95a) Importer(2089858483,b0f066a214c2f5e87bad3c948f4d605d) (ScriptedImporter) -> (Import Result ID: '0f4e071102892e73c0215d2c8b71d540') in 0.022551 seconds [static and dynamic dependencies]. Details - ImportResultOutputID=0670b85d8cebd5163550bbfc6f7ee03b DependenciesID=25660d2b3b1e2dba0dfe112fc4779ff9 StaticDependenciesID=b927f5860f6576f8c9b3e6a667a7a878 
Number of updated asset objects reloaded before import = 0Number of asset objects unloaded after import = 99

========================================================================
Received Import Request.
  Time since last request: 0.000024 seconds.
  path: Assets/Scenes/DialogueLayout.cs
  importAddress: Guid(03f5586cb1c53d9489d69503c66db718) Importer(2089858483,b0f066a214c2f5e87bad3c948f4d605d)
Start importing Assets/Scenes/DialogueLayout.cs using Guid(03f5586cb1c53d9489d69503c66db718) Importer(2089858483,b0f066a214c2f5e87bad3c948f4d605d) (ScriptedImporter) -> (Import Result ID: 'ff118518395025f568322de849a8c2bf') in 0.0057993 seconds [static and dynamic dependencies]. Details - ImportResultOutputID=361585b02156f53311f45d370b247b23 DependenciesID=55803727c9b12e3e929af562d923c429 StaticDependenciesID=40a0a0df064e1422d7599b3961b5d719 
Number of updated asset objects reloaded before import = 0Number of asset objects unloaded after import = 0

========================================================================
Received Import Request.
  Time since last request: 0.000139 seconds.
  path: Assets/Materials/PuffParticle.mat
  importAddress: Guid(9da975568b72c3e48b3fde33690d59be) Importer(2089858483,b0f066a214c2f5e87bad3c948f4d605d)
Start importing Assets/Materials/PuffParticle.mat using Guid(9da975568b72c3e48b3fde33690d59be) Importer(2089858483,b0f066a214c2f5e87bad3c948f4d605d) (ScriptedImporter) -> (Import Result ID: 'add929466ed5dfa5a9349600aab8f956') in 0.0098527 seconds [static and dynamic dependencies]. Details - ImportResultOutputID=c4e8a23edd9ac0f644fd910b5ce5797a DependenciesID=8f7f96fe90be22dc595724a0536fabf2 StaticDependenciesID=d9a3985c87f4c775ae3b7be7fb34d1a7 
Number of updated asset objects reloaded before import = 0Number of asset objects unloaded after import = 2

========================================================================
Received Import Request.
  Time since last request: 0.000027 seconds.
  path: Assets/Materials/Shield.mat
  importAddress: Guid(5b60a839d5016e94184e8ca7757cbe87) Importer(2089858483,b0f066a214c2f5e87bad3c948f4d605d)
Start importing Assets/Materials/Shield.mat using Guid(5b60a839d5016e94184e8ca7757cbe87) Importer(2089858483,b0f066a214c2f5e87bad3c948f4d605d) (ScriptedImporter) -> (Import Result ID: '20c200dcaefb68420ca142b6b240ca5a') in 0.0083742 seconds [static and dynamic dependencies]. Details - ImportResultOutputID=60434605221386a9e1c8ae264fc2d6ef DependenciesID=795df71735618c8afa6f31772cebee48 StaticDependenciesID=e2be15d97c8c3bf885c3db0433dc4fe6 
Number of updated asset objects reloaded before import = 0Number of asset objects unloaded after import = 1

========================================================================
Received Import Request.
  Time since last request: 0.000026 seconds.
  path: Assets/Animation/Cat_Start.fbx
  importAddress: Guid(4e3997f7ca676d84eaa37ed695899be6) Importer(2089858483,b0f066a214c2f5e87bad3c948f4d605d)
Start importing Assets/Animation/Cat_Start.fbx using Guid(4e3997f7ca676d84eaa37ed695899be6) Importer(2089858483,b0f066a214c2f5e87bad3c948f4d605d) (ScriptedImporter) -> (Import Result ID: '985ee7c7873df99767696c5b51eb8acc') in 0.0207707 seconds [static and dynamic dependencies]. Details - ImportResultOutputID=94578aa2aeafed3790a8d3ab31ce7461 DependenciesID=3683d04ec1e219a5d0f08051b99c1690 StaticDependenciesID=d459a5bceae41cf5bfbd7701ce325c9d 
Number of updated asset objects reloaded before import = 0Number of asset objects unloaded after import = 99

========================================================================
Received Import Request.
  Time since last request: 0.000026 seconds.
  path: Assets/Animation/Dog_Death.fbx
  importAddress: Guid(5bedcafb25855d84394b9b7eb5869bc4) Importer(2089858483,b0f066a214c2f5e87bad3c948f4d605d)
Start importing Assets/Animation/Dog_Death.fbx using Guid(5bedcafb25855d84394b9b7eb5869bc4) Importer(2089858483,b0f066a214c2f5e87bad3c948f4d605d) (ScriptedImporter) -> (Import Result ID: '608da796fc1072a7ce1abbd0d6d5637d') in 0.0199234 seconds [static and dynamic dependencies]. Details - ImportResultOutputID=ea8d9d51330fc1522daf60d319d8b5fc DependenciesID=ab40d974cfa0186d196a40b3fa6e4d1a StaticDependenciesID=6647ace5a30aca76dedd8881ca440dff 
Number of updated asset objects reloaded before import = 0Number of asset objects unloaded after import = 87

========================================================================
Received Import Request.
  Time since last request: 0.000051 seconds.
  path: Assets/Animation/Multiply.anim
  importAddress: Guid(968ee66cd79b45a4090925b4d964b490) Importer(2089858483,b0f066a214c2f5e87bad3c948f4d605d)
Start importing Assets/Animation/Multiply.anim using Guid(968ee66cd79b45a4090925b4d964b490) Importer(2089858483,b0f066a214c2f5e87bad3c948f4d605d) (ScriptedImporter) -> (Import Result ID: '066bc4e78fb12e9c9f73f25f445ef85b') in 0.0074544 seconds [static and dynamic dependencies]. Details - ImportResultOutputID=f81946d3256c7d93b536095620f74284 DependenciesID=7e375b588b3bcab42739773be584203e StaticDependenciesID=25055a1023f63b61013f3f7ad4c9d3e1 
Number of updated asset objects reloaded before import = 0Number of asset objects unloaded after import = 1

========================================================================
Received Import Request.
  Time since last request: 0.000079 seconds.
  path: Assets/Materials/StarParticle.mat
  importAddress: Guid(46caf18aa6a7c1b4f99ae7dea44f7d57) Importer(2089858483,b0f066a214c2f5e87bad3c948f4d605d)
Start importing Assets/Materials/StarParticle.mat using Guid(46caf18aa6a7c1b4f99ae7dea44f7d57) Importer(2089858483,b0f066a214c2f5e87bad3c948f4d605d) (ScriptedImporter) -> (Import Result ID: '47a276d87433b5ce26087bc799c7876a') in 0.0122813 seconds [static and dynamic dependencies]. Details - ImportResultOutputID=821193d6ef149dcd34453401b675bfe8 DependenciesID=6f04cc58ee0b277bbc4b239de3bbea2d StaticDependenciesID=3b489db65a0419143ac0bfd5a60b2c63 
Number of updated asset objects reloaded before import = 0Number of asset objects unloaded after import = 2

========================================================================
Received Import Request.
  Time since last request: 0.000027 seconds.
  path: Assets/Materials/Pipe.mat
  importAddress: Guid(6f4ed16685a4be14fab2d5de621fb6ab) Importer(2089858483,b0f066a214c2f5e87bad3c948f4d605d)
Start importing Assets/Materials/Pipe.mat using Guid(6f4ed16685a4be14fab2d5de621fb6ab) Importer(2089858483,b0f066a214c2f5e87bad3c948f4d605d) (ScriptedImporter) -> (Import Result ID: '812a3d4a485fb0d455dc726a47e392e4') in 0.0055639 seconds [static and dynamic dependencies]. Details - ImportResultOutputID=cf40111bc6ea491d77cde5eeb812fac2 DependenciesID=a040860c0ec2a24a99299ccb9e012f18 StaticDependenciesID=1c0637c030d2f1cdf922a8098b3003dc 
Number of updated asset objects reloaded before import = 0Number of asset objects unloaded after import = 2

========================================================================
Received Import Request.
  Time since last request: 0.000150 seconds.
  path: Assets/Materials/Dumpster.mat
  importAddress: Guid(0c4cead7e53929f448c0443a1c2b53a9) Importer(2089858483,b0f066a214c2f5e87bad3c948f4d605d)
Start importing Assets/Materials/Dumpster.mat using Guid(0c4cead7e53929f448c0443a1c2b53a9) Importer(2089858483,b0f066a214c2f5e87bad3c948f4d605d) (ScriptedImporter) -> (Import Result ID: '2b91c37a9b463b3710714253bea7b6cf') in 0.0104809 seconds [static and dynamic dependencies]. Details - ImportResultOutputID=5ffb587d73412f6ecb79635b01e66749 DependenciesID=b12606f16a90c5f1cc0ab61a86f9ccc1 StaticDependenciesID=7c7f53581fb546b8a23d128790fcb158 
Number of updated asset objects reloaded before import = 0Number of asset objects unloaded after import = 2

========================================================================
Received Import Request.
  Time since last request: 0.252411 seconds.
  path: Assets/Scripts/PlayerData.cs
  importAddress: Guid(d7e606f5827b7e344b8c317f6ced3910) Importer(2089858483,b0f066a214c2f5e87bad3c948f4d605d)
Start importing Assets/Scripts/PlayerData.cs using Guid(d7e606f5827b7e344b8c317f6ced3910) Importer(2089858483,b0f066a214c2f5e87bad3c948f4d605d) (ScriptedImporter) -> (Import Result ID: '4babef55f4d903db03ad43a5645f84e1') in 0.0060046 seconds [static and dynamic dependencies]. Details - ImportResultOutputID=e772384e4a0c2d7e5378478ec9f984fd DependenciesID=a10dd82e67a999ba1abf353268b96284 StaticDependenciesID=cf1fe44b7a2b1b27a9a109e29913e94e 
Number of updated asset objects reloaded before import = 0Number of asset objects unloaded after import = 0

========================================================================
Received Import Request.
  Time since last request: 0.000015 seconds.
  path: Assets/Sprites/a1 - Copy (3).png
  importAddress: Guid(5cf2d8e25d0cddf43820fb4d407c7e71) Importer(2089858483,b0f066a214c2f5e87bad3c948f4d605d)
Start importing Assets/Sprites/a1 - Copy (3).png using Guid(5cf2d8e25d0cddf43820fb4d407c7e71) Importer(2089858483,b0f066a214c2f5e87bad3c948f4d605d) (ScriptedImporter) -> (Import Result ID: '85eefa96effe57a647294d731400a467') in 0.0781513 seconds [static and dynamic dependencies]. Details - ImportResultOutputID=ad20dae5018eabf78de0089202bb9fe0 DependenciesID=d567f842daec864183ca4860ec2f499c StaticDependenciesID=44ba6cf53df8fa76d70fd04c754282c9 
Number of updated asset objects reloaded before import = 0Number of asset objects unloaded after import = 3

========================================================================
Received Import Request.
  Time since last request: 0.000025 seconds.
  path: Assets/URPDefaultResources/Beautiful.asset
  importAddress: Guid(93f862261458f164782059071e77bfa3) Importer(2089858483,b0f066a214c2f5e87bad3c948f4d605d)
Start importing Assets/URPDefaultResources/Beautiful.asset using Guid(93f862261458f164782059071e77bfa3) Importer(2089858483,b0f066a214c2f5e87bad3c948f4d605d) (ScriptedImporter) -> (Import Result ID: 'e2da6639d6fbdb3776fd788ea59b1592') in 0.0067475 seconds [static and dynamic dependencies]. Details - ImportResultOutputID=b762b732d85f0b9f6f43f0c8be6bb7d7 DependenciesID=4f1a8e61c5046efbea2450b95375b98e StaticDependenciesID=ecdba2a3055b74857c25e7dfd178f5e6 
Number of updated asset objects reloaded before import = 0Number of asset objects unloaded after import = 1

========================================================================
Received Import Request.
  Time since last request: 0.000187 seconds.
  path: Assets/Shaders/CurvedUnlitCloud.shader
  importAddress: Guid(61242e7b68c333746862afde9cdaf181) Importer(2089858483,b0f066a214c2f5e87bad3c948f4d605d)
Start importing Assets/Shaders/CurvedUnlitCloud.shader using Guid(61242e7b68c333746862afde9cdaf181) Importer(2089858483,b0f066a214c2f5e87bad3c948f4d605d) (ScriptedImporter) -> (Import Result ID: 'e09e7de86726d12c0782d24999d1420e') in 0.0105619 seconds [static and dynamic dependencies]. Details - ImportResultOutputID=313ca0d945ad666cf8e6ab267667fbec DependenciesID=0dd6904e5b6c603ad0c0bed66a6cf66c StaticDependenciesID=9a5f762518a2f62ccce16e8984d9ac17 
Number of updated asset objects reloaded before import = 0Number of asset objects unloaded after import = 1

========================================================================
Received Import Request.
  Time since last request: 0.000138 seconds.
  path: Assets/Sprites/a1 - Copy (7).png
  importAddress: Guid(6675b9a17f78dcb4ca206e40ee461866) Importer(2089858483,b0f066a214c2f5e87bad3c948f4d605d)
Start importing Assets/Sprites/a1 - Copy (7).png using Guid(6675b9a17f78dcb4ca206e40ee461866) Importer(2089858483,b0f066a214c2f5e87bad3c948f4d605d) (ScriptedImporter) -> (Import Result ID: '2614f91b268dded0245d8943311df71c') in 0.016789 seconds [static and dynamic dependencies]. Details - ImportResultOutputID=2338c1a5c322cc88819020097269782a DependenciesID=a84c3e4de94abf379b9544814fd55ed8 StaticDependenciesID=74d1f945d93508486f03215228b14f04 
Number of updated asset objects reloaded before import = 0Number of asset objects unloaded after import = 3

========================================================================
Received Import Request.
  Time since last request: 0.000059 seconds.
  path: Assets/Textures/RacoonAlbedo.tif
  importAddress: Guid(2b9bb72d71c46cc42b3e8acb15fe2517) Importer(2089858483,b0f066a214c2f5e87bad3c948f4d605d)
Start importing Assets/Textures/RacoonAlbedo.tif using Guid(2b9bb72d71c46cc42b3e8acb15fe2517) Importer(2089858483,b0f066a214c2f5e87bad3c948f4d605d) (ScriptedImporter) -> (Import Result ID: 'b8fe99de82bcfb8dc7f70afb9de6728e') in 0.0150125 seconds [static and dynamic dependencies]. Details - ImportResultOutputID=b534eea70a735ad90a4553e9c8721be8 DependenciesID=74b9d87be519ff95d7f0ec866142d8bd StaticDependenciesID=8ee9aff8e720fe12e750a0c6cdfae208 
Number of updated asset objects reloaded before import = 0Number of asset objects unloaded after import = 1

========================================================================
Received Import Request.
  Time since last request: 0.000031 seconds.
  path: Assets/Sprites/f4.png
  importAddress: Guid(05bfe8e9e7c832f4e84d95bd64c192e6) Importer(2089858483,b0f066a214c2f5e87bad3c948f4d605d)
Start importing Assets/Sprites/f4.png using Guid(05bfe8e9e7c832f4e84d95bd64c192e6) Importer(2089858483,b0f066a214c2f5e87bad3c948f4d605d) (ScriptedImporter) -> (Import Result ID: '7812f79337e27ad24de60407774a3518') in 0.0228098 seconds [static and dynamic dependencies]. Details - ImportResultOutputID=7e5efca1e41b00423ab1c996c09f3912 DependenciesID=2e493a23c1794c0f99f0edd2cdd664d1 StaticDependenciesID=053fab68538daa3bff36184ffdb8e1c2 
Number of updated asset objects reloaded before import = 0Number of asset objects unloaded after import = 3

========================================================================
Received Import Request.
  Time since last request: 0.000027 seconds.
  path: Assets/Textures/DumpsterAlbedo.tif
  importAddress: Guid(a4d34a3bbaf4fee48a79af8df924ce78) Importer(2089858483,b0f066a214c2f5e87bad3c948f4d605d)
Start importing Assets/Textures/DumpsterAlbedo.tif using Guid(a4d34a3bbaf4fee48a79af8df924ce78) Importer(2089858483,b0f066a214c2f5e87bad3c948f4d605d) (ScriptedImporter) -> (Import Result ID: 'ca821b7bbbce23d28f53d33be6cdfedc') in 0.0146053 seconds [static and dynamic dependencies]. Details - ImportResultOutputID=f2cc0df969e0b27d13249cd186205731 DependenciesID=067b75543ccc13147c761dd4df79093b StaticDependenciesID=3e20740ca671b78ed53fb1fa8cb64c5f 
Number of updated asset objects reloaded before import = 0Number of asset objects unloaded after import = 1

========================================================================
Received Import Request.
  Time since last request: 0.000037 seconds.
  path: Assets/Textures/MagnetAlbedo.tif
  importAddress: Guid(903864306f822dc41a985983a1a6c935) Importer(2089858483,b0f066a214c2f5e87bad3c948f4d605d)
Start importing Assets/Textures/MagnetAlbedo.tif using Guid(903864306f822dc41a985983a1a6c935) Importer(2089858483,b0f066a214c2f5e87bad3c948f4d605d) (ScriptedImporter) -> (Import Result ID: 'e8bceb328967d3b6453a20e6472fc18f') in 0.0143249 seconds [static and dynamic dependencies]. Details - ImportResultOutputID=4d5042ddb3c760128986fc47da75db0b DependenciesID=418eace0ccd4031524a17491b67fd837 StaticDependenciesID=27d091a6c64b9ec5c6352b723ec7fc48 
Number of updated asset objects reloaded before import = 0Number of asset objects unloaded after import = 1

========================================================================
Received Import Request.
  Time since last request: 0.000026 seconds.
  path: Assets/Textures/LightGlowSquareAlbedo.tif
  importAddress: Guid(87ddb59e82d8e444aa3a2026f5c87959) Importer(2089858483,b0f066a214c2f5e87bad3c948f4d605d)
Start importing Assets/Textures/LightGlowSquareAlbedo.tif using Guid(87ddb59e82d8e444aa3a2026f5c87959) Importer(2089858483,b0f066a214c2f5e87bad3c948f4d605d) (ScriptedImporter) -> (Import Result ID: '52914f6db3edb12f5524f6cce7e9cfd0') in 0.0155699 seconds [static and dynamic dependencies]. Details - ImportResultOutputID=ea81e59857fc8a2251260e2f9c8dc58b DependenciesID=5c141603529a695b606df7574e452903 StaticDependenciesID=8d3fe3b8010e8d2370e67bf1b4096cb3 
Number of updated asset objects reloaded before import = 0Number of asset objects unloaded after import = 1

========================================================================
Received Import Request.
  Time since last request: 0.000073 seconds.
  path: Assets/UI/Logo.png
  importAddress: Guid(3400b92beb9f77c4e919dbdb39e9ec8c) Importer(2089858483,b0f066a214c2f5e87bad3c948f4d605d)
Start importing Assets/UI/Logo.png using Guid(3400b92beb9f77c4e919dbdb39e9ec8c) Importer(2089858483,b0f066a214c2f5e87bad3c948f4d605d) (ScriptedImporter) -> (Import Result ID: 'b62095e59756336d979a2bad438300cd') in 0.0163022 seconds [static and dynamic dependencies]. Details - ImportResultOutputID=0a8de46322726fd265c806eeb3b63903 DependenciesID=7f7dcb05dcc1c840f95d3313b198d860 StaticDependenciesID=a2222de8fee553b3ea9cfd952a96386f 
Number of updated asset objects reloaded before import = 0Number of asset objects unloaded after import = 3

========================================================================
Received Import Request.
  Time since last request: 0.000030 seconds.
  path: Assets/UI/Unity.png
  importAddress: Guid(b00f2daa228ec6c408a10403e8c2552b) Importer(2089858483,b0f066a214c2f5e87bad3c948f4d605d)
Start importing Assets/UI/Unity.png using Guid(b00f2daa228ec6c408a10403e8c2552b) Importer(2089858483,b0f066a214c2f5e87bad3c948f4d605d) (ScriptedImporter) -> (Import Result ID: 'e1eaf77974f16b7a1a82a15939b49821') in 0.0286674 seconds [static and dynamic dependencies]. Details - ImportResultOutputID=d50a2baa2b0fb71e91a6eb8ea27f7dfb DependenciesID=2d2f5704c36ba3aedfbabcd42070e904 StaticDependenciesID=04df17ac15c1150d1e112e400da4b879 
Number of updated asset objects reloaded before import = 0Number of asset objects unloaded after import = 3

========================================================================
Received Import Request.
  Time since last request: 0.000429 seconds.
  path: Assets/Textures/SardinesGoldAlbedo.tif
  importAddress: Guid(9b247b10b9eefbf4fa756d7b29511bce) Importer(2089858483,b0f066a214c2f5e87bad3c948f4d605d)
Start importing Assets/Textures/SardinesGoldAlbedo.tif using Guid(9b247b10b9eefbf4fa756d7b29511bce) Importer(2089858483,b0f066a214c2f5e87bad3c948f4d605d) (ScriptedImporter) -> (Import Result ID: '15df177a46698706121c8c90a4e8f24a') in 0.0251576 seconds [static and dynamic dependencies]. Details - ImportResultOutputID=f60e4219ac9c8cac1086c6bbe68b3ec4 DependenciesID=9e7639d2cb5857a70607f9d7b50651b9 StaticDependenciesID=85bfbc6814187285ee69abec7db5ded1 
Number of updated asset objects reloaded before import = 0Number of asset objects unloaded after import = 1

========================================================================
Received Import Request.
  Time since last request: 0.000076 seconds.
  path: Assets/Textures/CorrugatedMetalAlbedo.tif
  importAddress: Guid(6a31c5f9148e2ff4ea200e2ec3b4b1dc) Importer(2089858483,b0f066a214c2f5e87bad3c948f4d605d)
Start importing Assets/Textures/CorrugatedMetalAlbedo.tif using Guid(6a31c5f9148e2ff4ea200e2ec3b4b1dc) Importer(2089858483,b0f066a214c2f5e87bad3c948f4d605d) (ScriptedImporter) -> (Import Result ID: '3908c05be69a6825100e26d306a22ebc') in 0.0194878 seconds [static and dynamic dependencies]. Details - ImportResultOutputID=12b3bdba891856dca9228463000b4d2a DependenciesID=92baa7eb6cf216a70d25b94e88a80108 StaticDependenciesID=32eb88c4fd8f74368c26f2030431f495 
Number of updated asset objects reloaded before import = 0Number of asset objects unloaded after import = 1

========================================================================
Received Import Request.
  Time since last request: 0.000036 seconds.
  path: Assets/Sprites/a1 - Copy.png
  importAddress: Guid(8bbbecbbd50a13a4e9ffc0fa8b194871) Importer(2089858483,b0f066a214c2f5e87bad3c948f4d605d)
Start importing Assets/Sprites/a1 - Copy.png using Guid(8bbbecbbd50a13a4e9ffc0fa8b194871) Importer(2089858483,b0f066a214c2f5e87bad3c948f4d605d) (ScriptedImporter) -> (Import Result ID: '39c48d0589f2af9534753ba0f737bc30') in 0.0178384 seconds [static and dynamic dependencies]. Details - ImportResultOutputID=591185921a368343ff66b78db15f5264 DependenciesID=9179b348d51dfdb44af7f4fc02f35e59 StaticDependenciesID=17741059835a2302c5144810a6567f10 
Number of updated asset objects reloaded before import = 0Number of asset objects unloaded after import = 3

========================================================================
Received Import Request.
  Time since last request: 0.000065 seconds.
  path: Assets/Settings/DefaultVolumeProfile.asset
  importAddress: Guid(965cd39db1375a545a2b76b34e3fc278) Importer(2089858483,b0f066a214c2f5e87bad3c948f4d605d)
Start importing Assets/Settings/DefaultVolumeProfile.asset using Guid(965cd39db1375a545a2b76b34e3fc278) Importer(2089858483,b0f066a214c2f5e87bad3c948f4d605d) (ScriptedImporter) -> (Import Result ID: '76cf2f36f8a676e111ca91b9fdaa03df') in 0.0113965 seconds [static and dynamic dependencies]. Details - ImportResultOutputID=31f8b62bb754ee79d0514b39f6ae2f0b DependenciesID=c5fa811ffd969496cba5b3345b8df987 StaticDependenciesID=ad3ceeada93c02a6a90f788416d6a70b 
Number of updated asset objects reloaded before import = 0Number of asset objects unloaded after import = 1

========================================================================
Received Import Request.
  Time since last request: 0.000028 seconds.
  path: Assets/Textures/PartyHatBowtieAlbedo.tif
  importAddress: Guid(cc2583299b79c944aace43dddff619e4) Importer(2089858483,b0f066a214c2f5e87bad3c948f4d605d)
Start importing Assets/Textures/PartyHatBowtieAlbedo.tif using Guid(cc2583299b79c944aace43dddff619e4) Importer(2089858483,b0f066a214c2f5e87bad3c948f4d605d) (ScriptedImporter) -> (Import Result ID: '2749c3af4683fd5eddeef33be57cdb07') in 0.0174422 seconds [static and dynamic dependencies]. Details - ImportResultOutputID=e4ff22edb07f76ec517c9526ce35be55 DependenciesID=7c69432b49cc8ff4148cb95f5cc2f996 StaticDependenciesID=9838afbca1d8af93ea2ae56e7a2f82c9 
Number of updated asset objects reloaded before import = 0Number of asset objects unloaded after import = 1

========================================================================
Received Import Request.
  Time since last request: 0.000033 seconds.
  path: Assets/Textures/Sparkle.png
  importAddress: Guid(910fb746fee11e6459726c1fc099d2de) Importer(2089858483,b0f066a214c2f5e87bad3c948f4d605d)
Start importing Assets/Textures/Sparkle.png using Guid(910fb746fee11e6459726c1fc099d2de) Importer(2089858483,b0f066a214c2f5e87bad3c948f4d605d) (ScriptedImporter) -> (Import Result ID: 'bff4cbee50e76e2c053fb31bc2e4849d') in 0.0177298 seconds [static and dynamic dependencies]. Details - ImportResultOutputID=f2e5f6e939da6dde4e77bf921a5c353a DependenciesID=43272d63dc37677b73d36040243887d2 StaticDependenciesID=abf6e7cf3c6a5ab148dcdb5c0587df87 
Number of updated asset objects reloaded before import = 0Number of asset objects unloaded after import = 1

========================================================================
Received Import Request.
  Time since last request: 0.000029 seconds.
  path: Assets/StarterAssets/StarterAssets_Documentation_v1.1.pdf
  importAddress: Guid(b5f957873a5b82042967195ffffc9063) Importer(2089858483,b0f066a214c2f5e87bad3c948f4d605d)
Start importing Assets/StarterAssets/StarterAssets_Documentation_v1.1.pdf using Guid(b5f957873a5b82042967195ffffc9063) Importer(2089858483,b0f066a214c2f5e87bad3c948f4d605d) (ScriptedImporter) -> (Import Result ID: '8bf7b96b51c55f712c02fbbb0e60311c') in 0.0057422 seconds [static and dynamic dependencies]. Details - ImportResultOutputID=feaf2f4184b7ec09d41cd819df7dee5d DependenciesID=449c4a775a0628bbd52e7f1118841ed2 StaticDependenciesID=950f774d5332490d6a8f664f10612329 
Number of updated asset objects reloaded before import = 0Number of asset objects unloaded after import = 1

========================================================================
Received Import Request.
  Time since last request: 0.000173 seconds.
  path: Assets/Sprites/v.png
  importAddress: Guid(7bead295a1d1dfc4697a6ba797f95ba1) Importer(2089858483,b0f066a214c2f5e87bad3c948f4d605d)
Start importing Assets/Sprites/v.png using Guid(7bead295a1d1dfc4697a6ba797f95ba1) Importer(2089858483,b0f066a214c2f5e87bad3c948f4d605d) (ScriptedImporter) -> (Import Result ID: '7655916afbd527cf8d1e3518f59d7d5c') in 0.0173739 seconds [static and dynamic dependencies]. Details - ImportResultOutputID=2948392f0e27b4fc5872dd0e4a7ba495 DependenciesID=3b1accd3bb6823ff24e54c5b28ee843c StaticDependenciesID=26121bf7646219e305b6b64e650bf6f4 
Number of updated asset objects reloaded before import = 0Number of asset objects unloaded after import = 3

========================================================================
Received Import Request.
  Time since last request: 0.000355 seconds.
  path: Assets/Textures/PipeAlbedo.tif
  importAddress: Guid(bdab1ed0d99f3854c867ed4cedd1919e) Importer(2089858483,b0f066a214c2f5e87bad3c948f4d605d)
Start importing Assets/Textures/PipeAlbedo.tif using Guid(bdab1ed0d99f3854c867ed4cedd1919e) Importer(2089858483,b0f066a214c2f5e87bad3c948f4d605d) (ScriptedImporter) -> (Import Result ID: '0beef2942b00c0a08ca889db8c45ab39') in 0.0184607 seconds [static and dynamic dependencies]. Details - ImportResultOutputID=7adabc311e128aa57a6b41bcdf983255 DependenciesID=2e6ec8471c2f9b70eba1387c8ca697c9 StaticDependenciesID=f2af1ee65ae0fb604ec22af6b4dabee0 
Number of updated asset objects reloaded before import = 0Number of asset objects unloaded after import = 1

========================================================================
Received Import Request.
  Time since last request: 0.000024 seconds.
  path: Assets/Settings/SampleSceneProfile.asset
  importAddress: Guid(07b95fb467ece3b4b8e1eb4de709c50e) Importer(2089858483,b0f066a214c2f5e87bad3c948f4d605d)
Start importing Assets/Settings/SampleSceneProfile.asset using Guid(07b95fb467ece3b4b8e1eb4de709c50e) Importer(2089858483,b0f066a214c2f5e87bad3c948f4d605d) (ScriptedImporter) -> (Import Result ID: '385615b7c251bd2eca08778509481cfd') in 0.0042306 seconds [static and dynamic dependencies]. Details - ImportResultOutputID=732c77b55937e19a48463f857b8caefc DependenciesID=8e6a09370381c373bc41ed9889b6467d StaticDependenciesID=6cbe982dcc8d93b4beba1a6e5d75e0e5 
Number of updated asset objects reloaded before import = 0Number of asset objects unloaded after import = 1

========================================================================
Received Import Request.
  Time since last request: 0.000057 seconds.
  path: Assets/Sprites/f1.png
  importAddress: Guid(965ac5331637be24083f53f8c5cd99c5) Importer(2089858483,b0f066a214c2f5e87bad3c948f4d605d)
Start importing Assets/Sprites/f1.png using Guid(965ac5331637be24083f53f8c5cd99c5) Importer(2089858483,b0f066a214c2f5e87bad3c948f4d605d) (ScriptedImporter) -> (Import Result ID: '62fdbb7b107a46595555e2dcbc1b921f') in 0.020327 seconds [static and dynamic dependencies]. Details - ImportResultOutputID=3b11d41d1f7233f8ff7f19fc825f8c0a DependenciesID=e7ab7e3e9f0ca64504ccd2a4c760555a StaticDependenciesID=a13e0f9cea0c6cd438345aa7369a33cf 
Number of updated asset objects reloaded before import = 0Number of asset objects unloaded after import = 3

========================================================================
Received Import Request.
  Time since last request: 0.000024 seconds.
  path: Assets/Textures/SmokePuff.png
  importAddress: Guid(e5e32cad9e5d2c249a4a959886b64650) Importer(2089858483,b0f066a214c2f5e87bad3c948f4d605d)
Start importing Assets/Textures/SmokePuff.png using Guid(e5e32cad9e5d2c249a4a959886b64650) Importer(2089858483,b0f066a214c2f5e87bad3c948f4d605d) (ScriptedImporter) -> (Import Result ID: 'ce0b1dd672854cd5c104700cbe53e33e') in 0.0160855 seconds [static and dynamic dependencies]. Details - ImportResultOutputID=053448bc1ccea702a2f8f3b42517e9bc DependenciesID=a36ddabde60f8e0931f40e913c90351e StaticDependenciesID=1fbd67bb8e8fbdf3d44cb6aa26efd0ec 
Number of updated asset objects reloaded before import = 0Number of asset objects unloaded after import = 1

========================================================================
Received Import Request.
  Time since last request: 0.000027 seconds.
  path: Assets/Settings/Mobile_Renderer.asset
  importAddress: Guid(ace50157f11523b46ba219039dedfd20) Importer(2089858483,b0f066a214c2f5e87bad3c948f4d605d)
Start importing Assets/Settings/Mobile_Renderer.asset using Guid(ace50157f11523b46ba219039dedfd20) Importer(2089858483,b0f066a214c2f5e87bad3c948f4d605d) (ScriptedImporter) -> (Import Result ID: 'a1362bb8454837b55d70128d81664aca') in 0.0064977 seconds [static and dynamic dependencies]. Details - ImportResultOutputID=81996ca6e1bce6e0bf5bf908eddcb1ca DependenciesID=87b18b48865e4abdd8f209cefa5c91b2 StaticDependenciesID=a32d1b011d0166a2e836506b193546a0 
Number of updated asset objects reloaded before import = 0Number of asset objects unloaded after import = 1

========================================================================
Received Import Request.
  Time since last request: 0.000073 seconds.
  path: Assets/Sprites/m4.png
  importAddress: Guid(6c7fb34e597c80e4d872e03883395266) Importer(2089858483,b0f066a214c2f5e87bad3c948f4d605d)
Start importing Assets/Sprites/m4.png using Guid(6c7fb34e597c80e4d872e03883395266) Importer(2089858483,b0f066a214c2f5e87bad3c948f4d605d) (ScriptedImporter) -> (Import Result ID: '0f1f50d22e1cad48c6a0c15486a7b011') in 0.020745 seconds [static and dynamic dependencies]. Details - ImportResultOutputID=2a2541bfae04dee26b1cc6b7dbbe159c DependenciesID=5d96ad560b5743c72fdfb5d2cfd55c14 StaticDependenciesID=81131c2a9a273c431503ca9bd1b7530b 
Number of updated asset objects reloaded before import = 0Number of asset objects unloaded after import = 3

========================================================================
Received Import Request.
  Time since last request: 0.000034 seconds.
  path: Assets/Textures/BrickWallAlbedo.tif
  importAddress: Guid(7fcdbeddb841bb245933f8a3567aca75) Importer(2089858483,b0f066a214c2f5e87bad3c948f4d605d)
Start importing Assets/Textures/BrickWallAlbedo.tif using Guid(7fcdbeddb841bb245933f8a3567aca75) Importer(2089858483,b0f066a214c2f5e87bad3c948f4d605d) (ScriptedImporter) -> (Import Result ID: '40fd958378a3beb5b70d6a0143af847d') in 0.0166322 seconds [static and dynamic dependencies]. Details - ImportResultOutputID=64b8dd7e95db98af300850c91e84ba69 DependenciesID=44f721b81a93c11d3ce4c285a4c98488 StaticDependenciesID=771bf4dd05577f889a0dd0cb80f8db1c 
Number of updated asset objects reloaded before import = 0Number of asset objects unloaded after import = 1

========================================================================
Received Import Request.
  Time since last request: 0.000135 seconds.
  path: Assets/Textures/HeartParticle.png
  importAddress: Guid(4bf6eca9484ab4845a4b5a0ebb121a42) Importer(2089858483,b0f066a214c2f5e87bad3c948f4d605d)
Start importing Assets/Textures/HeartParticle.png using Guid(4bf6eca9484ab4845a4b5a0ebb121a42) Importer(2089858483,b0f066a214c2f5e87bad3c948f4d605d) (ScriptedImporter) -> (Import Result ID: 'e30e784443db2823ddad00cc8d5bb6f4') in 0.0242404 seconds [static and dynamic dependencies]. Details - ImportResultOutputID=552e3e95b4ce075e3e669a199c32b9af DependenciesID=3872fc0bc8f23098952a27fcb0aaff13 StaticDependenciesID=100e240de34c4d70872f72c9a2f335c5 
Number of updated asset objects reloaded before import = 0Number of asset objects unloaded after import = 1

========================================================================
Received Import Request.
  Time since last request: 0.000041 seconds.
  path: Assets/Textures/MultiplierParticle.png
  importAddress: Guid(62daab0b219b41440b5dd19d5765777d) Importer(2089858483,b0f066a214c2f5e87bad3c948f4d605d)
Start importing Assets/Textures/MultiplierParticle.png using Guid(62daab0b219b41440b5dd19d5765777d) Importer(2089858483,b0f066a214c2f5e87bad3c948f4d605d) (ScriptedImporter) -> (Import Result ID: '9e41c57707b202f68047ca1f6dac3b9f') in 0.0138355 seconds [static and dynamic dependencies]. Details - ImportResultOutputID=ffa7bbf91e949ef3d30cb3ff0649c365 DependenciesID=3398fb841b3a6319a34678104bdfd93d StaticDependenciesID=44b5b22bf42cf61cdf75862d8908e8fb 
Number of updated asset objects reloaded before import = 0Number of asset objects unloaded after import = 1

========================================================================
Received Import Request.
  Time since last request: 0.000028 seconds.
  path: Assets/Sprites/im.png
  importAddress: Guid(60d29bb3c80a833448813c85c0ea45cc) Importer(2089858483,b0f066a214c2f5e87bad3c948f4d605d)
Start importing Assets/Sprites/im.png using Guid(60d29bb3c80a833448813c85c0ea45cc) Importer(2089858483,b0f066a214c2f5e87bad3c948f4d605d) (ScriptedImporter) -> (Import Result ID: '8dce056e0cd521ff0755ef0f1cbc5617') in 0.0159593 seconds [static and dynamic dependencies]. Details - ImportResultOutputID=dc4eaa4ddf3e4f58e223b26bbfaf20d1 DependenciesID=1d31a67380591adf9d62b6c59af21f2e StaticDependenciesID=1252f5b5f5d740695e8fa0138bd2d191 
Number of updated asset objects reloaded before import = 0Number of asset objects unloaded after import = 1

========================================================================
Received Import Request.
  Time since last request: 0.000025 seconds.
  path: Assets/Sprites/aa.png
  importAddress: Guid(fc2aab0be350d32409f3ce5e4e13cea6) Importer(2089858483,b0f066a214c2f5e87bad3c948f4d605d)
Start importing Assets/Sprites/aa.png using Guid(fc2aab0be350d32409f3ce5e4e13cea6) Importer(2089858483,b0f066a214c2f5e87bad3c948f4d605d) (ScriptedImporter) -> (Import Result ID: 'f1b954433e035768324956174e7c2468') in 0.015247 seconds [static and dynamic dependencies]. Details - ImportResultOutputID=5746c164798b8b76376f4cd29566a8b5 DependenciesID=a200be83ddd33e69c2464c8be185c2b6 StaticDependenciesID=8b9d5c51f97b9dc1cab6d5d1b533c404 
Number of updated asset objects reloaded before import = 0Number of asset objects unloaded after import = 3

========================================================================
Received Import Request.
  Time since last request: 0.000023 seconds.
  path: Assets/Textures/LightPoolAlbedo.tif
  importAddress: Guid(7188446976148db4881a1b85e0b24069) Importer(2089858483,b0f066a214c2f5e87bad3c948f4d605d)
Start importing Assets/Textures/LightPoolAlbedo.tif using Guid(7188446976148db4881a1b85e0b24069) Importer(2089858483,b0f066a214c2f5e87bad3c948f4d605d) (ScriptedImporter) -> (Import Result ID: '843e41a8c6777cd512869dc3422be873') in 0.0126692 seconds [static and dynamic dependencies]. Details - ImportResultOutputID=9c9caf93ec679fcd5e2ac255a847c599 DependenciesID=570cb7ba85c657de90b214bc8120d25f StaticDependenciesID=31ae794ab6672567e98badd8de2df123 
Number of updated asset objects reloaded before import = 0Number of asset objects unloaded after import = 1

========================================================================
Received Import Request.
  Time since last request: 0.000025 seconds.
  path: Assets/Sprites/o.png
  importAddress: Guid(a869c525b147cb2429331213c0a11d6d) Importer(2089858483,b0f066a214c2f5e87bad3c948f4d605d)
Start importing Assets/Sprites/o.png using Guid(a869c525b147cb2429331213c0a11d6d) Importer(2089858483,b0f066a214c2f5e87bad3c948f4d605d) (ScriptedImporter) -> (Import Result ID: 'e0eb5347019b374cb367116dc390dcd3') in 0.0171498 seconds [static and dynamic dependencies]. Details - ImportResultOutputID=7c7c196b8848297cca6fcc524ee299cb DependenciesID=1a0e177c2e3689c3c8c75bc6cffef7ef StaticDependenciesID=bd3c5496cf4f41361290710cfa98cec9 
Number of updated asset objects reloaded before import = 0Number of asset objects unloaded after import = 3

========================================================================
Received Import Request.
  Time since last request: 0.000025 seconds.
  path: Assets/Textures/BinNightAlbedo.tif
  importAddress: Guid(cd5856d490ea72f4f96160adef8dd930) Importer(2089858483,b0f066a214c2f5e87bad3c948f4d605d)
Start importing Assets/Textures/BinNightAlbedo.tif using Guid(cd5856d490ea72f4f96160adef8dd930) Importer(2089858483,b0f066a214c2f5e87bad3c948f4d605d) (ScriptedImporter) -> (Import Result ID: 'e4c5a9b45638edbabee0ae1f911d4bcc') in 0.0124535 seconds [static and dynamic dependencies]. Details - ImportResultOutputID=d70dff1e109665cf7c99fa670ad401af DependenciesID=850c8de739f1981e40ebca37701eb38e StaticDependenciesID=1d9c210cfa802ad40208f87259492cf0 
Number of updated asset objects reloaded before import = 0Number of asset objects unloaded after import = 1

========================================================================
Received Import Request.
  Time since last request: 0.000071 seconds.
  path: Assets/Sprites/f2.png
  importAddress: Guid(04b742c48e126e34893a77d0007de8ec) Importer(2089858483,b0f066a214c2f5e87bad3c948f4d605d)
Start importing Assets/Sprites/f2.png using Guid(04b742c48e126e34893a77d0007de8ec) Importer(2089858483,b0f066a214c2f5e87bad3c948f4d605d) (ScriptedImporter) -> (Import Result ID: 'fbc9ec29ea950d82c7c8260ad7a08cfe') in 0.0176688 seconds [static and dynamic dependencies]. Details - ImportResultOutputID=3004aef66b9158f1cb93d35899a6ddda DependenciesID=9dad386297e92efbab85aa0ff7da977c StaticDependenciesID=1b97667829ee5ff74fbff6a0cb7e250e 
Number of updated asset objects reloaded before import = 0Number of asset objects unloaded after import = 3

========================================================================
Received Import Request.
  Time since last request: 0.000036 seconds.
  path: Assets/URPDefaultResources/Default_Forward_Renderer.asset
  importAddress: Guid(30b939760742c5446a57435c9678799d) Importer(2089858483,b0f066a214c2f5e87bad3c948f4d605d)
Start importing Assets/URPDefaultResources/Default_Forward_Renderer.asset using Guid(30b939760742c5446a57435c9678799d) Importer(2089858483,b0f066a214c2f5e87bad3c948f4d605d) (ScriptedImporter) -> (Import Result ID: '46825ae5dbbe6d80451d9a2b137ed36b') in 0.00864 seconds [static and dynamic dependencies]. Details - ImportResultOutputID=633c8613d09b4266e1b94712e942be35 DependenciesID=ae1e9c923e2977567d6942e2b109940e StaticDependenciesID=a6429dba38ae9d5c3e0e62fd1c341339 
Number of updated asset objects reloaded before import = 0Number of asset objects unloaded after import = 1

========================================================================
Received Import Request.
  Time since last request: 0.000029 seconds.
  path: Assets/Sprites/m2.png
  importAddress: Guid(e4416ac929548f442af5982639842c99) Importer(2089858483,b0f066a214c2f5e87bad3c948f4d605d)
Start importing Assets/Sprites/m2.png using Guid(e4416ac929548f442af5982639842c99) Importer(2089858483,b0f066a214c2f5e87bad3c948f4d605d) (ScriptedImporter) -> (Import Result ID: '5a2ad9ca59e52f19987ebaffe3f3c6b4') in 0.019022 seconds [static and dynamic dependencies]. Details - ImportResultOutputID=b09f6a881b60a8f0c70a3a93c57285f1 DependenciesID=183868339f7afcb6da952c4ef44c2a0a StaticDependenciesID=5f2226819d9f8b5b9f79fec927fac78f 
Number of updated asset objects reloaded before import = 0Number of asset objects unloaded after import = 3

========================================================================
Received Import Request.
  Time since last request: 0.000024 seconds.
  path: Assets/Textures/FishboneAlbedo.tif
  importAddress: Guid(2fa82f6f969d763429157fe51f817a72) Importer(2089858483,b0f066a214c2f5e87bad3c948f4d605d)
Start importing Assets/Textures/FishboneAlbedo.tif using Guid(2fa82f6f969d763429157fe51f817a72) Importer(2089858483,b0f066a214c2f5e87bad3c948f4d605d) (ScriptedImporter) -> (Import Result ID: '45246627cb49d407df7b30b1ddce9938') in 0.0142052 seconds [static and dynamic dependencies]. Details - ImportResultOutputID=f7a30ad32e2f656824b03dc83a440495 DependenciesID=e03b5d3b26bf9f142b1b284cbdf7c78d StaticDependenciesID=72f23fdcb904a4a669ba1ab9d9b5b29d 
Number of updated asset objects reloaded before import = 0Number of asset objects unloaded after import = 1

========================================================================
Received Import Request.
  Time since last request: 0.000021 seconds.
  path: Assets/Textures/WheelyBinAlbedo.tif
  importAddress: Guid(fa7e3ccbd9a948748b3c7e74fc803e5b) Importer(2089858483,b0f066a214c2f5e87bad3c948f4d605d)
Start importing Assets/Textures/WheelyBinAlbedo.tif using Guid(fa7e3ccbd9a948748b3c7e74fc803e5b) Importer(2089858483,b0f066a214c2f5e87bad3c948f4d605d) (ScriptedImporter) -> (Import Result ID: '8e8ccbf0ddbb63ec018fbd4046ef60cd') in 0.0134516 seconds [static and dynamic dependencies]. Details - ImportResultOutputID=ee7a988e26d9153beabd1f86d291336d DependenciesID=db3260780b62a9966d51c08b4b6b2233 StaticDependenciesID=08fcbef4ebc64729fe9b473dfbc67696 
Number of updated asset objects reloaded before import = 0Number of asset objects unloaded after import = 1

========================================================================
Received Import Request.
  Time since last request: 0.000157 seconds.
  path: Assets/Textures/RatNightAlbedo.tif
  importAddress: Guid(0e5001bc94455964a9abc613d3e1604b) Importer(2089858483,b0f066a214c2f5e87bad3c948f4d605d)
Start importing Assets/Textures/RatNightAlbedo.tif using Guid(0e5001bc94455964a9abc613d3e1604b) Importer(2089858483,b0f066a214c2f5e87bad3c948f4d605d) (ScriptedImporter) -> (Import Result ID: 'dea7acb5cca715a7f4638c297116fe2e') in 0.015799 seconds [static and dynamic dependencies]. Details - ImportResultOutputID=60152fc9eac55605ac6e388bf6836c39 DependenciesID=afd72d8ba2c3fbf30af6ab7d6bf9ed73 StaticDependenciesID=ca74354b502d6cd0247adbfb0f28e2ae 
Number of updated asset objects reloaded before import = 0Number of asset objects unloaded after import = 1

========================================================================
Received Import Request.
  Time since last request: 0.000026 seconds.
  path: Assets/Textures/ManHoleAlbedo.tif
  importAddress: Guid(fc9b49cf56a506744b8dc20ea99c9fef) Importer(2089858483,b0f066a214c2f5e87bad3c948f4d605d)
Start importing Assets/Textures/ManHoleAlbedo.tif using Guid(fc9b49cf56a506744b8dc20ea99c9fef) Importer(2089858483,b0f066a214c2f5e87bad3c948f4d605d) (ScriptedImporter) -> (Import Result ID: 'b8cfdf36dcbaa42f939042c397c68676') in 0.0095177 seconds [static and dynamic dependencies]. Details - ImportResultOutputID=618f33d0eacb6d810a2ed52ead03b87c DependenciesID=0a46685781d433dc7f224819d1248180 StaticDependenciesID=dcaf7686d653a6128148f5d20b1fda10 
Number of updated asset objects reloaded before import = 0Number of asset objects unloaded after import = 1

========================================================================
Received Import Request.
  Time since last request: 0.000235 seconds.
  path: Assets/Textures/CloverAlbedo.tif
  importAddress: Guid(c12354f1a96957347a94c432664d8032) Importer(2089858483,b0f066a214c2f5e87bad3c948f4d605d)
Start importing Assets/Textures/CloverAlbedo.tif using Guid(c12354f1a96957347a94c432664d8032) Importer(2089858483,b0f066a214c2f5e87bad3c948f4d605d) (ScriptedImporter) -> (Import Result ID: 'b82dfd32e96f1309fee1e122b9ac7294') in 0.0107351 seconds [static and dynamic dependencies]. Details - ImportResultOutputID=8710a5d16c9572e861f9b79bed2e9e8f DependenciesID=71e46dbd5f70a2c04e60bf9170e02f19 StaticDependenciesID=7591b7dc40727b14e6d0584f82c0e3a5 
Number of updated asset objects reloaded before import = 0Number of asset objects unloaded after import = 1

========================================================================
Received Import Request.
  Time since last request: 0.000071 seconds.
  path: Assets/Textures/Star.png
  importAddress: Guid(9177a9223d76cdc42ba1bd8045bbc2ba) Importer(2089858483,b0f066a214c2f5e87bad3c948f4d605d)
Start importing Assets/Textures/Star.png using Guid(9177a9223d76cdc42ba1bd8045bbc2ba) Importer(2089858483,b0f066a214c2f5e87bad3c948f4d605d) (ScriptedImporter) -> (Import Result ID: 'd96e55f493b5e45e96e7034e1254b06c') in 0.0162612 seconds [static and dynamic dependencies]. Details - ImportResultOutputID=65c84208c245768eb0d9b7b6a63b9e91 DependenciesID=4099a808247b1ae3287b5f697bb13180 StaticDependenciesID=726e9cd907af996067218624ae778fb0 
Number of updated asset objects reloaded before import = 0Number of asset objects unloaded after import = 1

========================================================================
Received Import Request.
  Time since last request: 0.000080 seconds.
  path: Assets/Textures/Car02Albedo.tif
  importAddress: Guid(ad9b4d3f2df395b4fb7ad98e98d4acdf) Importer(2089858483,b0f066a214c2f5e87bad3c948f4d605d)
Start importing Assets/Textures/Car02Albedo.tif using Guid(ad9b4d3f2df395b4fb7ad98e98d4acdf) Importer(2089858483,b0f066a214c2f5e87bad3c948f4d605d) (ScriptedImporter) -> (Import Result ID: 'd31c0fa9ebe704b9e17095cd608b8b26') in 0.0171655 seconds [static and dynamic dependencies]. Details - ImportResultOutputID=cb41c050ae74b8f8d7b05dae8c2523c2 DependenciesID=892d2498229e871718d1b8bc4e74191b StaticDependenciesID=a519c74dba4facd7f4c014f1ebdaff21 
Number of updated asset objects reloaded before import = 0Number of asset objects unloaded after import = 1

========================================================================
Received Import Request.
  Time since last request: 0.000025 seconds.
  path: Assets/Textures/CatAlbedo.tif
  importAddress: Guid(1dde8fb2f7d6df74a84e5967afe3417a) Importer(2089858483,b0f066a214c2f5e87bad3c948f4d605d)
Start importing Assets/Textures/CatAlbedo.tif using Guid(1dde8fb2f7d6df74a84e5967afe3417a) Importer(2089858483,b0f066a214c2f5e87bad3c948f4d605d) (ScriptedImporter) -> (Import Result ID: '10fd680033f2186d7dbb1e68fc8e593f') in 0.0145536 seconds [static and dynamic dependencies]. Details - ImportResultOutputID=548624f3433ab35fb8680fe20c2b3e8b DependenciesID=b25a126a7bbbcd02c1a9eb138c27c88a StaticDependenciesID=bbe2f644cb406c43dfd3e7acd806e2ca 
Number of updated asset objects reloaded before import = 0Number of asset objects unloaded after import = 1

========================================================================
Received Import Request.
  Time since last request: 0.000027 seconds.
  path: Assets/Textures/Particle01.png
  importAddress: Guid(c9414c650f62e5e409ece9f19b6fceed) Importer(2089858483,b0f066a214c2f5e87bad3c948f4d605d)
Start importing Assets/Textures/Particle01.png using Guid(c9414c650f62e5e409ece9f19b6fceed) Importer(2089858483,b0f066a214c2f5e87bad3c948f4d605d) (ScriptedImporter) -> (Import Result ID: '37a4ee547ab4acb90274868f085070c7') in 0.0149824 seconds [static and dynamic dependencies]. Details - ImportResultOutputID=d05c60b2e8e50d144647fb48f970956c DependenciesID=85fb0e949f315f68e09648fc43c15a89 StaticDependenciesID=e33e76a4fadf29bae2a21f5ef50e280b 
Number of updated asset objects reloaded before import = 0Number of asset objects unloaded after import = 1

========================================================================
Received Import Request.
  Time since last request: 0.000023 seconds.
  path: Assets/Sprites/f5.png
  importAddress: Guid(b9fd0b49b7a53f04784b928783954b4d) Importer(2089858483,b0f066a214c2f5e87bad3c948f4d605d)
Start importing Assets/Sprites/f5.png using Guid(b9fd0b49b7a53f04784b928783954b4d) Importer(2089858483,b0f066a214c2f5e87bad3c948f4d605d) (ScriptedImporter) -> (Import Result ID: '7d510f07e8170cca736b3124dc2a4764') in 0.0190181 seconds [static and dynamic dependencies]. Details - ImportResultOutputID=e373a6449d78efe5319984222a421b93 DependenciesID=08075b0d43741a998afd20f1d345edca StaticDependenciesID=4dbebfe6198315a958e11d84b226fec6 
Number of updated asset objects reloaded before import = 0Number of asset objects unloaded after import = 3

========================================================================
Received Import Request.
  Time since last request: 0.000029 seconds.
  path: Assets/Sprites/casbah.png
  importAddress: Guid(34bf23759c2618a4d85c0fe268a57c14) Importer(2089858483,b0f066a214c2f5e87bad3c948f4d605d)
Start importing Assets/Sprites/casbah.png using Guid(34bf23759c2618a4d85c0fe268a57c14) Importer(2089858483,b0f066a214c2f5e87bad3c948f4d605d) (ScriptedImporter) -> (Import Result ID: 'bda643d3de5fa01d4a6628295dae24bc') in 0.0174503 seconds [static and dynamic dependencies]. Details - ImportResultOutputID=c767cafef928b5251283d39126557d28 DependenciesID=5d80eb35e376449d123175804f2b79a1 StaticDependenciesID=4aec90489c8ad7c26db3f148b3792ec6 
Number of updated asset objects reloaded before import = 0Number of asset objects unloaded after import = 3

========================================================================
Received Import Request.
  Time since last request: 0.073370 seconds.
  path: Assets/URPDefaultResources/Fast.asset
  importAddress: Guid(908ed9987c5c9214c80d910b54f08223) Importer(2089858483,b0f066a214c2f5e87bad3c948f4d605d)
Start importing Assets/URPDefaultResources/Fast.asset using Guid(908ed9987c5c9214c80d910b54f08223) Importer(2089858483,b0f066a214c2f5e87bad3c948f4d605d) (ScriptedImporter) -> (Import Result ID: '61fec76a1370d19f4291006a78d94897') in 0.0050961 seconds [static and dynamic dependencies]. Details - ImportResultOutputID=da7f9a720cc8bbeb5ce382d3de3dc0a7 DependenciesID=78d53b86afe551fc16ce99bf60884d79 StaticDependenciesID=f10e6eb218784726c7b805323c1eb3af 
Number of updated asset objects reloaded before import = 0Number of asset objects unloaded after import = 1

========================================================================
Received Import Request.
  Time since last request: 0.000027 seconds.
  path: Assets/AddressableAssetsData/Android/addressables_content_state.bin
  importAddress: Guid(86e30ea9bccef9c49bdebf77ecf565a9) Importer(2089858483,b0f066a214c2f5e87bad3c948f4d605d)
Start importing Assets/AddressableAssetsData/Android/addressables_content_state.bin using Guid(86e30ea9bccef9c49bdebf77ecf565a9) Importer(2089858483,b0f066a214c2f5e87bad3c948f4d605d) (ScriptedImporter) -> (Import Result ID: '3de98c5ca2200df24ee052e624cde2e5') in 0.0040955 seconds [static and dynamic dependencies]. Details - ImportResultOutputID=2b884dbddc4b698bcd4291cdac438bc2 DependenciesID=f9271e35ed401fe61767ceb62ce2dd13 StaticDependenciesID=3d1c499cb4de1786faf03ed56b5dc36e 
Number of updated asset objects reloaded before import = 0Number of asset objects unloaded after import = 1

========================================================================
Received Import Request.
  Time since last request: 0.000060 seconds.
  path: Assets/Models/Daytime/House.fbx
  importAddress: Guid(3940fade9e1ac7e44b7df894133991ea) Importer(2089858483,b0f066a214c2f5e87bad3c948f4d605d)
Start importing Assets/Models/Daytime/House.fbx using Guid(3940fade9e1ac7e44b7df894133991ea) Importer(2089858483,b0f066a214c2f5e87bad3c948f4d605d) (ScriptedImporter) -> (Import Result ID: '527b69d538628fef9d1fb76ff05a49ff') in 0.0396562 seconds [static and dynamic dependencies]. Details - ImportResultOutputID=fbe57ba085d469149fb1e8753f1704bf DependenciesID=4d1e17aceaacd29592964bf00cf2b701 StaticDependenciesID=962f649913e07e387fad1e6f30ac3a3e 
Number of updated asset objects reloaded before import = 0Number of asset objects unloaded after import = 12

========================================================================
Received Import Request.
  Time since last request: 0.000036 seconds.
  path: Assets/Models/Daytime/WheelyBinGreen.fbx
  importAddress: Guid(0a70b60abd8187e48861fa614837b38a) Importer(2089858483,b0f066a214c2f5e87bad3c948f4d605d)
Start importing Assets/Models/Daytime/WheelyBinGreen.fbx using Guid(0a70b60abd8187e48861fa614837b38a) Importer(2089858483,b0f066a214c2f5e87bad3c948f4d605d) (ScriptedImporter) -> (Import Result ID: '45e443cf3ac27beb5abd9c02c804d62f') in 0.026893 seconds [static and dynamic dependencies]. Details - ImportResultOutputID=f1c01b12f4f7b7e767c093b35455f0d7 DependenciesID=24f8767bd6a1a37154eeec4b90ec72ad StaticDependenciesID=622148c67e9d583eea1a92700c162dd4 
Number of updated asset objects reloaded before import = 0Number of asset objects unloaded after import = 10

========================================================================
Received Import Request.
  Time since last request: 0.000028 seconds.
  path: Assets/Animation/Materials/pasted__VCOL3.mat
  importAddress: Guid(2bd977df1ee381e43903ee548cbb0b81) Importer(2089858483,b0f066a214c2f5e87bad3c948f4d605d)
Start importing Assets/Animation/Materials/pasted__VCOL3.mat using Guid(2bd977df1ee381e43903ee548cbb0b81) Importer(2089858483,b0f066a214c2f5e87bad3c948f4d605d) (ScriptedImporter) -> (Import Result ID: '1c07f19c43e8b37ccdb319bee8e90549') in 0.0075107 seconds [static and dynamic dependencies]. Details - ImportResultOutputID=40ed7d3bf96a696023bda04d3209a82b DependenciesID=37d2723ea44e031b1beaed83d78da0cc StaticDependenciesID=53980ad583d146bb319b8dc49125f161 
Number of updated asset objects reloaded before import = 0Number of asset objects unloaded after import = 1

========================================================================
Received Import Request.
  Time since last request: 0.000068 seconds.
  path: Assets/AddressableAssetsData/AssetGroups/Night-Theme-Obstacles.asset
  importAddress: Guid(10ae8408a953cd14e95d879ea1e28ec9) Importer(2089858483,b0f066a214c2f5e87bad3c948f4d605d)
Start importing Assets/AddressableAssetsData/AssetGroups/Night-Theme-Obstacles.asset using Guid(10ae8408a953cd14e95d879ea1e28ec9) Importer(2089858483,b0f066a214c2f5e87bad3c948f4d605d) (ScriptedImporter) -> (Import Result ID: 'ce8c0cc2b4394f02b2b334d7965c221a') in 0.0106842 seconds [static and dynamic dependencies]. Details - ImportResultOutputID=c6de91ac95dbf3b69c0f963a5926cd60 DependenciesID=404dedff866934b2179a6e69d3656fee StaticDependenciesID=809f87cb9d4d78911b27f736d4946679 
Number of updated asset objects reloaded before import = 0Number of asset objects unloaded after import = 1

========================================================================
Received Import Request.
  Time since last request: 0.000025 seconds.
  path: Assets/Models/NightTime/BackgroundBuilding02Night.fbx
  importAddress: Guid(2bfbb7640650b2846a26b776a5fedf1f) Importer(2089858483,b0f066a214c2f5e87bad3c948f4d605d)
Start importing Assets/Models/NightTime/BackgroundBuilding02Night.fbx using Guid(2bfbb7640650b2846a26b776a5fedf1f) Importer(2089858483,b0f066a214c2f5e87bad3c948f4d605d) (ScriptedImporter) -> (Import Result ID: '61ab8ed78814513491098274a689d502') in 0.0284499 seconds [static and dynamic dependencies]. Details - ImportResultOutputID=fb6247c07f36c9e37e35685123ce0cf0 DependenciesID=f02db94d70d5dd535babc7ef58495b28 StaticDependenciesID=c822c0832b1c8bc5815e3dabfde10cb0 
Number of updated asset objects reloaded before import = 0Number of asset objects unloaded after import = 9

========================================================================
Received Import Request.
  Time since last request: 0.000034 seconds.
  path: Assets/AddressableAssetsData/AssetGroups/Default Local Group.asset
  importAddress: Guid(6fc4762233972aa40bcd09bf0410eb96) Importer(2089858483,b0f066a214c2f5e87bad3c948f4d605d)
Start importing Assets/AddressableAssetsData/AssetGroups/Default Local Group.asset using Guid(6fc4762233972aa40bcd09bf0410eb96) Importer(2089858483,b0f066a214c2f5e87bad3c948f4d605d) (ScriptedImporter) -> (Import Result ID: 'bf4715829f0a6eee82d9b5177856496b') in 0.0101022 seconds [static and dynamic dependencies]. Details - ImportResultOutputID=4def81d3de75e2336da1a409ef534761 DependenciesID=5462eb0fa9245533a5d427f8f486b435 StaticDependenciesID=c8603273be42e19bd5a2e9032df8d8ad 
Number of updated asset objects reloaded before import = 0Number of asset objects unloaded after import = 1

========================================================================
Received Import Request.
  Time since last request: 0.000034 seconds.
  path: Assets/Models/Daytime/WoodFence02.fbx
  importAddress: Guid(237f389f7f4fe2a45af01d35d56d6a51) Importer(2089858483,b0f066a214c2f5e87bad3c948f4d605d)
Start importing Assets/Models/Daytime/WoodFence02.fbx using Guid(237f389f7f4fe2a45af01d35d56d6a51) Importer(2089858483,b0f066a214c2f5e87bad3c948f4d605d) (ScriptedImporter) -> (Import Result ID: '22fef01f98b5db53c865454c99875dc3') in 0.0219943 seconds [static and dynamic dependencies]. Details - ImportResultOutputID=e0291fb6c9e88dcbd7cccb98291e0c91 DependenciesID=d928c3808005b2507a01556981bdf32e StaticDependenciesID=6ece33ce447f43c8c8caae72d007f359 
Number of updated asset objects reloaded before import = 0Number of asset objects unloaded after import = 8

========================================================================
Received Import Request.
  Time since last request: 0.000027 seconds.
  path: Assets/Models/Daytime/DumpsterBlue.fbx
  importAddress: Guid(599c2db30943fc144aa95352e50543e2) Importer(2089858483,b0f066a214c2f5e87bad3c948f4d605d)
Start importing Assets/Models/Daytime/DumpsterBlue.fbx using Guid(599c2db30943fc144aa95352e50543e2) Importer(2089858483,b0f066a214c2f5e87bad3c948f4d605d) (ScriptedImporter) -> (Import Result ID: 'b4af348d988b1cc245f538581a87ae52') in 0.0254262 seconds [static and dynamic dependencies]. Details - ImportResultOutputID=422092c5bcb9b1352b09bbfd7cd34ac3 DependenciesID=0f43220523766b95fce7709a9c9b4361 StaticDependenciesID=dae51024d2138ec6c537693b84649a4a 
Number of updated asset objects reloaded before import = 0Number of asset objects unloaded after import = 8

========================================================================
Received Import Request.
  Time since last request: 0.000468 seconds.
  path: Assets/Models/NightTime/BackgroundCircleNight.FBX
  importAddress: Guid(5a3ee9746dc25cb4f8d2e3a1a7382eab) Importer(2089858483,b0f066a214c2f5e87bad3c948f4d605d)
Start importing Assets/Models/NightTime/BackgroundCircleNight.FBX using Guid(5a3ee9746dc25cb4f8d2e3a1a7382eab) Importer(2089858483,b0f066a214c2f5e87bad3c948f4d605d) (ScriptedImporter) -> (Import Result ID: '4aa9665c70858b80f1ced99abec72886') in 0.0212453 seconds [static and dynamic dependencies]. Details - ImportResultOutputID=68168717b8cc23bcad758c4bfc0679a6 DependenciesID=8ab92f6a95395955e0b84e55d7b5f52c StaticDependenciesID=1df605fdd947b511d8f5562fb4294587 
Number of updated asset objects reloaded before import = 0Number of asset objects unloaded after import = 10

========================================================================
Received Import Request.
  Time since last request: 0.000024 seconds.
  path: Assets/Animation/Animators/Star.controller
  importAddress: Guid(676cfaf3229d2eb4089595d485a2f42c) Importer(2089858483,b0f066a214c2f5e87bad3c948f4d605d)
Start importing Assets/Animation/Animators/Star.controller using Guid(676cfaf3229d2eb4089595d485a2f42c) Importer(2089858483,b0f066a214c2f5e87bad3c948f4d605d) (ScriptedImporter) -> (Import Result ID: '995b9570a10b114394059c03c3f0f043') in 0.0109259 seconds [static and dynamic dependencies]. Details - ImportResultOutputID=dd7687cd12d8fbed2d20e053e18f2d33 DependenciesID=47b7a1a1ad7e19998a966658ece9635b StaticDependenciesID=93d219c04ed123833db5f5bd0747ddcc 
Number of updated asset objects reloaded before import = 0Number of asset objects unloaded after import = 4

========================================================================
Received Import Request.
  Time since last request: 0.000031 seconds.
  path: Assets/AddressableAssetsData/AssetGroups/Night-Zones.asset
  importAddress: Guid(9eb1f1c41da675e4480e553f40ccac60) Importer(2089858483,b0f066a214c2f5e87bad3c948f4d605d)
Start importing Assets/AddressableAssetsData/AssetGroups/Night-Zones.asset using Guid(9eb1f1c41da675e4480e553f40ccac60) Importer(2089858483,b0f066a214c2f5e87bad3c948f4d605d) (ScriptedImporter) -> (Import Result ID: '2533003b76e4e42f6b83ae3e183f4f85') in 0.0042304 seconds [static and dynamic dependencies]. Details - ImportResultOutputID=1912e8bca999fb423004fb290faa9978 DependenciesID=db13c0ac2edbd89944ba5d4547049498 StaticDependenciesID=d386ebb16a13a21afa1129c5428cf653 
Number of updated asset objects reloaded before import = 0Number of asset objects unloaded after import = 1

========================================================================
Received Import Request.
  Time since last request: 0.000030 seconds.
  path: Assets/Models/Daytime/BinBagClosed.fbx
  importAddress: Guid(713124634fbfebc43a3788c3a73c6a74) Importer(2089858483,b0f066a214c2f5e87bad3c948f4d605d)
Start importing Assets/Models/Daytime/BinBagClosed.fbx using Guid(713124634fbfebc43a3788c3a73c6a74) Importer(2089858483,b0f066a214c2f5e87bad3c948f4d605d) (ScriptedImporter) -> (Import Result ID: '1597772e990c1ec9dc6c0c25be76f584') in 0.0206068 seconds [static and dynamic dependencies]. Details - ImportResultOutputID=5a30e3f56721bdac6d0386eb0e6f7f82 DependenciesID=b7bede01beec60dda22fd626731d4fe8 StaticDependenciesID=21ddab4e506059e538e1bd985e7bf6f1 
Number of updated asset objects reloaded before import = 0Number of asset objects unloaded after import = 8

========================================================================
Received Import Request.
  Time since last request: 0.000472 seconds.
  path: Assets/Models/Daytime/House03.fbx
  importAddress: Guid(5c16f1ed19bd8cc44ad546cbbd8508f3) Importer(2089858483,b0f066a214c2f5e87bad3c948f4d605d)
Start importing Assets/Models/Daytime/House03.fbx using Guid(5c16f1ed19bd8cc44ad546cbbd8508f3) Importer(2089858483,b0f066a214c2f5e87bad3c948f4d605d) (ScriptedImporter) -> (Import Result ID: '3b3389cfbacf24406201c9e28d0b4e3e') in 0.022826 seconds [static and dynamic dependencies]. Details - ImportResultOutputID=85d054cb890ab024bdc82366a7c7ec78 DependenciesID=f5dca0b73efcee4f908cfdf0d3a554ca StaticDependenciesID=cfad082f5c58d7d264b5b42231f93fbd 
Number of updated asset objects reloaded before import = 0Number of asset objects unloaded after import = 10

========================================================================
Received Import Request.
  Time since last request: 0.000086 seconds.
  path: Assets/Models/NightTime/BinBagOpenNight.fbx
  importAddress: Guid(1103aee49ba38b744a9ce352640f45df) Importer(2089858483,b0f066a214c2f5e87bad3c948f4d605d)
Start importing Assets/Models/NightTime/BinBagOpenNight.fbx using Guid(1103aee49ba38b744a9ce352640f45df) Importer(2089858483,b0f066a214c2f5e87bad3c948f4d605d) (ScriptedImporter) -> (Import Result ID: '2d32974da1def22737f91936e0313b3c') in 0.020382 seconds [static and dynamic dependencies]. Details - ImportResultOutputID=16d8da7eff0a5d05ead84eb7833af316 DependenciesID=5d3f1c67a42d67e853b080a07ec90474 StaticDependenciesID=aa46209bedc462669c692948538f4250 
Number of updated asset objects reloaded before import = 0Number of asset objects unloaded after import = 8

========================================================================
Received Import Request.
  Time since last request: 0.000024 seconds.
  path: Assets/Models/Daytime/Garage06.fbx
  importAddress: Guid(c271e5e231eec184291fb06f0cc66382) Importer(2089858483,b0f066a214c2f5e87bad3c948f4d605d)
Start importing Assets/Models/Daytime/Garage06.fbx using Guid(c271e5e231eec184291fb06f0cc66382) Importer(2089858483,b0f066a214c2f5e87bad3c948f4d605d) (ScriptedImporter) -> (Import Result ID: '7fc19755605175350395afd7463f53cb') in 0.026781 seconds [static and dynamic dependencies]. Details - ImportResultOutputID=d7c42db6fa0cce28a7ec91bb0e8f4807 DependenciesID=6fee85c616188b6c6e97b6aa5ae80c3b StaticDependenciesID=980ff1bee9f91300d8604fa6e5326cf3 
Number of updated asset objects reloaded before import = 0Number of asset objects unloaded after import = 9

========================================================================
Received Import Request.
  Time since last request: 0.000029 seconds.
  path: Assets/Animation/Materials/RatDiffuse.mat
  importAddress: Guid(3696958962c77354ebe1cfe69ca8db21) Importer(2089858483,b0f066a214c2f5e87bad3c948f4d605d)
Start importing Assets/Animation/Materials/RatDiffuse.mat using Guid(3696958962c77354ebe1cfe69ca8db21) Importer(2089858483,b0f066a214c2f5e87bad3c948f4d605d) (ScriptedImporter) -> (Import Result ID: 'ecc61c6b3b30682d9d02fd02335ecf74') in 0.0053868 seconds [static and dynamic dependencies]. Details - ImportResultOutputID=1a53de05da92a34ac91a0714b4fdd1d7 DependenciesID=8f84c0442ab754d7e62c76f9b5162925 StaticDependenciesID=8e7b4938c5ebcfe26805dabe8edc18bf 
Number of updated asset objects reloaded before import = 0Number of asset objects unloaded after import = 1

========================================================================
Received Import Request.
  Time since last request: 0.000022 seconds.
  path: Assets/Animation/Animators/Sparkle 1.controller
  importAddress: Guid(149f7de1965364b4a9c23518d455c0da) Importer(2089858483,b0f066a214c2f5e87bad3c948f4d605d)
Start importing Assets/Animation/Animators/Sparkle 1.controller using Guid(149f7de1965364b4a9c23518d455c0da) Importer(2089858483,b0f066a214c2f5e87bad3c948f4d605d) (ScriptedImporter) -> (Import Result ID: 'ba99e1b1e7621285e65a4c3552d770ac') in 0.0113489 seconds [static and dynamic dependencies]. Details - ImportResultOutputID=c1583e89075af8e94657d73e9bfc7140 DependenciesID=329b46ce450d07b72a2342dc740a8abf StaticDependenciesID=ca0cc03606d224a7255de61395cb9f2d 
Number of updated asset objects reloaded before import = 0Number of asset objects unloaded after import = 4

========================================================================
Received Import Request.
  Time since last request: 0.000033 seconds.
  path: Assets/Models/Daytime/ClothesLine02.fbx
  importAddress: Guid(e46b5f9a6a739f34faebf078991724a0) Importer(2089858483,b0f066a214c2f5e87bad3c948f4d605d)
Start importing Assets/Models/Daytime/ClothesLine02.fbx using Guid(e46b5f9a6a739f34faebf078991724a0) Importer(2089858483,b0f066a214c2f5e87bad3c948f4d605d) (ScriptedImporter) -> (Import Result ID: '64b6827e71921234d9e8282e979caefa') in 0.0224385 seconds [static and dynamic dependencies]. Details - ImportResultOutputID=1b73590238f534630b879ab4270cf1d7 DependenciesID=0c90961fbf2b1bcf2ec7ed5f627908ff StaticDependenciesID=4647e21dd5755a51ea260aadd5ca3b40 
Number of updated asset objects reloaded before import = 0Number of asset objects unloaded after import = 9

========================================================================
Received Import Request.
  Time since last request: 0.000038 seconds.
  path: Assets/Models/Daytime/FarBackBuilding01.fbx
  importAddress: Guid(62838b17c29c25b48b3cb0b058486aab) Importer(2089858483,b0f066a214c2f5e87bad3c948f4d605d)
Start importing Assets/Models/Daytime/FarBackBuilding01.fbx using Guid(62838b17c29c25b48b3cb0b058486aab) Importer(2089858483,b0f066a214c2f5e87bad3c948f4d605d) (ScriptedImporter) -> (Import Result ID: '42551791f0b07650771f5a08e82855c8') in 0.0343278 seconds [static and dynamic dependencies]. Details - ImportResultOutputID=2cfd17ddc63fd2b46790aac120356697 DependenciesID=0faf9b5179079dbc30e592c1589001a6 StaticDependenciesID=b188471fd85b21505449c65b01227108 
Number of updated asset objects reloaded before import = 0Number of asset objects unloaded after import = 8

========================================================================
Received Import Request.
  Time since last request: 0.000204 seconds.
  path: Assets/Animation/Animators/ScoreMultiplier.controller
  importAddress: Guid(130af4be397ce3c4bafaa0209dfa1844) Importer(2089858483,b0f066a214c2f5e87bad3c948f4d605d)
Start importing Assets/Animation/Animators/ScoreMultiplier.controller using Guid(130af4be397ce3c4bafaa0209dfa1844) Importer(2089858483,b0f066a214c2f5e87bad3c948f4d605d) (ScriptedImporter) -> (Import Result ID: '0c30cdb1593fd57b4389e2f34fce7c4a') in 0.0069531 seconds [static and dynamic dependencies]. Details - ImportResultOutputID=04d209e294fb13f6e43ec74bc7c36006 DependenciesID=1f243226783ffedf2635c9e3ecc7376c StaticDependenciesID=5dfb83cec482ab6c2584a8933eb08650 
Number of updated asset objects reloaded before import = 0Number of asset objects unloaded after import = 4

========================================================================
Received Import Request.
  Time since last request: 0.000046 seconds.
  path: Assets/URPDefaultResources/Fastest.asset
  importAddress: Guid(fda48dafb68893943bda31ff3a37258f) Importer(2089858483,b0f066a214c2f5e87bad3c948f4d605d)
Start importing Assets/URPDefaultResources/Fastest.asset using Guid(fda48dafb68893943bda31ff3a37258f) Importer(2089858483,b0f066a214c2f5e87bad3c948f4d605d) (ScriptedImporter) -> (Import Result ID: '9d363ae0c27b3f6f9de52c6b9057e2d1') in 0.0081989 seconds [static and dynamic dependencies]. Details - ImportResultOutputID=460ba78e032fd4447d8f7b0873aec5f8 DependenciesID=9d85b6bbfadcc430e5b901280354f927 StaticDependenciesID=1efa63d96b0d813e03622352c594126d 
Number of updated asset objects reloaded before import = 0Number of asset objects unloaded after import = 1

========================================================================
Received Import Request.
  Time since last request: 0.000083 seconds.
  path: Assets/AddressableAssetsData/AssetGroups/Built In Data.asset
  importAddress: Guid(46a549cf223b965419395d1eb67697d5) Importer(2089858483,b0f066a214c2f5e87bad3c948f4d605d)
Start importing Assets/AddressableAssetsData/AssetGroups/Built In Data.asset using Guid(46a549cf223b965419395d1eb67697d5) Importer(2089858483,b0f066a214c2f5e87bad3c948f4d605d) (ScriptedImporter) -> (Import Result ID: 'ad0f973aaf1a6ea027f2554de7563c15') in 0.0045643 seconds [static and dynamic dependencies]. Details - ImportResultOutputID=16d4627f629398e788e3af5124ee844e DependenciesID=2fa30ba4ea24cc25c0201bced57a0c52 StaticDependenciesID=fd5c7e2350d659d85484e627e4d7e2ab 
Number of updated asset objects reloaded before import = 0Number of asset objects unloaded after import = 1

========================================================================
Received Import Request.
  Time since last request: 0.000025 seconds.
  path: Assets/Models/Daytime/RoadWorksBarrierHigh.fbx
  importAddress: Guid(06fd29260038fb34ea2c8a58e5777c39) Importer(2089858483,b0f066a214c2f5e87bad3c948f4d605d)
Start importing Assets/Models/Daytime/RoadWorksBarrierHigh.fbx using Guid(06fd29260038fb34ea2c8a58e5777c39) Importer(2089858483,b0f066a214c2f5e87bad3c948f4d605d) (ScriptedImporter) -> (Import Result ID: '41403585211a6dd74fc7804c0e7954c3') in 0.0209104 seconds [static and dynamic dependencies]. Details - ImportResultOutputID=4a4f2e62ca80542cea6193a313a71bcf DependenciesID=8513677d24acd12187a3aae06006d88f StaticDependenciesID=63e68f4a8bbee973ddd6cef66ed9288c 
Number of updated asset objects reloaded before import = 0Number of asset objects unloaded after import = 8

========================================================================
Received Import Request.
  Time since last request: 0.000045 seconds.
  path: Assets/Animation/Animators/MenuActors.controller
  importAddress: Guid(b02c31c22c8c5eb4eae1187ce575f979) Importer(2089858483,b0f066a214c2f5e87bad3c948f4d605d)
Start importing Assets/Animation/Animators/MenuActors.controller using Guid(b02c31c22c8c5eb4eae1187ce575f979) Importer(2089858483,b0f066a214c2f5e87bad3c948f4d605d) (ScriptedImporter) -> (Import Result ID: '737efe2ef139cda945568cfc745cc567') in 0.0218984 seconds [static and dynamic dependencies]. Details - ImportResultOutputID=955241a95dade1f22b9b438053f875a2 DependenciesID=251ca3a5d4b15dde037cea2523ffba47 StaticDependenciesID=3cef38d0ca326f7bfd5780edfea814ff 
Number of updated asset objects reloaded before import = 0Number of asset objects unloaded after import = 4

========================================================================
Received Import Request.
  Time since last request: 0.000038 seconds.
  path: Assets/Models/Daytime/BinBagOpen.fbx
  importAddress: Guid(1f6f8aef6ad2c6441a3fe10ca76836c2) Importer(2089858483,b0f066a214c2f5e87bad3c948f4d605d)
Start importing Assets/Models/Daytime/BinBagOpen.fbx using Guid(1f6f8aef6ad2c6441a3fe10ca76836c2) Importer(2089858483,b0f066a214c2f5e87bad3c948f4d605d) (ScriptedImporter) -> (Import Result ID: '40faeb1a232c64140123e85120793c9d') in 0.021216 seconds [static and dynamic dependencies]. Details - ImportResultOutputID=ac5212fa1a6de209df933c6aebd3e65e DependenciesID=c4bd2d8ac3c6fb79e5f479310adef913 StaticDependenciesID=486dbddd61f04008c9a35f5ffa3e188d 
Number of updated asset objects reloaded before import = 0Number of asset objects unloaded after import = 8

========================================================================
Received Import Request.
  Time since last request: 0.000024 seconds.
  path: Assets/Models/Daytime/FireEscape.fbx
  importAddress: Guid(b71d9a866ea5bd84e9d072202051e4ce) Importer(2089858483,b0f066a214c2f5e87bad3c948f4d605d)
Start importing Assets/Models/Daytime/FireEscape.fbx using Guid(b71d9a866ea5bd84e9d072202051e4ce) Importer(2089858483,b0f066a214c2f5e87bad3c948f4d605d) (ScriptedImporter) -> (Import Result ID: '48ca53105eadb2275dd3250629f9ebec') in 0.0286528 seconds [static and dynamic dependencies]. Details - ImportResultOutputID=c481df3d131a3ea17caafc741324c7b2 DependenciesID=11a11c83b655b9a859e16412d9d2b3e0 StaticDependenciesID=c2205e1fd3b1cfa12fc79088ba11e833 
Number of updated asset objects reloaded before import = 0Number of asset objects unloaded after import = 14

========================================================================
Received Import Request.
  Time since last request: 0.000022 seconds.
  path: Assets/Models/Daytime/Garage03.fbx
  importAddress: Guid(30b14536b23b6834ca16bb23833d1d88) Importer(2089858483,b0f066a214c2f5e87bad3c948f4d605d)
Start importing Assets/Models/Daytime/Garage03.fbx using Guid(30b14536b23b6834ca16bb23833d1d88) Importer(2089858483,b0f066a214c2f5e87bad3c948f4d605d) (ScriptedImporter) -> (Import Result ID: 'e1b2918f16bfa4fdd936feb5f86f0d0d') in 0.0200388 seconds [static and dynamic dependencies]. Details - ImportResultOutputID=009871c9a1c96920b7ab643121c41b9b DependenciesID=9a5ba380b04e5a1240346cf71fd32b48 StaticDependenciesID=a00c89175ef341f2ec0f291c1d6016e6 
Number of updated asset objects reloaded before import = 0Number of asset objects unloaded after import = 9

========================================================================
Received Import Request.
  Time since last request: 0.000039 seconds.
  path: Assets/Animation/Materials/DogDiffuse.mat
  importAddress: Guid(eb94c7e86b08f394c87a48c784d8ae70) Importer(2089858483,b0f066a214c2f5e87bad3c948f4d605d)
Start importing Assets/Animation/Materials/DogDiffuse.mat using Guid(eb94c7e86b08f394c87a48c784d8ae70) Importer(2089858483,b0f066a214c2f5e87bad3c948f4d605d) (ScriptedImporter) -> (Import Result ID: '719fe1198d89da596b5d176a42d197db') in 0.0093132 seconds [static and dynamic dependencies]. Details - ImportResultOutputID=b7118c38ceaf3dde3f996cf67cebc1a5 DependenciesID=cb9ebbf5d2f0bf3a5d4b7407691f8fcd StaticDependenciesID=529e8675c5040d7acc286fde54b75f60 
Number of updated asset objects reloaded before import = 0Number of asset objects unloaded after import = 1

========================================================================
Received Import Request.
  Time since last request: 0.000020 seconds.
  path: Assets/Models/Daytime/SkipBlue.fbx
  importAddress: Guid(38712ee56b1eed24d8f5a77d10352a98) Importer(2089858483,b0f066a214c2f5e87bad3c948f4d605d)
Start importing Assets/Models/Daytime/SkipBlue.fbx using Guid(38712ee56b1eed24d8f5a77d10352a98) Importer(2089858483,b0f066a214c2f5e87bad3c948f4d605d) (ScriptedImporter) -> (Import Result ID: 'bc3f4242b03d3dc5d8df675dc358af21') in 0.0146667 seconds [static and dynamic dependencies]. Details - ImportResultOutputID=5641b6c544507676c56eff6a59cd22da DependenciesID=9b475e294361dd7c7cc934fa9ba67a3a StaticDependenciesID=92776696ff12f5200c4f750b2a0e80cd 
Number of updated asset objects reloaded before import = 0Number of asset objects unloaded after import = 9

========================================================================
Received Import Request.
  Time since last request: 0.000028 seconds.
  path: Assets/AddressableAssetsData/OSX/addressables_content_state.bin
  importAddress: Guid(387831cc311ee4903a6443b5a82a78bf) Importer(2089858483,b0f066a214c2f5e87bad3c948f4d605d)
Start importing Assets/AddressableAssetsData/OSX/addressables_content_state.bin using Guid(387831cc311ee4903a6443b5a82a78bf) Importer(2089858483,b0f066a214c2f5e87bad3c948f4d605d) (ScriptedImporter) -> (Import Result ID: '92979f9ea4aa826d206ecf77ec8b61a4') in 0.0078496 seconds [static and dynamic dependencies]. Details - ImportResultOutputID=dfddd5d1077d8dfdf9b8528666945794 DependenciesID=c7c9904e784ea7d7183be94c76c53c37 StaticDependenciesID=e75fcae4fb3a909b949582c9148ed827 
Number of updated asset objects reloaded before import = 0Number of asset objects unloaded after import = 1

========================================================================
Received Import Request.
  Time since last request: 0.000038 seconds.
  path: Assets/Animation/Animators/CharacterAnimation.controller
  importAddress: Guid(b468e53677ceeeb49bcda5deb95250aa) Importer(2089858483,b0f066a214c2f5e87bad3c948f4d605d)
Start importing Assets/Animation/Animators/CharacterAnimation.controller using Guid(b468e53677ceeeb49bcda5deb95250aa) Importer(2089858483,b0f066a214c2f5e87bad3c948f4d605d) (ScriptedImporter) -> (Import Result ID: 'fdc9c23fa1195aa57e4a5b8ecb8afd88') in 0.0261133 seconds [static and dynamic dependencies]. Details - ImportResultOutputID=4ba11803295574f43e8cbc12f0818f8b DependenciesID=207d1efff28b20fccfe6c3cebec09f57 StaticDependenciesID=7bf1c0752e8b4a1c257b374eaf6e2a12 
Number of updated asset objects reloaded before import = 0Number of asset objects unloaded after import = 54

========================================================================
Received Import Request.
  Time since last request: 0.000055 seconds.
  path: Assets/AddressableAssetsData/DataBuilders/BuildScriptPackedPlayMode.asset
  importAddress: Guid(0d312b493c3ac6b4c8abe0255be79512) Importer(2089858483,b0f066a214c2f5e87bad3c948f4d605d)
Start importing Assets/AddressableAssetsData/DataBuilders/BuildScriptPackedPlayMode.asset using Guid(0d312b493c3ac6b4c8abe0255be79512) Importer(2089858483,b0f066a214c2f5e87bad3c948f4d605d) (ScriptedImporter) -> (Import Result ID: '5ef8a8c1d476d5480e4daad62cce8cb6') in 0.0049888 seconds [static and dynamic dependencies]. Details - ImportResultOutputID=10eddac504b81bb1ebb7a2a4e7163c29 DependenciesID=535409f0f53884ef33a9bb2bff1e0b86 StaticDependenciesID=259647e8bebd05c9a95a32586b5e9414 
Number of updated asset objects reloaded before import = 0Number of asset objects unloaded after import = 1

========================================================================
Received Import Request.
  Time since last request: 0.000082 seconds.
  path: Assets/MobileDependencyResolver/Editor/LICENSE
  importAddress: Guid(a0a74f7579114ab58b46e496d4b2ba97) Importer(2089858483,b0f066a214c2f5e87bad3c948f4d605d)
Start importing Assets/MobileDependencyResolver/Editor/LICENSE using Guid(a0a74f7579114ab58b46e496d4b2ba97) Importer(2089858483,b0f066a214c2f5e87bad3c948f4d605d) (ScriptedImporter) -> (Import Result ID: 'fbf5b597e93613e03aa7587296257ca4') in 0.0072585 seconds [static and dynamic dependencies]. Details - ImportResultOutputID=1f8be26017117bedba7baf8e638848d8 DependenciesID=afcfd7f7b4765aa81865b9a13f2b391a StaticDependenciesID=f4a24760142e18ca1e67848d36b60097 
Number of updated asset objects reloaded before import = 0Number of asset objects unloaded after import = 1

========================================================================
Received Import Request.
  Time since last request: 0.000159 seconds.
  path: Assets/Animation/Tutorial/slideAnimationUp.anim
  importAddress: Guid(8bac864b136a1a145813f5d2a1c17c8d) Importer(2089858483,b0f066a214c2f5e87bad3c948f4d605d)
Start importing Assets/Animation/Tutorial/slideAnimationUp.anim using Guid(8bac864b136a1a145813f5d2a1c17c8d) Importer(2089858483,b0f066a214c2f5e87bad3c948f4d605d) (ScriptedImporter) -> (Import Result ID: '2051cd790cef5f89c82a1cf614e1eed6') in 0.007754 seconds [static and dynamic dependencies]. Details - ImportResultOutputID=485a52fa6859f85152dd0588f43c8b9d DependenciesID=73a21e972207be4d2340518087b25875 StaticDependenciesID=696b3975f923e1378b4f5f9feee2829d 
Number of updated asset objects reloaded before import = 0Number of asset objects unloaded after import = 1

========================================================================
Received Import Request.
  Time since last request: 0.000071 seconds.
  path: Assets/Models/Daytime/Garage01.fbx
  importAddress: Guid(b88b10aa653a62345a5f8ec4dd768a2b) Importer(2089858483,b0f066a214c2f5e87bad3c948f4d605d)
Start importing Assets/Models/Daytime/Garage01.fbx using Guid(b88b10aa653a62345a5f8ec4dd768a2b) Importer(2089858483,b0f066a214c2f5e87bad3c948f4d605d) (ScriptedImporter) -> (Import Result ID: 'e67334cb0d59d434ec4a1e21f34856e5') in 0.0206179 seconds [static and dynamic dependencies]. Details - ImportResultOutputID=bfba5e2b2b4a740a46ea2e89ac7d7607 DependenciesID=1bc1ebff76393ce53e1c996175ea515f StaticDependenciesID=21ecc50828edcd7d671679d752d5b4a0 
Number of updated asset objects reloaded before import = 0Number of asset objects unloaded after import = 9

========================================================================
Received Import Request.
  Time since last request: 0.000036 seconds.
  path: Assets/Models/NightTime/Car01Night.fbx
  importAddress: Guid(e537dadb0b041534bb5ab40fa58e7a87) Importer(2089858483,b0f066a214c2f5e87bad3c948f4d605d)
Start importing Assets/Models/NightTime/Car01Night.fbx using Guid(e537dadb0b041534bb5ab40fa58e7a87) Importer(2089858483,b0f066a214c2f5e87bad3c948f4d605d) (ScriptedImporter) -> (Import Result ID: '46c8eae4b4a339438157d652459c0336') in 0.0217869 seconds [static and dynamic dependencies]. Details - ImportResultOutputID=2e2f29e8a3afe8c16d0e1e4e38b097f0 DependenciesID=7a6d7efb538b5872fcb88c3502eea21e StaticDependenciesID=3b27957ad3cd5e3900bf3a01d29bdc67 
Number of updated asset objects reloaded before import = 0Number of asset objects unloaded after import = 10

========================================================================
Received Import Request.
  Time since last request: 0.000023 seconds.
  path: Assets/Models/Daytime/SkipRed.fbx
  importAddress: Guid(9df2e973490c88e4fba45be37fd4b39f) Importer(2089858483,b0f066a214c2f5e87bad3c948f4d605d)
Start importing Assets/Models/Daytime/SkipRed.fbx using Guid(9df2e973490c88e4fba45be37fd4b39f) Importer(2089858483,b0f066a214c2f5e87bad3c948f4d605d) (ScriptedImporter) -> (Import Result ID: 'faf2f9436d17bbb909c0644cb95611ba') in 0.0186342 seconds [static and dynamic dependencies]. Details - ImportResultOutputID=112ee4ea193c6e1f90242325ee8d4dba DependenciesID=c17b913701e879718b047eaac313a79f StaticDependenciesID=017d67476688b34582a576336204c8c8 
Number of updated asset objects reloaded before import = 0Number of asset objects unloaded after import = 9

========================================================================
Received Import Request.
  Time since last request: 0.000029 seconds.
  path: Assets/Animation/Animators/MenuEnvironmentProps.controller
  importAddress: Guid(92b48ddff05b0f740990170bc4e5a6a9) Importer(2089858483,b0f066a214c2f5e87bad3c948f4d605d)
Start importing Assets/Animation/Animators/MenuEnvironmentProps.controller using Guid(92b48ddff05b0f740990170bc4e5a6a9) Importer(2089858483,b0f066a214c2f5e87bad3c948f4d605d) (ScriptedImporter) -> (Import Result ID: '7e108f874ac20e5ceef542fe1ea9d28e') in 0.0064537 seconds [static and dynamic dependencies]. Details - ImportResultOutputID=6c2e21140883b39f0f120dae1f6d0992 DependenciesID=aaba0accc3eaee940a0c47406c99433e StaticDependenciesID=ffb5a3a93a2f417cab35986346daa3ef 
Number of updated asset objects reloaded before import = 0Number of asset objects unloaded after import = 4

========================================================================
Received Import Request.
  Time since last request: 0.000066 seconds.
  path: Assets/Videos/vid1.mp4
  importAddress: Guid(537a72f5fde8b6542939096aeb5af4aa) Importer(2089858483,b0f066a214c2f5e87bad3c948f4d605d)
Start importing Assets/Videos/vid1.mp4 using Guid(537a72f5fde8b6542939096aeb5af4aa) Importer(2089858483,b0f066a214c2f5e87bad3c948f4d605d) (ScriptedImporter) -> (Import Result ID: '4dddff4387af927d74d5383e20476fa1') in 0.0139448 seconds [static and dynamic dependencies]. Details - ImportResultOutputID=71e2b6a4e6ce3bfa3e3d770b4bc729fd DependenciesID=37ee5a099767195e796230e4c0bf8874 StaticDependenciesID=b3fff2ac0cd1cc07855d321af4568fc0 
Number of updated asset objects reloaded before import = 0Number of asset objects unloaded after import = 1

========================================================================
Received Import Request.
  Time since last request: 0.000088 seconds.
  path: Assets/Models/NightTime/Apartments01Night.fbx
  importAddress: Guid(2be2b6e1a1ba37447a6b955ae340e2fc) Importer(2089858483,b0f066a214c2f5e87bad3c948f4d605d)
Start importing Assets/Models/NightTime/Apartments01Night.fbx using Guid(2be2b6e1a1ba37447a6b955ae340e2fc) Importer(2089858483,b0f066a214c2f5e87bad3c948f4d605d) (ScriptedImporter) -> (Import Result ID: '0b9ae9aaa2f2666fa36f24ca50c673aa') in 0.0241197 seconds [static and dynamic dependencies]. Details - ImportResultOutputID=fd95098baa97b8ffe5f21c68879371e7 DependenciesID=46dc75f3796fd0d74b407970277411d3 StaticDependenciesID=5b00f788b129237b9de446238050a8ff 
Number of updated asset objects reloaded before import = 0Number of asset objects unloaded after import = 9

========================================================================
Received Import Request.
  Time since last request: 0.000138 seconds.
  path: Assets/Models/Daytime/BackgroundBuilding02.fbx
  importAddress: Guid(8358882a52ff2274a942a2128ae80355) Importer(2089858483,b0f066a214c2f5e87bad3c948f4d605d)
Start importing Assets/Models/Daytime/BackgroundBuilding02.fbx using Guid(8358882a52ff2274a942a2128ae80355) Importer(2089858483,b0f066a214c2f5e87bad3c948f4d605d) (ScriptedImporter) -> (Import Result ID: '79369c8d1519ca4fceb695d1d5933d71') in 0.0206817 seconds [static and dynamic dependencies]. Details - ImportResultOutputID=459845474bde9871c981cc5d25e88153 DependenciesID=94de58cb930f378ace5f953f879b8502 StaticDependenciesID=9eceb18efef510c01599c3ab15112d8d 
Number of updated asset objects reloaded before import = 0Number of asset objects unloaded after import = 9

========================================================================
Received Import Request.
  Time since last request: 0.000027 seconds.
  path: Assets/Models/Daytime/Garage05.fbx
  importAddress: Guid(00dab2cfce604f245a13349393a093a9) Importer(2089858483,b0f066a214c2f5e87bad3c948f4d605d)
Start importing Assets/Models/Daytime/Garage05.fbx using Guid(00dab2cfce604f245a13349393a093a9) Importer(2089858483,b0f066a214c2f5e87bad3c948f4d605d) (ScriptedImporter) -> (Import Result ID: '3a9db85fb6de4b7c5d13ee2da4a60095') in 0.0187067 seconds [static and dynamic dependencies]. Details - ImportResultOutputID=8941d7455777b0fd55c9eefb2ea6b3a5 DependenciesID=77c01d65bbf7ed83c2f32204ffcfbbb2 StaticDependenciesID=6d25a5a0081c31b3c4bcce3e1b5f57e2 
Number of updated asset objects reloaded before import = 0Number of asset objects unloaded after import = 9

========================================================================
Received Import Request.
  Time since last request: 0.000040 seconds.
  path: Assets/Animation/Materials/lambert1.mat
  importAddress: Guid(5a50f50d60db8584d8079d8fc0b627ad) Importer(2089858483,b0f066a214c2f5e87bad3c948f4d605d)
Start importing Assets/Animation/Materials/lambert1.mat using Guid(5a50f50d60db8584d8079d8fc0b627ad) Importer(2089858483,b0f066a214c2f5e87bad3c948f4d605d) (ScriptedImporter) -> (Import Result ID: '8fd8f4984a6a70b65e3bb56021f8d8c2') in 0.0108021 seconds [static and dynamic dependencies]. Details - ImportResultOutputID=161db447b31a79e28c3a032fbd543ba7 DependenciesID=68c86243a9817a905182265a1603a97b StaticDependenciesID=30d7e6d73eba3436ed6f28b960ba541c 
Number of updated asset objects reloaded before import = 0Number of asset objects unloaded after import = 1

========================================================================
Received Import Request.
  Time since last request: 0.000025 seconds.
  path: Assets/Models/Daytime/Warehouse03.fbx
  importAddress: Guid(1359dd6aa47776244b81e26522160310) Importer(2089858483,b0f066a214c2f5e87bad3c948f4d605d)
Start importing Assets/Models/Daytime/Warehouse03.fbx using Guid(1359dd6aa47776244b81e26522160310) Importer(2089858483,b0f066a214c2f5e87bad3c948f4d605d) (ScriptedImporter) -> (Import Result ID: '026492be7dd98eed7023639e0035a353') in 0.0306481 seconds [static and dynamic dependencies]. Details - ImportResultOutputID=1175576d1a021bd86530f1f969f44317 DependenciesID=5e35499fe479d57134a268cc7d0311b8 StaticDependenciesID=d68d291a942dfb6b8f7a3262663fcbe6 
Number of updated asset objects reloaded before import = 0Number of asset objects unloaded after import = 12

========================================================================
Received Import Request.
  Time since last request: 0.000038 seconds.
  path: Assets/URPDefaultResources/Simple.asset
  importAddress: Guid(b203e1134788b1f4fb8e3919506b1e1a) Importer(2089858483,b0f066a214c2f5e87bad3c948f4d605d)
Start importing Assets/URPDefaultResources/Simple.asset using Guid(b203e1134788b1f4fb8e3919506b1e1a) Importer(2089858483,b0f066a214c2f5e87bad3c948f4d605d) (ScriptedImporter) -> (Import Result ID: '13f08616bead72a43d7eee8efa9c7aa8') in 0.0038375 seconds [static and dynamic dependencies]. Details - ImportResultOutputID=815c7da5532489b10d160ffeb57f1feb DependenciesID=a8aac8b9aec094bba1436b8bffec040b StaticDependenciesID=9ea6fcf6c7ee8291fe2134bc85ace0b3 
Number of updated asset objects reloaded before import = 0Number of asset objects unloaded after import = 1

========================================================================
Received Import Request.
  Time since last request: 0.000033 seconds.
  path: Assets/Models/NightTime/FarBackBuilding03Night.fbx
  importAddress: Guid(18201b76469698049b1db7763ebbd564) Importer(2089858483,b0f066a214c2f5e87bad3c948f4d605d)
Start importing Assets/Models/NightTime/FarBackBuilding03Night.fbx using Guid(18201b76469698049b1db7763ebbd564) Importer(2089858483,b0f066a214c2f5e87bad3c948f4d605d) (ScriptedImporter) -> (Import Result ID: '9e02d81df9d6cc77c11ee41336dd7836') in 0.0138227 seconds [static and dynamic dependencies]. Details - ImportResultOutputID=232b97598371bf6db348a9a6e344395c DependenciesID=34e2c4c4eef1067f25961bf79d04b9c8 StaticDependenciesID=0ac28ef41ab83f88d2badfc5a4e34769 
Number of updated asset objects reloaded before import = 0Number of asset objects unloaded after import = 8

========================================================================
Received Import Request.
  Time since last request: 0.000105 seconds.
  path: Assets/mokrane/Animations/Mokrane_Crouching Idle.fbx
  importAddress: Guid(0404c9a68c862f940bb315cd2788a926) Importer(2089858483,b0f066a214c2f5e87bad3c948f4d605d)
Start importing Assets/mokrane/Animations/Mokrane_Crouching Idle.fbx using Guid(0404c9a68c862f940bb315cd2788a926) Importer(2089858483,b0f066a214c2f5e87bad3c948f4d605d) (ScriptedImporter) -> (Import Result ID: '2bc58a52a6dc53eb0f79409d93ba0704') in 0.0195143 seconds [static and dynamic dependencies]. Details - ImportResultOutputID=2fc6391e4543990a2b27e2ff45ab0b78 DependenciesID=15e78ef534a9c40d34484e6460f070fe StaticDependenciesID=f1dc90012d3c89c3ff4fb884a001f1a5 
Number of updated asset objects reloaded before import = 0Number of asset objects unloaded after import = 137

========================================================================
Received Import Request.
  Time since last request: 0.000027 seconds.
  path: Assets/Models/NightTime/MagnetNight.fbx
  importAddress: Guid(403f3551631f5e74b809ff5f43d32338) Importer(2089858483,b0f066a214c2f5e87bad3c948f4d605d)
Start importing Assets/Models/NightTime/MagnetNight.fbx using Guid(403f3551631f5e74b809ff5f43d32338) Importer(2089858483,b0f066a214c2f5e87bad3c948f4d605d) (ScriptedImporter) -> (Import Result ID: 'a68287789ff7e35612c62d8b85fbffc4') in 0.0191316 seconds [static and dynamic dependencies]. Details - ImportResultOutputID=bfd54b83b91d1eedd776820be28143fe DependenciesID=a1c6d51d458bf2ab72d98421a382556c StaticDependenciesID=7e700b025251b9c715479596245df447 
Number of updated asset objects reloaded before import = 0Number of asset objects unloaded after import = 8

========================================================================
Received Import Request.
  Time since last request: 0.000061 seconds.
  path: Assets/Models/NightTime/CloverNight.fbx
  importAddress: Guid(f9a0d0ec4fa1f30459aaed7e642ad920) Importer(2089858483,b0f066a214c2f5e87bad3c948f4d605d)
Start importing Assets/Models/NightTime/CloverNight.fbx using Guid(f9a0d0ec4fa1f30459aaed7e642ad920) Importer(2089858483,b0f066a214c2f5e87bad3c948f4d605d) (ScriptedImporter) -> (Import Result ID: 'fa0c410fe2ccec045945f72cd60b2e43') in 0.0130708 seconds [static and dynamic dependencies]. Details - ImportResultOutputID=296a8570dd09e2b521d257ecb291d7bd DependenciesID=0dca43c920e1847655dba6955461a1f5 StaticDependenciesID=f789407e23f1f3b9387b190cf829cead 
Number of updated asset objects reloaded before import = 0Number of asset objects unloaded after import = 8

========================================================================
Received Import Request.
  Time since last request: 0.000036 seconds.
  path: Assets/mokrane/Animations/Mokrane_Braced Hang Drop.fbx
  importAddress: Guid(b27c31f28162d1d4e867dae8cf349f5e) Importer(2089858483,b0f066a214c2f5e87bad3c948f4d605d)
Start importing Assets/mokrane/Animations/Mokrane_Braced Hang Drop.fbx using Guid(b27c31f28162d1d4e867dae8cf349f5e) Importer(2089858483,b0f066a214c2f5e87bad3c948f4d605d) (ScriptedImporter) -> (Import Result ID: '332cf596a8b3053eab349013a5e6ee5a') in 0.0249495 seconds [static and dynamic dependencies]. Details - ImportResultOutputID=be5db7173f1eb409aad1a96e0187e204 DependenciesID=d8f4e3cc4f07e1c5755746fd541259c3 StaticDependenciesID=d89ffc988ee4a46f07caad2f89221f37 
Number of updated asset objects reloaded before import = 0Number of asset objects unloaded after import = 137

========================================================================
Received Import Request.
  Time since last request: 0.000026 seconds.
  path: Assets/Models/NightTime/StarInnerNight.fbx
  importAddress: Guid(ae6a85a08d8075148a3a1080a4285f5b) Importer(2089858483,b0f066a214c2f5e87bad3c948f4d605d)
Start importing Assets/Models/NightTime/StarInnerNight.fbx using Guid(ae6a85a08d8075148a3a1080a4285f5b) Importer(2089858483,b0f066a214c2f5e87bad3c948f4d605d) (ScriptedImporter) -> (Import Result ID: '0a49348f7c6282a7d14a0d0955de3766') in 0.0170974 seconds [static and dynamic dependencies]. Details - ImportResultOutputID=65f5660ac913ceb3cc2c9f8a5edd2cd0 DependenciesID=c42e68c2eb05c961ce48066bda0e3c7c StaticDependenciesID=a0da9511c5193df1ebc940acb7093617 
Number of updated asset objects reloaded before import = 0Number of asset objects unloaded after import = 10

========================================================================
Received Import Request.
  Time since last request: 0.000027 seconds.
  path: Assets/Models/NightTime/WoodFence01Night.fbx
  importAddress: Guid(73e8879a2842b6c4080943719d287098) Importer(2089858483,b0f066a214c2f5e87bad3c948f4d605d)
Start importing Assets/Models/NightTime/WoodFence01Night.fbx using Guid(73e8879a2842b6c4080943719d287098) Importer(2089858483,b0f066a214c2f5e87bad3c948f4d605d) (ScriptedImporter) -> (Import Result ID: 'd447ba46be5bcbaa71b9a1a2adb20345') in 0.0161837 seconds [static and dynamic dependencies]. Details - ImportResultOutputID=f36921e7270ebe0dfaeccdac4e2f4391 DependenciesID=200e41fb2586e9e7e21c9c6deb62b254 StaticDependenciesID=c202ea02492814876bef71f2f0620d6a 
Number of updated asset objects reloaded before import = 0Number of asset objects unloaded after import = 8

========================================================================
Received Import Request.
  Time since last request: 0.000018 seconds.
  path: Assets/Models/NightTime/StreetLightNight.fbx
  importAddress: Guid(ef896326ab6f34a4b92f93cb7b333ed7) Importer(2089858483,b0f066a214c2f5e87bad3c948f4d605d)
Start importing Assets/Models/NightTime/StreetLightNight.fbx using Guid(ef896326ab6f34a4b92f93cb7b333ed7) Importer(2089858483,b0f066a214c2f5e87bad3c948f4d605d) (ScriptedImporter) -> (Import Result ID: '673bafd1f40a27173da10f32fd3a1705') in 0.0178496 seconds [static and dynamic dependencies]. Details - ImportResultOutputID=4f4d9d6e2adc077d5c39f8baf1e4b4ce DependenciesID=f03ab7750cbf3a1c7eceeae907b80afb StaticDependenciesID=2f7e577208a5a8ffdf338ef0cfd1883c 
Number of updated asset objects reloaded before import = 0Number of asset objects unloaded after import = 8

========================================================================
Received Import Request.
  Time since last request: 0.000023 seconds.
  path: Assets/Models/NightTime/PlasteredWall01Night.fbx
  importAddress: Guid(acbe9efaa69e9ab4d90ce40cd942473e) Importer(2089858483,b0f066a214c2f5e87bad3c948f4d605d)
Start importing Assets/Models/NightTime/PlasteredWall01Night.fbx using Guid(acbe9efaa69e9ab4d90ce40cd942473e) Importer(2089858483,b0f066a214c2f5e87bad3c948f4d605d) (ScriptedImporter) -> (Import Result ID: '3aedccd3f3c74247158fdbcbe2f4f573') in 0.0194495 seconds [static and dynamic dependencies]. Details - ImportResultOutputID=9ce7df95575b53eba62b9d21525a5a61 DependenciesID=4480d8e5114ac7c7b32d4dc4c079e7f0 StaticDependenciesID=cc883d1116aec81dc6ba1c60010252fb 
Number of updated asset objects reloaded before import = 0Number of asset objects unloaded after import = 9

========================================================================
Received Import Request.
  Time since last request: 0.000019 seconds.
  path: Assets/Models/NightTime/LightCone.fbx
  importAddress: Guid(c7b3ca3ecfb32be4994a0cc6bebcf0c0) Importer(2089858483,b0f066a214c2f5e87bad3c948f4d605d)
Start importing Assets/Models/NightTime/LightCone.fbx using Guid(c7b3ca3ecfb32be4994a0cc6bebcf0c0) Importer(2089858483,b0f066a214c2f5e87bad3c948f4d605d) (ScriptedImporter) -> (Import Result ID: 'f427458439878c55840f81f675b95eaf') in 0.0186642 seconds [static and dynamic dependencies]. Details - ImportResultOutputID=6fedc7033f8f9fd360d96870d5a83681 DependenciesID=175d15557016100351107331fe561bd1 StaticDependenciesID=41668b0dcaa5e8942c75ef3b1d57b4eb 
Number of updated asset objects reloaded before import = 0Number of asset objects unloaded after import = 7

========================================================================
Received Import Request.
  Time since last request: 0.000028 seconds.
  path: Assets/Models/NightTime/Road03Night.fbx
  importAddress: Guid(478f3d9105dcd9f4e9c7451dc470f203) Importer(2089858483,b0f066a214c2f5e87bad3c948f4d605d)
Start importing Assets/Models/NightTime/Road03Night.fbx using Guid(478f3d9105dcd9f4e9c7451dc470f203) Importer(2089858483,b0f066a214c2f5e87bad3c948f4d605d) (ScriptedImporter) -> (Import Result ID: '66a352a54e3f09a89c24a18546aeb818') in 0.018269 seconds [static and dynamic dependencies]. Details - ImportResultOutputID=a6cfe6cc1384aba13b0da4a99319465c DependenciesID=db83841534d81e71aeb4d9a54b852b31 StaticDependenciesID=e7c7a69910403d82157bb7ce0462b19c 
Number of updated asset objects reloaded before import = 0Number of asset objects unloaded after import = 8

========================================================================
Received Import Request.
  Time since last request: 0.000024 seconds.
  path: Assets/Models/NightTime/FishboneNight.fbx
  importAddress: Guid(28ee269fb48b08b4ebf71c7164a8af33) Importer(2089858483,b0f066a214c2f5e87bad3c948f4d605d)
Start importing Assets/Models/NightTime/FishboneNight.fbx using Guid(28ee269fb48b08b4ebf71c7164a8af33) Importer(2089858483,b0f066a214c2f5e87bad3c948f4d605d) (ScriptedImporter) -> (Import Result ID: '56eb9ad00724cb5eae04aca4fe971af5') in 0.0235516 seconds [static and dynamic dependencies]. Details - ImportResultOutputID=4efe2db96158bce8b4856548e9d92f14 DependenciesID=97f58de4b477c5e58d80d08c5944dea5 StaticDependenciesID=60da94c0c37f0086a3ed21e9d8f9e400 
Number of updated asset objects reloaded before import = 0Number of asset objects unloaded after import = 8

========================================================================
Received Import Request.
  Time since last request: 0.000072 seconds.
  path: Assets/Models/NightTime/SardinesNight.fbx
  importAddress: Guid(ffd10b25d71c18a4b8bc1564c9a8b738) Importer(2089858483,b0f066a214c2f5e87bad3c948f4d605d)
Start importing Assets/Models/NightTime/SardinesNight.fbx using Guid(ffd10b25d71c18a4b8bc1564c9a8b738) Importer(2089858483,b0f066a214c2f5e87bad3c948f4d605d) (ScriptedImporter) -> (Import Result ID: '33a4bd23252d2b7b5d6373c4b4fcb218') in 0.0245635 seconds [static and dynamic dependencies]. Details - ImportResultOutputID=3881f28f19d2389f6af1cc58be96884f DependenciesID=3c7ad3c784b4bb98615f1e876838d756 StaticDependenciesID=435226a422ce892bf98c512259995d98 
Number of updated asset objects reloaded before import = 0Number of asset objects unloaded after import = 8

========================================================================
Received Import Request.
  Time since last request: 0.000037 seconds.
  path: Assets/Models/NightTime/RoadWorksBarrierHighNight.fbx
  importAddress: Guid(4187050017b3e1443b1148841c6d2d3e) Importer(2089858483,b0f066a214c2f5e87bad3c948f4d605d)
Start importing Assets/Models/NightTime/RoadWorksBarrierHighNight.fbx using Guid(4187050017b3e1443b1148841c6d2d3e) Importer(2089858483,b0f066a214c2f5e87bad3c948f4d605d) (ScriptedImporter) -> (Import Result ID: '3ad3b49e80a469fa20b62c7000cc854b') in 0.0287583 seconds [static and dynamic dependencies]. Details - ImportResultOutputID=f72353aa153c0fffbf312f580c8776e1 DependenciesID=6daa2d87445efbc2a77b1c04533c3ce1 StaticDependenciesID=6e1d3c25238e38a342c0d431f567435f 
Number of updated asset objects reloaded before import = 0Number of asset objects unloaded after import = 8

========================================================================
Received Import Request.
  Time since last request: 0.000046 seconds.
  path: Assets/Models/NightTime/ManHole01Night.fbx
  importAddress: Guid(067a34fc4bbf2dc4b9fc8c55fe80aefa) Importer(2089858483,b0f066a214c2f5e87bad3c948f4d605d)
Start importing Assets/Models/NightTime/ManHole01Night.fbx using Guid(067a34fc4bbf2dc4b9fc8c55fe80aefa) Importer(2089858483,b0f066a214c2f5e87bad3c948f4d605d) (ScriptedImporter) -> (Import Result ID: '0fe39a621a0a61946936ed1f36da8178') in 0.0279851 seconds [static and dynamic dependencies]. Details - ImportResultOutputID=679f03743d52ad41269351134354de48 DependenciesID=0c63b02270cb7ea1132465c92a18dc31 StaticDependenciesID=cffc6531a2984b0669c748d5553e3aa4 
Number of updated asset objects reloaded before import = 0Number of asset objects unloaded after import = 8

========================================================================
Received Import Request.
  Time since last request: 0.000028 seconds.
  path: Assets/Models/NightTime/TelegraphPole02Night.fbx
  importAddress: Guid(91adb92975a1cfd42baa9243d6897dbb) Importer(2089858483,b0f066a214c2f5e87bad3c948f4d605d)
Start importing Assets/Models/NightTime/TelegraphPole02Night.fbx using Guid(91adb92975a1cfd42baa9243d6897dbb) Importer(2089858483,b0f066a214c2f5e87bad3c948f4d605d) (ScriptedImporter) -> (Import Result ID: '0439eb7a849a05d8454ff2e625a13d5d') in 0.0212664 seconds [static and dynamic dependencies]. Details - ImportResultOutputID=63d5b65d65897dd458c6ce7cff875c65 DependenciesID=beb16bbad7def2160886f5dd2f9b424a StaticDependenciesID=47fc0b1b168382d84ccc1ef7325688e5 
Number of updated asset objects reloaded before import = 0Number of asset objects unloaded after import = 8

========================================================================
Received Import Request.
  Time since last request: 0.000025 seconds.
  path: Assets/Models/NightTime/LightPool02.fbx
  importAddress: Guid(d532c32c19645b2499a4be29cf88d85f) Importer(2089858483,b0f066a214c2f5e87bad3c948f4d605d)
Start importing Assets/Models/NightTime/LightPool02.fbx using Guid(d532c32c19645b2499a4be29cf88d85f) Importer(2089858483,b0f066a214c2f5e87bad3c948f4d605d) (ScriptedImporter) -> (Import Result ID: 'f6e0b8f4006f30464ad01f990631cb45') in 0.0252524 seconds [static and dynamic dependencies]. Details - ImportResultOutputID=e6fd9830de956a1ef997519a78d113f7 DependenciesID=089feabdc192011c5eefcf1fefd501a6 StaticDependenciesID=530f6a3013e787793adbedefe8d93072 
Number of updated asset objects reloaded before import = 0Number of asset objects unloaded after import = 8

========================================================================
Received Import Request.
  Time since last request: 0.000062 seconds.
  path: Assets/Models/NightTime/Cloud01Night.fbx
  importAddress: Guid(f35d89f6a041c76439db836b1bf00997) Importer(2089858483,b0f066a214c2f5e87bad3c948f4d605d)
Start importing Assets/Models/NightTime/Cloud01Night.fbx using Guid(f35d89f6a041c76439db836b1bf00997) Importer(2089858483,b0f066a214c2f5e87bad3c948f4d605d) (ScriptedImporter) -> (Import Result ID: 'cb33805d962c6977a22ba767f5dd746b') in 0.0224452 seconds [static and dynamic dependencies]. Details - ImportResultOutputID=b9e048d98e7792c6245c5a3e328f55d7 DependenciesID=83b6f753fdb55fe1836f703d60d39c29 StaticDependenciesID=778f65913d6b4c0efa4e5192abd259b7 
Number of updated asset objects reloaded before import = 0Number of asset objects unloaded after import = 8

========================================================================
Received Import Request.
  Time since last request: 0.000029 seconds.
  path: Assets/Models/NightTime/RoadWorksBarrier01Night.fbx
  importAddress: Guid(113cc14eabfcd8e4eb168edfe8d12225) Importer(2089858483,b0f066a214c2f5e87bad3c948f4d605d)
Start importing Assets/Models/NightTime/RoadWorksBarrier01Night.fbx using Guid(113cc14eabfcd8e4eb168edfe8d12225) Importer(2089858483,b0f066a214c2f5e87bad3c948f4d605d) (ScriptedImporter) -> (Import Result ID: '4437dfe721c52dd057887385c3740230') in 0.0205402 seconds [static and dynamic dependencies]. Details - ImportResultOutputID=d48bc43efe158ae98b5275a423eeaa64 DependenciesID=40eb52f208508c0ffe462e52358393eb StaticDependenciesID=106088effe78f79c440f37973dd5314f 
Number of updated asset objects reloaded before import = 0Number of asset objects unloaded after import = 8

========================================================================
Received Import Request.
  Time since last request: 0.000024 seconds.
  path: Assets/mokrane/Animations/Mokrane_Cheering.fbx
  importAddress: Guid(db83216c072262a4c9126d925b7977bd) Importer(2089858483,b0f066a214c2f5e87bad3c948f4d605d)
Start importing Assets/mokrane/Animations/Mokrane_Cheering.fbx using Guid(db83216c072262a4c9126d925b7977bd) Importer(2089858483,b0f066a214c2f5e87bad3c948f4d605d) (ScriptedImporter) -> (Import Result ID: 'e6fa32b2ada15765430d444d0a88a97a') in 0.014309 seconds [static and dynamic dependencies]. Details - ImportResultOutputID=a30c0b8d045104fd582785b2d9bf6b96 DependenciesID=b9f4e8dfb4cd499aea916b117045c595 StaticDependenciesID=1a484d6f444ce72ab6acf24d52cb1a69 
Number of updated asset objects reloaded before import = 0Number of asset objects unloaded after import = 137

========================================================================
Received Import Request.
  Time since last request: 0.000027 seconds.
  path: Assets/Models/NightTime/RoadWorksBarrier02Night.fbx
  importAddress: Guid(abc8ad5de5d2f87499bfe17f00898801) Importer(2089858483,b0f066a214c2f5e87bad3c948f4d605d)
Start importing Assets/Models/NightTime/RoadWorksBarrier02Night.fbx using Guid(abc8ad5de5d2f87499bfe17f00898801) Importer(2089858483,b0f066a214c2f5e87bad3c948f4d605d) (ScriptedImporter) -> (Import Result ID: '6d816a9b9cdf506dacda8cff7fb8ecf9') in 0.0201588 seconds [static and dynamic dependencies]. Details - ImportResultOutputID=1bb295c436a3346a1d3dd7bb62c67b31 DependenciesID=192b9384a8c47a96cd5f59c343cb46e5 StaticDependenciesID=fc5e0aedc9eba2bc589ef922eea6d22a 
Number of updated asset objects reloaded before import = 0Number of asset objects unloaded after import = 8

========================================================================
Received Import Request.
  Time since last request: 0.000028 seconds.
  path: Assets/Models/NightTime/MultiplyerNight.fbx
  importAddress: Guid(f50729e8807e9d74c91dedb046eddbbe) Importer(2089858483,b0f066a214c2f5e87bad3c948f4d605d)
Start importing Assets/Models/NightTime/MultiplyerNight.fbx using Guid(f50729e8807e9d74c91dedb046eddbbe) Importer(2089858483,b0f066a214c2f5e87bad3c948f4d605d) (ScriptedImporter) -> (Import Result ID: 'f678788ff841c8d6b2482688f5a8d713') in 0.0239223 seconds [static and dynamic dependencies]. Details - ImportResultOutputID=56036317e7e63095b987cedceca1e4a4 DependenciesID=a49797f4178d7d0e5fc14c757849495c StaticDependenciesID=896f163f22dbd49a52f16214d7488b60 
Number of updated asset objects reloaded before import = 0Number of asset objects unloaded after import = 8

========================================================================
Received Import Request.
  Time since last request: 0.000041 seconds.
  path: Assets/Models/NightTime/DumpsterBlueNight.fbx
  importAddress: Guid(25d0c0056bd14014ba01e35595c51192) Importer(2089858483,b0f066a214c2f5e87bad3c948f4d605d)
Start importing Assets/Models/NightTime/DumpsterBlueNight.fbx using Guid(25d0c0056bd14014ba01e35595c51192) Importer(2089858483,b0f066a214c2f5e87bad3c948f4d605d) (ScriptedImporter) -> (Import Result ID: 'db02064864c48676ede051a4883388b5') in 0.0192265 seconds [static and dynamic dependencies]. Details - ImportResultOutputID=080b27b59c172be39999fba7f52f8ee0 DependenciesID=645e16661bbdcc10af00966f147e4ba6 StaticDependenciesID=1ea6390e6b68a55362a67ca5205b9805 
Number of updated asset objects reloaded before import = 0Number of asset objects unloaded after import = 8

========================================================================
Received Import Request.
  Time since last request: 0.000033 seconds.
  path: Assets/mokrane/Animations/Mokrane_Pick.fbx
  importAddress: Guid(9a22ed43f1edb3042a4458aeea61da07) Importer(2089858483,b0f066a214c2f5e87bad3c948f4d605d)
Start importing Assets/mokrane/Animations/Mokrane_Pick.fbx using Guid(9a22ed43f1edb3042a4458aeea61da07) Importer(2089858483,b0f066a214c2f5e87bad3c948f4d605d) (ScriptedImporter) -> (Import Result ID: 'b14525f74604def8c6715b88748d595a') in 0.0305536 seconds [static and dynamic dependencies]. Details - ImportResultOutputID=d1a70f43e1c95df03686fd69ae8edd95 DependenciesID=6848d0901d91ecfd14609a991cecaebc StaticDependenciesID=79d7db31a66093c138b42721e4afbcab 
Number of updated asset objects reloaded before import = 0Number of asset objects unloaded after import = 137

========================================================================
Received Import Request.
  Time since last request: 0.000022 seconds.
  path: Assets/Models/NightTime/PlasteredWall02Night.fbx
  importAddress: Guid(fd2e698e30376894aae9fb24df788f37) Importer(2089858483,b0f066a214c2f5e87bad3c948f4d605d)
Start importing Assets/Models/NightTime/PlasteredWall02Night.fbx using Guid(fd2e698e30376894aae9fb24df788f37) Importer(2089858483,b0f066a214c2f5e87bad3c948f4d605d) (ScriptedImporter) -> (Import Result ID: '9ac6edd4940fd4706f5cd2e91d70b0f2') in 0.0216659 seconds [static and dynamic dependencies]. Details - ImportResultOutputID=3917a7ec4e28f8a9552367d1678dadd6 DependenciesID=9d6f0baecf1ca621e578c88bd3ec5df6 StaticDependenciesID=16073da5d9a7f1c962058111f6095048 
Number of updated asset objects reloaded before import = 0Number of asset objects unloaded after import = 10

========================================================================
Received Import Request.
  Time since last request: 0.000044 seconds.
  path: Assets/Models/NightTime/House03Night.fbx
  importAddress: Guid(3f67225f3880905438a3f97ede4a94f5) Importer(2089858483,b0f066a214c2f5e87bad3c948f4d605d)
Start importing Assets/Models/NightTime/House03Night.fbx using Guid(3f67225f3880905438a3f97ede4a94f5) Importer(2089858483,b0f066a214c2f5e87bad3c948f4d605d) (ScriptedImporter) -> (Import Result ID: '0c33fec76564f66b5798d50f4e1c218b') in 0.0182915 seconds [static and dynamic dependencies]. Details - ImportResultOutputID=5af691f508878e860a6492f213a90e5c DependenciesID=bcbd57fa42e1c7a9924d2c6b44842930 StaticDependenciesID=49d50a7d62fc29c46d475b353698c769 
Number of updated asset objects reloaded before import = 0Number of asset objects unloaded after import = 10

========================================================================
Received Import Request.
  Time since last request: 0.000032 seconds.
  path: Assets/Models/NightTime/StoneWallNight.fbx
  importAddress: Guid(0606f8f993de1114eaea2b516f2b469d) Importer(2089858483,b0f066a214c2f5e87bad3c948f4d605d)
Start importing Assets/Models/NightTime/StoneWallNight.fbx using Guid(0606f8f993de1114eaea2b516f2b469d) Importer(2089858483,b0f066a214c2f5e87bad3c948f4d605d) (ScriptedImporter) -> (Import Result ID: 'dceab8adb44506a7e85a24b5fea16dde') in 0.0158736 seconds [static and dynamic dependencies]. Details - ImportResultOutputID=d0c61de8c0dc19ff9decde4fa46e8312 DependenciesID=674297fb241b6cc42725cec8b5c4bfc9 StaticDependenciesID=a3ab6a269a85cb10736bd11b42c0880e 
Number of updated asset objects reloaded before import = 0Number of asset objects unloaded after import = 9

========================================================================
Received Import Request.
  Time since last request: 0.000026 seconds.
  path: Assets/mokrane/Animations/Mokrane_Idle.fbx
  importAddress: Guid(6acf60407718fe94d8fe4d70790551b3) Importer(2089858483,b0f066a214c2f5e87bad3c948f4d605d)
Start importing Assets/mokrane/Animations/Mokrane_Idle.fbx using Guid(6acf60407718fe94d8fe4d70790551b3) Importer(2089858483,b0f066a214c2f5e87bad3c948f4d605d) (ScriptedImporter) -> (Import Result ID: '5acc6eb1cc1066f2a545828255dbd00b') in 0.0188192 seconds [static and dynamic dependencies]. Details - ImportResultOutputID=d198c6f50acf7557f728e36ce700a711 DependenciesID=74fd32e5e263104db3e4df61bd48ad76 StaticDependenciesID=24ffb90faf1ac19a951fb0151727d511 
Number of updated asset objects reloaded before import = 0Number of asset objects unloaded after import = 137

========================================================================
Received Import Request.
  Time since last request: 0.000041 seconds.
  path: Assets/Models/NightTime/FarBackBuilding02Night.fbx
  importAddress: Guid(ff3f2fce23e75124a8c93b78b4a757c4) Importer(2089858483,b0f066a214c2f5e87bad3c948f4d605d)
Start importing Assets/Models/NightTime/FarBackBuilding02Night.fbx using Guid(ff3f2fce23e75124a8c93b78b4a757c4) Importer(2089858483,b0f066a214c2f5e87bad3c948f4d605d) (ScriptedImporter) -> (Import Result ID: 'b359d34d074ec948a82112e74420b517') in 0.0253947 seconds [static and dynamic dependencies]. Details - ImportResultOutputID=4db6451e43dcff985ab7804142a81e1a DependenciesID=3de63ef10258fd645d2b3107c08bdf17 StaticDependenciesID=4928914fa604a93e59317827ca3211f1 
Number of updated asset objects reloaded before import = 0Number of asset objects unloaded after import = 8

========================================================================
Received Import Request.
  Time since last request: 0.000055 seconds.
  path: Assets/Models/NightTime/Road02Night.fbx
  importAddress: Guid(4e6654fc5acfe364ba079a1a92d0c24e) Importer(2089858483,b0f066a214c2f5e87bad3c948f4d605d)
Start importing Assets/Models/NightTime/Road02Night.fbx using Guid(4e6654fc5acfe364ba079a1a92d0c24e) Importer(2089858483,b0f066a214c2f5e87bad3c948f4d605d) (ScriptedImporter) -> (Import Result ID: 'a8982974571901165f015cc207593f77') in 0.0164607 seconds [static and dynamic dependencies]. Details - ImportResultOutputID=f9cb3defba1de32c9be63223132487be DependenciesID=a1c20033d88af9c266d1b9a861f1b3ef StaticDependenciesID=7d1141659e74546a786e4d8bb15ca4e4 
Number of updated asset objects reloaded before import = 0Number of asset objects unloaded after import = 8

========================================================================
Received Import Request.
  Time since last request: 0.000034 seconds.
  path: Assets/Models/NightTime/Warehouse03Night.fbx
  importAddress: Guid(6ebf673298263a6499c690a44d8e8b25) Importer(2089858483,b0f066a214c2f5e87bad3c948f4d605d)
Start importing Assets/Models/NightTime/Warehouse03Night.fbx using Guid(6ebf673298263a6499c690a44d8e8b25) Importer(2089858483,b0f066a214c2f5e87bad3c948f4d605d) (ScriptedImporter) -> (Import Result ID: '55025ec19ab9446b4316ef86c7345f6d') in 0.0236113 seconds [static and dynamic dependencies]. Details - ImportResultOutputID=5c219610fb35d56aea241f13d65563d6 DependenciesID=e74f4bb7efec25cbcc80192a281a3a66 StaticDependenciesID=2e025d81000087e41683a68d078b99b0 
Number of updated asset objects reloaded before import = 0Number of asset objects unloaded after import = 12

========================================================================
Received Import Request.
  Time since last request: 0.000025 seconds.
  path: Assets/URPDefaultResources/Good.asset
  importAddress: Guid(29a04acfca1a39e448ddc4470faf2a35) Importer(2089858483,b0f066a214c2f5e87bad3c948f4d605d)
Start importing Assets/URPDefaultResources/Good.asset using Guid(29a04acfca1a39e448ddc4470faf2a35) Importer(2089858483,b0f066a214c2f5e87bad3c948f4d605d) (ScriptedImporter) -> (Import Result ID: '9220ac815c815be93558711b77203b7b') in 0.0083641 seconds [static and dynamic dependencies]. Details - ImportResultOutputID=22b7c648c4e10498f2fca8b53d4d32bb DependenciesID=2cfb8f91a83f68fbe6494a613dfa80ba StaticDependenciesID=3bb38e017daa082318d7239d59a79296 
Number of updated asset objects reloaded before import = 0Number of asset objects unloaded after import = 1

========================================================================
Received Import Request.
  Time since last request: 0.000034 seconds.
  path: Assets/AddressableAssetsData/AssetGroups/Coin.asset
  importAddress: Guid(509be79408e794b4eb1614a087f12f42) Importer(2089858483,b0f066a214c2f5e87bad3c948f4d605d)
Start importing Assets/AddressableAssetsData/AssetGroups/Coin.asset using Guid(509be79408e794b4eb1614a087f12f42) Importer(2089858483,b0f066a214c2f5e87bad3c948f4d605d) (ScriptedImporter) -> (Import Result ID: 'f80fa59771d2556fcf2d40869d3d72de') in 0.0048619 seconds [static and dynamic dependencies]. Details - ImportResultOutputID=32168dfa1571e3c62e0e5d720de99dd7 DependenciesID=0320e024ae76e11a50c340f3c2097157 StaticDependenciesID=a5881786325afcd62d6e0c91c45b33cb 
Number of updated asset objects reloaded before import = 0Number of asset objects unloaded after import = 1

========================================================================
Received Import Request.
  Time since last request: 0.000044 seconds.
  path: Assets/Models/NightTime/Garage06Night.fbx
  importAddress: Guid(b46e32e1ba03e404c9a9160867096db7) Importer(2089858483,b0f066a214c2f5e87bad3c948f4d605d)
Start importing Assets/Models/NightTime/Garage06Night.fbx using Guid(b46e32e1ba03e404c9a9160867096db7) Importer(2089858483,b0f066a214c2f5e87bad3c948f4d605d) (ScriptedImporter) -> (Import Result ID: '864b12a569c6902044084bc190376ccc') in 0.0189867 seconds [static and dynamic dependencies]. Details - ImportResultOutputID=51696f5c26ae4a72ca962c0b1313da92 DependenciesID=7532ade1847379cc52f6efffe17ed8a2 StaticDependenciesID=7ed87c83ac7292a7a46001daf6894643 
Number of updated asset objects reloaded before import = 0Number of asset objects unloaded after import = 9

========================================================================
Received Import Request.
  Time since last request: 0.000069 seconds.
  path: Assets/Models/NightTime/BrickWall01Night.fbx
  importAddress: Guid(27e06a887eea7e0448752080024789c4) Importer(2089858483,b0f066a214c2f5e87bad3c948f4d605d)
Start importing Assets/Models/NightTime/BrickWall01Night.fbx using Guid(27e06a887eea7e0448752080024789c4) Importer(2089858483,b0f066a214c2f5e87bad3c948f4d605d) (ScriptedImporter) -> (Import Result ID: '1a6e66df200e0c7c8afa434ca5a35f50') in 0.0225323 seconds [static and dynamic dependencies]. Details - ImportResultOutputID=6b4f6be85714512df55c745a490fadb6 DependenciesID=57f5f6d6d79153ac8b304a9fec232ad2 StaticDependenciesID=cd7c903f0f15c5fa544a6c272a0b3ff4 
Number of updated asset objects reloaded before import = 0Number of asset objects unloaded after import = 9

========================================================================
Received Import Request.
  Time since last request: 0.000023 seconds.
  path: Assets/Models/Daytime/Garage04.fbx
  importAddress: Guid(490f40e9f2ec1db4baaa4f6a827b71e2) Importer(2089858483,b0f066a214c2f5e87bad3c948f4d605d)
Start importing Assets/Models/Daytime/Garage04.fbx using Guid(490f40e9f2ec1db4baaa4f6a827b71e2) Importer(2089858483,b0f066a214c2f5e87bad3c948f4d605d) (ScriptedImporter) -> (Import Result ID: '25f49bd52a0f58658a561cbe2bea8ec7') in 0.0148903 seconds [static and dynamic dependencies]. Details - ImportResultOutputID=d371afaf023faaddb48303c3a35bb44b DependenciesID=f3014836522baf001f9bb91d100eca99 StaticDependenciesID=46c2831067e67223f8e4e1aea7f82e9b 
Number of updated asset objects reloaded before import = 0Number of asset objects unloaded after import = 9

========================================================================
Received Import Request.
  Time since last request: 0.000023 seconds.
  path: Assets/Sounds/SFX/ButtonPresses.ogg
  importAddress: Guid(89acdb637cc78c5418652a27c65514ba) Importer(2089858483,b0f066a214c2f5e87bad3c948f4d605d)
Start importing Assets/Sounds/SFX/ButtonPresses.ogg using Guid(89acdb637cc78c5418652a27c65514ba) Importer(2089858483,b0f066a214c2f5e87bad3c948f4d605d) (ScriptedImporter) -> (Import Result ID: 'fa532651f40f019c441f94dafe812371') in 0.016184 seconds [static and dynamic dependencies]. Details - ImportResultOutputID=dbeadaacfe91110933a7554234b26a0c DependenciesID=626e102074737a614563034e3d4d4aca StaticDependenciesID=6a86ae74337df67a090b3ee5adee114a 
Number of updated asset objects reloaded before import = 0Number of asset objects unloaded after import = 1

========================================================================
Received Import Request.
  Time since last request: 0.000276 seconds.
  path: Assets/Scripts/UI/MissionUI.cs
  importAddress: Guid(fff2f071f7335eb43a712a702b990041) Importer(2089858483,b0f066a214c2f5e87bad3c948f4d605d)
Start importing Assets/Scripts/UI/MissionUI.cs using Guid(fff2f071f7335eb43a712a702b990041) Importer(2089858483,b0f066a214c2f5e87bad3c948f4d605d) (ScriptedImporter) -> (Import Result ID: 'b407a290f0a166eb2c38194eb5538c96') in 0.0087535 seconds [static and dynamic dependencies]. Details - ImportResultOutputID=291ad151429764b983f54c03ce2e9201 DependenciesID=0b02a694348c84f2d53a1d98cf88d3fe StaticDependenciesID=952b6c1ced41189936dd8de1917ef5d7 
Number of updated asset objects reloaded before import = 0Number of asset objects unloaded after import = 0

========================================================================
Received Import Request.
  Time since last request: 0.000066 seconds.
  path: Assets/Prefabs/UI/ItemEntry.prefab
  importAddress: Guid(abafe3707f9235b4ab7cdfd1333295c3) Importer(2089858483,b0f066a214c2f5e87bad3c948f4d605d)
Start importing Assets/Prefabs/UI/ItemEntry.prefab using Guid(abafe3707f9235b4ab7cdfd1333295c3) Importer(2089858483,b0f066a214c2f5e87bad3c948f4d605d) (ScriptedImporter) -> (Import Result ID: 'd18064e9fc7c380ba1ca1e3a94a66aa9') in 0.0121376 seconds [static and dynamic dependencies]. Details - ImportResultOutputID=2f1f6b7475fb4c8278d02f17f8249c13 DependenciesID=3ff3cefef834325c5424102b1fc606ff StaticDependenciesID=fdfa1b3335788f8e583fb030b3f6d3ee 
Number of updated asset objects reloaded before import = 0Number of asset objects unloaded after import = 70

========================================================================
Received Import Request.
  Time since last request: 0.000043 seconds.
  path: Assets/Prefabs/UI/PowerupIcon.prefab
  importAddress: Guid(94cb557246c11d14388842cc08be79a8) Importer(2089858483,b0f066a214c2f5e87bad3c948f4d605d)
Start importing Assets/Prefabs/UI/PowerupIcon.prefab using Guid(94cb557246c11d14388842cc08be79a8) Importer(2089858483,b0f066a214c2f5e87bad3c948f4d605d) (ScriptedImporter) -> (Import Result ID: '81fc3b855ccc0bf136ce3d041dd5a6ce') in 0.00911 seconds [static and dynamic dependencies]. Details - ImportResultOutputID=374b3a08109d16cf28861347da1edc6c DependenciesID=1651b54ee6c362f8b7a33f6263f323bc StaticDependenciesID=fed94da1b622f79b3a212f553acd6f28 
Number of updated asset objects reloaded before import = 0Number of asset objects unloaded after import = 26

========================================================================
Received Import Request.
  Time since last request: 0.000032 seconds.
  path: Assets/Scenes/Shop/LightingData.asset
  importAddress: Guid(f37591e568281944e92c8de6ca78c571) Importer(2089858483,b0f066a214c2f5e87bad3c948f4d605d)
Start importing Assets/Scenes/Shop/LightingData.asset using Guid(f37591e568281944e92c8de6ca78c571) Importer(2089858483,b0f066a214c2f5e87bad3c948f4d605d) (ScriptedImporter) -> (Import Result ID: 'eb43c3ff3f97b64e18ad3b6ce3bbcde2') in 0.0082303 seconds [static and dynamic dependencies]. Details - ImportResultOutputID=c217dd2000aa3ecd7b9dce4b0dbd2054 DependenciesID=025898562e92aa42773c01fca97f1587 StaticDependenciesID=d607f305133e142396e9d899ff8aaaf9 
Number of updated asset objects reloaded before import = 0Number of asset objects unloaded after import = 2

========================================================================
Received Import Request.
  Time since last request: 0.000047 seconds.
  path: Assets/Scripts/Obstacles/PatrollingObstacle.cs
  importAddress: Guid(4667c4f4d7e27554aa443a56067403a9) Importer(2089858483,b0f066a214c2f5e87bad3c948f4d605d)
Start importing Assets/Scripts/Obstacles/PatrollingObstacle.cs using Guid(4667c4f4d7e27554aa443a56067403a9) Importer(2089858483,b0f066a214c2f5e87bad3c948f4d605d) (ScriptedImporter) -> (Import Result ID: 'abbcba1fb9a19a07845ba15851e26159') in 0.0060751 seconds [static and dynamic dependencies]. Details - ImportResultOutputID=3682572c4a4c497b65862920f53704d4 DependenciesID=ed63454534a5370f6d1652c297abb7d4 StaticDependenciesID=71956c492f051432fd6053912d7b9c96 
Number of updated asset objects reloaded before import = 0Number of asset objects unloaded after import = 0

========================================================================
Received Import Request.
  Time since last request: 0.000161 seconds.
  path: Assets/Sounds/Music/DeathLoop.ogg
  importAddress: Guid(15e26518785848f4caf8ba236b4d0690) Importer(2089858483,b0f066a214c2f5e87bad3c948f4d605d)
Start importing Assets/Sounds/Music/DeathLoop.ogg using Guid(15e26518785848f4caf8ba236b4d0690) Importer(2089858483,b0f066a214c2f5e87bad3c948f4d605d) (ScriptedImporter) -> (Import Result ID: '549e5a1aa52d792082c1c158a501d65b') in 0.0087301 seconds [static and dynamic dependencies]. Details - ImportResultOutputID=d8f8fd6a6b65fe6d3401ec420693edfe DependenciesID=f8c75b3b52829e220af0daa2a1542f07 StaticDependenciesID=c36b44d96f9fb0240d48d5ac1cc04d0d 
Number of updated asset objects reloaded before import = 0Number of asset objects unloaded after import = 1

========================================================================
Received Import Request.
  Time since last request: 0.000050 seconds.
  path: Assets/Scripts/Consumable/ConsumableIcon.cs
  importAddress: Guid(e3b9a3fbc082b1845b05d3848b9d0c10) Importer(2089858483,b0f066a214c2f5e87bad3c948f4d605d)
Start importing Assets/Scripts/Consumable/ConsumableIcon.cs using Guid(e3b9a3fbc082b1845b05d3848b9d0c10) Importer(2089858483,b0f066a214c2f5e87bad3c948f4d605d) (ScriptedImporter) -> (Import Result ID: '846f3fb51e14bccf14b4f52f4b144bd0') in 0.0044738 seconds [static and dynamic dependencies]. Details - ImportResultOutputID=aafec65b1a617de34b74d33354327b16 DependenciesID=5412da00910c7ead8ea03ebf12bb2c73 StaticDependenciesID=438b61f3fe268674bb4bf08b37cf5ca0 
Number of updated asset objects reloaded before import = 0Number of asset objects unloaded after import = 0

========================================================================
Received Import Request.
  Time since last request: 0.000163 seconds.
  path: Assets/Scripts/GameManager/LoadoutState.cs
  importAddress: Guid(d44710303ccf2f24ea73d3e94c1923ba) Importer(2089858483,b0f066a214c2f5e87bad3c948f4d605d)
Start importing Assets/Scripts/GameManager/LoadoutState.cs using Guid(d44710303ccf2f24ea73d3e94c1923ba) Importer(2089858483,b0f066a214c2f5e87bad3c948f4d605d) (ScriptedImporter) -> (Import Result ID: '3c51c17e80d572436659f4de3c173733') in 0.0076571 seconds [static and dynamic dependencies]. Details - ImportResultOutputID=8a5083f2b92b483eb8d0a9cf9ed82d2f DependenciesID=b5d4772de176ccec83c836d08adc838a StaticDependenciesID=d0d76c8e728334bc49510192b7f18404 
Number of updated asset objects reloaded before import = 0Number of asset objects unloaded after import = 0

========================================================================
Received Import Request.
  Time since last request: 0.000144 seconds.
  path: Assets/Prefabs/Powerup/ExtraLife.prefab
  importAddress: Guid(cccc43bc040988e488680155c25b163c) Importer(2089858483,b0f066a214c2f5e87bad3c948f4d605d)
Start importing Assets/Prefabs/Powerup/ExtraLife.prefab using Guid(cccc43bc040988e488680155c25b163c) Importer(2089858483,b0f066a214c2f5e87bad3c948f4d605d) (ScriptedImporter) -> (Import Result ID: '1d8ceb3f07784214e09daae6376a329b') in 0.0093126 seconds [static and dynamic dependencies]. Details - ImportResultOutputID=981ffcc59a5dcdc20594a30adbcbd125 DependenciesID=f7a2e67d8da46dc49c0f93a86d2f5338 StaticDependenciesID=f655bdebac9afdf1c80a1f549a25aaf0 
Number of updated asset objects reloaded before import = 0Number of asset objects unloaded after import = 21

========================================================================
Received Import Request.
  Time since last request: 0.000027 seconds.
  path: Assets/Scripts/Obstacles/AllLaneObstacle.cs
  importAddress: Guid(74cb1264bb5e40d47b4850ac0a649a77) Importer(2089858483,b0f066a214c2f5e87bad3c948f4d605d)
Start importing Assets/Scripts/Obstacles/AllLaneObstacle.cs using Guid(74cb1264bb5e40d47b4850ac0a649a77) Importer(2089858483,b0f066a214c2f5e87bad3c948f4d605d) (ScriptedImporter) -> (Import Result ID: 'f390d3534abe6c391fa701e6c7b71e77') in 0.0067612 seconds [static and dynamic dependencies]. Details - ImportResultOutputID=196801157a8a4dad4f4950a180c7da98 DependenciesID=7174acdf0ccf03f109a8619e6fc43526 StaticDependenciesID=a462a9a97f885426a3ca2a34e9f1cac4 
Number of updated asset objects reloaded before import = 0Number of asset objects unloaded after import = 0

========================================================================
Received Import Request.
  Time since last request: 0.000041 seconds.
  path: Assets/Scripts/Missions/Missions.cs
  importAddress: Guid(1ab28521a0d3b2948abcd80790343b31) Importer(2089858483,b0f066a214c2f5e87bad3c948f4d605d)
Start importing Assets/Scripts/Missions/Missions.cs using Guid(1ab28521a0d3b2948abcd80790343b31) Importer(2089858483,b0f066a214c2f5e87bad3c948f4d605d) (ScriptedImporter) -> (Import Result ID: '4c67b95828e266aacc308b6323af4968') in 0.0069953 seconds [static and dynamic dependencies]. Details - ImportResultOutputID=b36de895251e7ff528a97ef620400d03 DependenciesID=d71f3200900e58be79152fe04b0e0263 StaticDependenciesID=b6922a83b6e1fd3baf52dc38dca0dd58 
Number of updated asset objects reloaded before import = 0Number of asset objects unloaded after import = 0

========================================================================
Received Import Request.
  Time since last request: 0.000100 seconds.
  path: Assets/Sounds/SFX/4321.ogg
  importAddress: Guid(50ac1376fac99334ebe00cff6dc10cf8) Importer(2089858483,b0f066a214c2f5e87bad3c948f4d605d)
Start importing Assets/Sounds/SFX/4321.ogg using Guid(50ac1376fac99334ebe00cff6dc10cf8) Importer(2089858483,b0f066a214c2f5e87bad3c948f4d605d) (ScriptedImporter) -> (Import Result ID: '9de1648a30d12773610e2e3ee4699bbe') in 0.006368 seconds [static and dynamic dependencies]. Details - ImportResultOutputID=405c922fd4073454e971f7dcd5b43a90 DependenciesID=c09c87ec157cd68673c7febf4d81e0e6 StaticDependenciesID=36953b6656dec16e643f1aeb2020b6c7 
Number of updated asset objects reloaded before import = 0Number of asset objects unloaded after import = 1

========================================================================
Received Import Request.
  Time since last request: 0.000076 seconds.
  path: Assets/Prefabs/Powerup/Consumables.asset
  importAddress: Guid(5d316f81231c9964dadda0b50ca7ae6b) Importer(2089858483,b0f066a214c2f5e87bad3c948f4d605d)
Start importing Assets/Prefabs/Powerup/Consumables.asset using Guid(5d316f81231c9964dadda0b50ca7ae6b) Importer(2089858483,b0f066a214c2f5e87bad3c948f4d605d) (ScriptedImporter) -> (Import Result ID: 'dbb7ec9e5776dc24b039ae39e83ed01f') in 0.0087548 seconds [static and dynamic dependencies]. Details - ImportResultOutputID=279cb9d916ae20cfde8f7652fda582f7 DependenciesID=c49b857d8d78bd25f722c90a30d3185e StaticDependenciesID=9ff77f87028e456cf3befbc1ee1ad62b 
Number of updated asset objects reloaded before import = 0Number of asset objects unloaded after import = 1

========================================================================
Received Import Request.
  Time since last request: 0.000044 seconds.
  path: Assets/Sounds/Mixers/MainMix.mixer
  importAddress: Guid(3b7e99a6684bf49fa9bad5f4bb585fab) Importer(2089858483,b0f066a214c2f5e87bad3c948f4d605d)
Start importing Assets/Sounds/Mixers/MainMix.mixer using Guid(3b7e99a6684bf49fa9bad5f4bb585fab) Importer(2089858483,b0f066a214c2f5e87bad3c948f4d605d) (ScriptedImporter) -> (Import Result ID: '66630fe5e543fee99f27d052ed26b40d') in 0.0262743 seconds [static and dynamic dependencies]. Details - ImportResultOutputID=e4cd073193e110ca659a4dc1052cfa88 DependenciesID=2350fd4be8a411837db569955799d032 StaticDependenciesID=bf11f4182bcd8003850d6991b279d33e 
Number of updated asset objects reloaded before import = 0Number of asset objects unloaded after import = 17

========================================================================
Received Import Request.
  Time since last request: 0.000078 seconds.
  path: Assets/Scripts/Tracks/TrackSegment.cs
  importAddress: Guid(a1f119face70eef45923442a053ff451) Importer(2089858483,b0f066a214c2f5e87bad3c948f4d605d)
Start importing Assets/Scripts/Tracks/TrackSegment.cs using Guid(a1f119face70eef45923442a053ff451) Importer(2089858483,b0f066a214c2f5e87bad3c948f4d605d) (ScriptedImporter) -> (Import Result ID: '004e304e032319ff0f0d9ffed1791e3e') in 0.0051384 seconds [static and dynamic dependencies]. Details - ImportResultOutputID=087ac734deef3cf74467bd930379611c DependenciesID=3eb7424a753bbbccd931faff18e2292c StaticDependenciesID=f93ea227c353ad8734157ae940d21a16 
Number of updated asset objects reloaded before import = 0Number of asset objects unloaded after import = 0

========================================================================
Received Import Request.
  Time since last request: 0.000115 seconds.
  path: Assets/Prefabs/UI/MissionPopup.prefab
  importAddress: Guid(a53fe2875371488408daf0df7d69a981) Importer(2089858483,b0f066a214c2f5e87bad3c948f4d605d)
Start importing Assets/Prefabs/UI/MissionPopup.prefab using Guid(a53fe2875371488408daf0df7d69a981) Importer(2089858483,b0f066a214c2f5e87bad3c948f4d605d) (ScriptedImporter) -> (Import Result ID: '66685f986c541a484d6ff58ded6077a1') in 0.010975 seconds [static and dynamic dependencies]. Details - ImportResultOutputID=41bbb3fcd360f7a7f69548c635ca05b7 DependenciesID=e648bd6a9b7ab71daab1518ded865ea8 StaticDependenciesID=c58e60ef48e2c6017889e11c99cc4168 
Number of updated asset objects reloaded before import = 0Number of asset objects unloaded after import = 52

========================================================================
Received Import Request.
  Time since last request: 0.000114 seconds.
  path: Assets/Scripts/Characters/RestartRunning.cs
  importAddress: Guid(dc875dc5de77ff64a99457345f14c040) Importer(2089858483,b0f066a214c2f5e87bad3c948f4d605d)
Start importing Assets/Scripts/Characters/RestartRunning.cs using Guid(dc875dc5de77ff64a99457345f14c040) Importer(2089858483,b0f066a214c2f5e87bad3c948f4d605d) (ScriptedImporter) -> (Import Result ID: 'd35068aae3fd366b35ab050c704dcda5') in 0.0047742 seconds [static and dynamic dependencies]. Details - ImportResultOutputID=7aada1859d6a3f27a0921227337f1f91 DependenciesID=ceea43c8c1e5e593e755bf846468d915 StaticDependenciesID=e7a400bf3a52161efca39e57243ff126 
Number of updated asset objects reloaded before import = 0Number of asset objects unloaded after import = 0

========================================================================
Received Import Request.
  Time since last request: 0.000116 seconds.
  path: Assets/Scripts/Characters/Character.cs
  importAddress: Guid(397d959cc2da2684c8109d35be73c4a5) Importer(2089858483,b0f066a214c2f5e87bad3c948f4d605d)
Start importing Assets/Scripts/Characters/Character.cs using Guid(397d959cc2da2684c8109d35be73c4a5) Importer(2089858483,b0f066a214c2f5e87bad3c948f4d605d) (ScriptedImporter) -> (Import Result ID: '0f17ff4b4b87e815b6f74f8ba9c75ada') in 0.0060499 seconds [static and dynamic dependencies]. Details - ImportResultOutputID=147b0c051798e1b0f92027e97b473bf1 DependenciesID=13d18ddf1a8a3f0309f010b57e06d3b9 StaticDependenciesID=8df02b83570ca0b40d59d0a80ec7418b 
Number of updated asset objects reloaded before import = 0Number of asset objects unloaded after import = 0

========================================================================
Received Import Request.
  Time since last request: 0.000091 seconds.
  path: Assets/Scripts/UI/StartButton.cs
  importAddress: Guid(082578361b9f9b740aecdad9d973bbaa) Importer(2089858483,b0f066a214c2f5e87bad3c948f4d605d)
Start importing Assets/Scripts/UI/StartButton.cs using Guid(082578361b9f9b740aecdad9d973bbaa) Importer(2089858483,b0f066a214c2f5e87bad3c948f4d605d) (ScriptedImporter) -> (Import Result ID: '3a8c4b9baaabcea16ed91d27af142cf5') in 0.0074622 seconds [static and dynamic dependencies]. Details - ImportResultOutputID=d2bda09e4414f82ffa998ce2424edb97 DependenciesID=74cdf048f9bbfe41af9564807ff29e33 StaticDependenciesID=164e7ddc5c04d29f7c0946ae83140e7a 
Number of updated asset objects reloaded before import = 0Number of asset objects unloaded after import = 0

========================================================================
Received Import Request.
  Time since last request: 0.000096 seconds.
  path: Assets/Scripts/GameManager/GameOverState.cs
  importAddress: Guid(fd7e6921bbf50684692b8270dc318896) Importer(2089858483,b0f066a214c2f5e87bad3c948f4d605d)
Start importing Assets/Scripts/GameManager/GameOverState.cs using Guid(fd7e6921bbf50684692b8270dc318896) Importer(2089858483,b0f066a214c2f5e87bad3c948f4d605d) (ScriptedImporter) -> (Import Result ID: '6a99ea39870a7bcc8b6cfc2c099b5fb4') in 0.0049492 seconds [static and dynamic dependencies]. Details - ImportResultOutputID=9d1d99e7ac7f73429c546fdf93cc77e0 DependenciesID=3d4765ec68123f6a2f6b6ba5b20b3a06 StaticDependenciesID=b8cc74fa0ed2e16fd25bb86d6d170af1 
Number of updated asset objects reloaded before import = 0Number of asset objects unloaded after import = 0

========================================================================
Received Import Request.
  Time since last request: 0.000104 seconds.
  path: Assets/Prefabs/UI/AddMissionButton.prefab
  importAddress: Guid(1c8b4e674120cad47a3fc249308e5af3) Importer(2089858483,b0f066a214c2f5e87bad3c948f4d605d)
Start importing Assets/Prefabs/UI/AddMissionButton.prefab using Guid(1c8b4e674120cad47a3fc249308e5af3) Importer(2089858483,b0f066a214c2f5e87bad3c948f4d605d) (ScriptedImporter) -> (Import Result ID: '6d488e0835e4c47da10e8dba47e11c23') in 0.0102393 seconds [static and dynamic dependencies]. Details - ImportResultOutputID=be478e08774c757dcbb83a20066e36dc DependenciesID=7e040759cc5c333100bc583960984024 StaticDependenciesID=a946d289dd858d52641113b268390ad2 
Number of updated asset objects reloaded before import = 0Number of asset objects unloaded after import = 19

========================================================================
Received Import Request.
  Time since last request: 0.000028 seconds.
  path: Assets/Prefabs/Particles/FishBoneCollectParticles.prefab
  importAddress: Guid(1ed06baf38958d4499069ab23fb82419) Importer(2089858483,b0f066a214c2f5e87bad3c948f4d605d)
Start importing Assets/Prefabs/Particles/FishBoneCollectParticles.prefab using Guid(1ed06baf38958d4499069ab23fb82419) Importer(2089858483,b0f066a214c2f5e87bad3c948f4d605d) (ScriptedImporter) -> (Import Result ID: '4001cf774e93fed1944660304f09069e') in 0.1066723 seconds [static and dynamic dependencies]. Details - ImportResultOutputID=2450280af671e558494cd09d34bca519 DependenciesID=1547a88574083afa900d4218f58fa2cf StaticDependenciesID=6ec83a1078fcbe55d554b636862be461 
Number of updated asset objects reloaded before import = 0Number of asset objects unloaded after import = 6

========================================================================
Received Import Request.
  Time since last request: 0.000021 seconds.
  path: Assets/Scripts/UI/Leaderboard.cs
  importAddress: Guid(25fdfddad24797441b26b254fee9b949) Importer(2089858483,b0f066a214c2f5e87bad3c948f4d605d)
Start importing Assets/Scripts/UI/Leaderboard.cs using Guid(25fdfddad24797441b26b254fee9b949) Importer(2089858483,b0f066a214c2f5e87bad3c948f4d605d) (ScriptedImporter) -> (Import Result ID: '5dd5589c840a42fffa55285b94ce009c') in 0.0038745 seconds [static and dynamic dependencies]. Details - ImportResultOutputID=20d666ef9eca712a46012ae11c3a2ee3 DependenciesID=bcfa4935e897aa4c2c306bc4fbc17a15 StaticDependenciesID=cfe10dd7825e32adc055798f79121376 
Number of updated asset objects reloaded before import = 0Number of asset objects unloaded after import = 0

========================================================================
Received Import Request.
  Time since last request: 0.000148 seconds.
  path: Assets/Scripts/Themes/ThemeDatabase.cs
  importAddress: Guid(06ae645844869884ea54267a12fc772d) Importer(2089858483,b0f066a214c2f5e87bad3c948f4d605d)
Start importing Assets/Scripts/Themes/ThemeDatabase.cs using Guid(06ae645844869884ea54267a12fc772d) Importer(2089858483,b0f066a214c2f5e87bad3c948f4d605d) (ScriptedImporter) -> (Import Result ID: 'e5c94690bcbb9e172ddf0a55b6915851') in 0.007417 seconds [static and dynamic dependencies]. Details - ImportResultOutputID=554811a09cf95b5d1f3d981f0482cf3e DependenciesID=a5a102534f5e903c741849ae704325c7 StaticDependenciesID=be6f895791921c7bdf6a5c8814dd7d3d 
Number of updated asset objects reloaded before import = 0Number of asset objects unloaded after import = 0

========================================================================
Received Import Request.
  Time since last request: 0.000393 seconds.
  path: Assets/Prefabs/Powerup/Invincibilty.prefab
  importAddress: Guid(527cd33d94f565c428b85a011d736c3c) Importer(2089858483,b0f066a214c2f5e87bad3c948f4d605d)
Start importing Assets/Prefabs/Powerup/Invincibilty.prefab using Guid(527cd33d94f565c428b85a011d736c3c) Importer(2089858483,b0f066a214c2f5e87bad3c948f4d605d) (ScriptedImporter) -> (Import Result ID: 'aed7ad679b2f2bc32d9df2142c819b24') in 0.013592 seconds [static and dynamic dependencies]. Details - ImportResultOutputID=9266a30ea9db5897db293178e5cb8f54 DependenciesID=3b435d38b6606f7704b2bf878c1788b0 StaticDependenciesID=c9edca60326482d8ec72a3de840cc9cf 
Number of updated asset objects reloaded before import = 0Number of asset objects unloaded after import = 21

========================================================================
Received Import Request.
  Time since last request: 0.000036 seconds.
  path: Assets/Models/NightTime/WheelyBinRedNight.fbx
  importAddress: Guid(00c38e62d2a93ff4eb50eab5bba54c68) Importer(2089858483,b0f066a214c2f5e87bad3c948f4d605d)
Start importing Assets/Models/NightTime/WheelyBinRedNight.fbx using Guid(00c38e62d2a93ff4eb50eab5bba54c68) Importer(2089858483,b0f066a214c2f5e87bad3c948f4d605d) (ScriptedImporter) -> (Import Result ID: 'c0922fa7c5d663f052b290ead40426bc') in 0.0190939 seconds [static and dynamic dependencies]. Details - ImportResultOutputID=ed8c69baaf54775cf7314f1b9a1756ac DependenciesID=fad2865631c65733771949e78b74ca86 StaticDependenciesID=f087f45ae7feac1b23bd85fcbca8b5f7 
Number of updated asset objects reloaded before import = 0Number of asset objects unloaded after import = 8

========================================================================
Received Import Request.
  Time since last request: 0.000223 seconds.
  path: Assets/Animation/Materials/WheelyBinAlbedo.mat
  importAddress: Guid(3432023ffc01eac4aa7fa96ffb1de2f1) Importer(2089858483,b0f066a214c2f5e87bad3c948f4d605d)
Start importing Assets/Animation/Materials/WheelyBinAlbedo.mat using Guid(3432023ffc01eac4aa7fa96ffb1de2f1) Importer(2089858483,b0f066a214c2f5e87bad3c948f4d605d) (ScriptedImporter) -> (Import Result ID: '541120b6135710b18f338fd9740faf71') in 0.0068111 seconds [static and dynamic dependencies]. Details - ImportResultOutputID=efd6f603a8a4af8f03393118b1087651 DependenciesID=8e2308b597f7f63a92e1bfbc03c0484c StaticDependenciesID=66c3b816d2cfbdafac752f61970400b3 
Number of updated asset objects reloaded before import = 0Number of asset objects unloaded after import = 1

========================================================================
Received Import Request.
  Time since last request: 0.000023 seconds.
  path: Assets/Models/Daytime/Bin01.fbx
  importAddress: Guid(8a5b7c574f595ad4bb4e7a59a1829947) Importer(2089858483,b0f066a214c2f5e87bad3c948f4d605d)
Start importing Assets/Models/Daytime/Bin01.fbx using Guid(8a5b7c574f595ad4bb4e7a59a1829947) Importer(2089858483,b0f066a214c2f5e87bad3c948f4d605d) (ScriptedImporter) -> (Import Result ID: '2e306be5239f1ac8b7566b757a8cbbf0') in 0.0285534 seconds [static and dynamic dependencies]. Details - ImportResultOutputID=20b0bb35b1739a3edd84a2b620905d1b DependenciesID=c094370b3721effac7915bd2d768bb8a StaticDependenciesID=a11d0cf76736a5098b23c6b755ad257f 
Number of updated asset objects reloaded before import = 0Number of asset objects unloaded after import = 8

========================================================================
Received Import Request.
  Time since last request: 0.000307 seconds.
  path: Assets/Models/Daytime/GrassClump01.fbx
  importAddress: Guid(7401b0fe5c52e674b86d92ba3bfc92a3) Importer(2089858483,b0f066a214c2f5e87bad3c948f4d605d)
Start importing Assets/Models/Daytime/GrassClump01.fbx using Guid(7401b0fe5c52e674b86d92ba3bfc92a3) Importer(2089858483,b0f066a214c2f5e87bad3c948f4d605d) (ScriptedImporter) -> (Import Result ID: '33e3aa37a12b88067978c37e65ff9990') in 0.0320686 seconds [static and dynamic dependencies]. Details - ImportResultOutputID=3ad6205091faebd9943c7ef3af9a4031 DependenciesID=a77b54029d5b564546521644571a1d29 StaticDependenciesID=89e2dfbebd488e6685400a9c305d9d81 
Number of updated asset objects reloaded before import = 0Number of asset objects unloaded after import = 8

========================================================================
Received Import Request.
  Time since last request: 0.000026 seconds.
  path: Assets/Scripts/GameManager/Modifier.cs
  importAddress: Guid(5af7c46a271373946be9520e68f0096f) Importer(2089858483,b0f066a214c2f5e87bad3c948f4d605d)
Start importing Assets/Scripts/GameManager/Modifier.cs using Guid(5af7c46a271373946be9520e68f0096f) Importer(2089858483,b0f066a214c2f5e87bad3c948f4d605d) (ScriptedImporter) -> (Import Result ID: 'cbabeab4034d8701e94ed98046611518') in 0.0048227 seconds [static and dynamic dependencies]. Details - ImportResultOutputID=6f408ae465493b217c8478ea0ce651ab DependenciesID=40cfc9cf233edf51f8ea9ddfdec94031 StaticDependenciesID=bf6abf437f2032ed8f4a1a18f249646e 
Number of updated asset objects reloaded before import = 0Number of asset objects unloaded after import = 0

========================================================================
Received Import Request.
  Time since last request: 0.000041 seconds.
  path: Assets/MobileDependencyResolver/Editor/README.md
  importAddress: Guid(eda60a5e280441219d51748b60eaf0b7) Importer(2089858483,b0f066a214c2f5e87bad3c948f4d605d)
Start importing Assets/MobileDependencyResolver/Editor/README.md using Guid(eda60a5e280441219d51748b60eaf0b7) Importer(2089858483,b0f066a214c2f5e87bad3c948f4d605d) (ScriptedImporter) -> (Import Result ID: '3d8a884e8c35c12afedf491229664586') in 0.0067679 seconds [static and dynamic dependencies]. Details - ImportResultOutputID=6a2df32c9c3fbe3d34cc3c612dbeee50 DependenciesID=01970649731d3a8fab9c63c8f5040450 StaticDependenciesID=ccb71b86616210df99b7d11b093a8b1b 
Number of updated asset objects reloaded before import = 0Number of asset objects unloaded after import = 1

========================================================================
Received Import Request.
  Time since last request: 0.000102 seconds.
  path: Assets/Scripts/UI/PowerupIcon.cs
  importAddress: Guid(7ea8ab53c0f3b274da75bb3acf418d36) Importer(2089858483,b0f066a214c2f5e87bad3c948f4d605d)
Start importing Assets/Scripts/UI/PowerupIcon.cs using Guid(7ea8ab53c0f3b274da75bb3acf418d36) Importer(2089858483,b0f066a214c2f5e87bad3c948f4d605d) (ScriptedImporter) -> (Import Result ID: '30b306927de7506edf3f891c437dd201') in 0.0041179 seconds [static and dynamic dependencies]. Details - ImportResultOutputID=794ba3296d55f1c3ea7e8f5db06f15d2 DependenciesID=ca01cbda7b295feaa7b8f71c5818193c StaticDependenciesID=5c1ccec35f838495523fc5fb93597feb 
Number of updated asset objects reloaded before import = 0Number of asset objects unloaded after import = 0

========================================================================
Received Import Request.
  Time since last request: 0.000134 seconds.
  path: Assets/Models/Daytime/BackgroundCircle.FBX
  importAddress: Guid(28288b28edded764b843730ced06fb8c) Importer(2089858483,b0f066a214c2f5e87bad3c948f4d605d)
Start importing Assets/Models/Daytime/BackgroundCircle.FBX using Guid(28288b28edded764b843730ced06fb8c) Importer(2089858483,b0f066a214c2f5e87bad3c948f4d605d) (ScriptedImporter) -> (Import Result ID: '66f0b24e438017c686e944d25a0a14c8') in 0.0292416 seconds [static and dynamic dependencies]. Details - ImportResultOutputID=e5696ad07334eee68ab15fdeb2b8a966 DependenciesID=f3ec0a17c2fc9b4f41fff901d979a164 StaticDependenciesID=900aa01e70e64f03095759dbe71b2d9b 
Number of updated asset objects reloaded before import = 0Number of asset objects unloaded after import = 10

========================================================================
Received Import Request.
  Time since last request: 0.000028 seconds.
  path: Assets/AddressableAssetsData/AssetGroups/Particles.asset
  importAddress: Guid(071019c7a516a7748a2dc1448a67242b) Importer(2089858483,b0f066a214c2f5e87bad3c948f4d605d)
Start importing Assets/AddressableAssetsData/AssetGroups/Particles.asset using Guid(071019c7a516a7748a2dc1448a67242b) Importer(2089858483,b0f066a214c2f5e87bad3c948f4d605d) (ScriptedImporter) -> (Import Result ID: '794483c8a51cd0adc480257f0160667b') in 0.0043872 seconds [static and dynamic dependencies]. Details - ImportResultOutputID=789a06734fa33979d1e1b534510ab5de DependenciesID=f00a5dbd0e1b74a2386f83fd7bc6c0d9 StaticDependenciesID=609e49b4794382fef678cfb03512f69a 
Number of updated asset objects reloaded before import = 0Number of asset objects unloaded after import = 1

========================================================================
Received Import Request.
  Time since last request: 0.000026 seconds.
  path: Assets/Models/Daytime/DumpsterRed.fbx
  importAddress: Guid(a33ffae9fda0c504bbfd05149568e5e9) Importer(2089858483,b0f066a214c2f5e87bad3c948f4d605d)
Start importing Assets/Models/Daytime/DumpsterRed.fbx using Guid(a33ffae9fda0c504bbfd05149568e5e9) Importer(2089858483,b0f066a214c2f5e87bad3c948f4d605d) (ScriptedImporter) -> (Import Result ID: '6e43d1f293b5c24dd926571f50ffd872') in 0.0190915 seconds [static and dynamic dependencies]. Details - ImportResultOutputID=c477fcf3106452c0257e627337d30dae DependenciesID=76e0de05f4bc64275e39e6d4b19aacd2 StaticDependenciesID=67c9b0d8d01202268326ba9f6ffb3875 
Number of updated asset objects reloaded before import = 0Number of asset objects unloaded after import = 8

========================================================================
Received Import Request.
  Time since last request: 0.000022 seconds.
  path: Assets/Scripts/Themes/ThemeData.cs
  importAddress: Guid(5397c64509ab92a4b9e8309aebcb66e1) Importer(2089858483,b0f066a214c2f5e87bad3c948f4d605d)
Start importing Assets/Scripts/Themes/ThemeData.cs using Guid(5397c64509ab92a4b9e8309aebcb66e1) Importer(2089858483,b0f066a214c2f5e87bad3c948f4d605d) (ScriptedImporter) -> (Import Result ID: 'bb0ff987936a4337aa5e75f3b2dfb340') in 0.0072751 seconds [static and dynamic dependencies]. Details - ImportResultOutputID=3bb84978a2ba7747872b804c5154c256 DependenciesID=db7cab4d1528dc4d8aa9da7849589152 StaticDependenciesID=04121711acc291b57417a3e7a60251ca 
Number of updated asset objects reloaded before import = 0Number of asset objects unloaded after import = 0

========================================================================
Received Import Request.
  Time since last request: 0.000075 seconds.
  path: Assets/Models/Daytime/TelegraphPole02.fbx
  importAddress: Guid(46384fcfaae550648892113bcd7e8d4a) Importer(2089858483,b0f066a214c2f5e87bad3c948f4d605d)
Start importing Assets/Models/Daytime/TelegraphPole02.fbx using Guid(46384fcfaae550648892113bcd7e8d4a) Importer(2089858483,b0f066a214c2f5e87bad3c948f4d605d) (ScriptedImporter) -> (Import Result ID: '44d646159914dab1a20f208be01c5015') in 0.0184026 seconds [static and dynamic dependencies]. Details - ImportResultOutputID=9302fcd17c8d256fc0a02afbdf657ee6 DependenciesID=becdd1e01a0da6cdbb34a1721329097b StaticDependenciesID=f7ecf44a9e3604d394677ced039da8a4 
Number of updated asset objects reloaded before import = 0Number of asset objects unloaded after import = 8

========================================================================
Received Import Request.
  Time since last request: 0.000027 seconds.
  path: Assets/mokrane/Animations/Mokrane_Picking Up.fbx
  importAddress: Guid(84894da0641465a4298f8dd056b00a34) Importer(2089858483,b0f066a214c2f5e87bad3c948f4d605d)
Start importing Assets/mokrane/Animations/Mokrane_Picking Up.fbx using Guid(84894da0641465a4298f8dd056b00a34) Importer(2089858483,b0f066a214c2f5e87bad3c948f4d605d) (ScriptedImporter) -> (Import Result ID: 'a6ced6230dada5dd3a26cdce8334748a') in 0.014596 seconds [static and dynamic dependencies]. Details - ImportResultOutputID=0c016673c3e00150b6d63025a0ad9654 DependenciesID=4bde3536778ecdc3f0e23ecedb21a355 StaticDependenciesID=751d4a021028a6421ca7ffc3337999da 
Number of updated asset objects reloaded before import = 0Number of asset objects unloaded after import = 137

========================================================================
Received Import Request.
  Time since last request: 0.000026 seconds.
  path: Assets/Models/Daytime/WoodFence01.fbx
  importAddress: Guid(c3be906d8b519e340b2068613cd500b8) Importer(2089858483,b0f066a214c2f5e87bad3c948f4d605d)
Start importing Assets/Models/Daytime/WoodFence01.fbx using Guid(c3be906d8b519e340b2068613cd500b8) Importer(2089858483,b0f066a214c2f5e87bad3c948f4d605d) (ScriptedImporter) -> (Import Result ID: '7c3cca2486f84633baa820dc4df9e203') in 0.0215514 seconds [static and dynamic dependencies]. Details - ImportResultOutputID=2c210a273d18a4f56fe289bea84324f4 DependenciesID=ad7c3a833338d1e00092340747f5efa7 StaticDependenciesID=3ac43ea15c54084b609363f0fc78adf2 
Number of updated asset objects reloaded before import = 0Number of asset objects unloaded after import = 8

========================================================================
Received Import Request.
  Time since last request: 0.000037 seconds.
  path: Assets/Sounds/SFX/Invincible.ogg
  importAddress: Guid(9c332a7257addfd478e6fbf4e338f877) Importer(2089858483,b0f066a214c2f5e87bad3c948f4d605d)
Start importing Assets/Sounds/SFX/Invincible.ogg using Guid(9c332a7257addfd478e6fbf4e338f877) Importer(2089858483,b0f066a214c2f5e87bad3c948f4d605d) (ScriptedImporter) -> (Import Result ID: '12d7d151e4d1f0b0db8de59b081290e7') in 0.007509 seconds [static and dynamic dependencies]. Details - ImportResultOutputID=3efe189cdfc8bd9e7c9bbc489c9ba1ce DependenciesID=6e1e474f0a1c0e1280667935ff9a9863 StaticDependenciesID=e068dea0334723ea5390a8747d3dd66b 
Number of updated asset objects reloaded before import = 0Number of asset objects unloaded after import = 1

========================================================================
Received Import Request.
  Time since last request: 0.000033 seconds.
  path: Assets/Models/Daytime/WheelyBinRed.fbx
  importAddress: Guid(ccb1af2fc45666b4da4f5150678e4834) Importer(2089858483,b0f066a214c2f5e87bad3c948f4d605d)
Start importing Assets/Models/Daytime/WheelyBinRed.fbx using Guid(ccb1af2fc45666b4da4f5150678e4834) Importer(2089858483,b0f066a214c2f5e87bad3c948f4d605d) (ScriptedImporter) -> (Import Result ID: '44cee1a81517d3bd7219384e3deeb1b5') in 0.0304513 seconds [static and dynamic dependencies]. Details - ImportResultOutputID=3abe10e36983d3fb464f25aa21f76952 DependenciesID=1ced5ed7ccbc1022bf1d01fe86fc9e39 StaticDependenciesID=8cf9e2e446ef8432ea4806b8c3bb7f1a 
Number of updated asset objects reloaded before import = 0Number of asset objects unloaded after import = 10

========================================================================
Received Import Request.
  Time since last request: 0.000036 seconds.
  path: Assets/Models/Daytime/House02.fbx
  importAddress: Guid(faf831e7ae738ee4c809bfbec1d00f53) Importer(2089858483,b0f066a214c2f5e87bad3c948f4d605d)
Start importing Assets/Models/Daytime/House02.fbx using Guid(faf831e7ae738ee4c809bfbec1d00f53) Importer(2089858483,b0f066a214c2f5e87bad3c948f4d605d) (ScriptedImporter) -> (Import Result ID: 'e2e1859f572be2d0b2203bc5f04f87a6') in 0.025309 seconds [static and dynamic dependencies]. Details - ImportResultOutputID=5e78e0ad118a4f4e1d2b26f8165bfa37 DependenciesID=c46161ad62f23ec969bdc71bfde7131b StaticDependenciesID=9559391469c2e43e0f02ba54d613126a 
Number of updated asset objects reloaded before import = 0Number of asset objects unloaded after import = 10

========================================================================
Received Import Request.
  Time since last request: 0.000082 seconds.
  path: Assets/mokrane/Animations/Mokrane_Throw In.fbx
  importAddress: Guid(029afd48ba980ef4d8e93862d6708ebd) Importer(2089858483,b0f066a214c2f5e87bad3c948f4d605d)
Start importing Assets/mokrane/Animations/Mokrane_Throw In.fbx using Guid(029afd48ba980ef4d8e93862d6708ebd) Importer(2089858483,b0f066a214c2f5e87bad3c948f4d605d) (ScriptedImporter) -> (Import Result ID: '363c7a351365a070be902fb775003f08') in 0.0227217 seconds [static and dynamic dependencies]. Details - ImportResultOutputID=6d52c68a1cb999f3bc9affaa98d6b069 DependenciesID=d9508d96b90157df337cc294ecb3719f StaticDependenciesID=9265bbec4259345fe8f9e3aef406df13 
Number of updated asset objects reloaded before import = 0Number of asset objects unloaded after import = 137

========================================================================
Received Import Request.
  Time since last request: 0.000026 seconds.
  path: Assets/Sounds/SFX/TrashCan.ogg
  importAddress: Guid(6707d904747d31c4eb049fc7a139eeb6) Importer(2089858483,b0f066a214c2f5e87bad3c948f4d605d)
Start importing Assets/Sounds/SFX/TrashCan.ogg using Guid(6707d904747d31c4eb049fc7a139eeb6) Importer(2089858483,b0f066a214c2f5e87bad3c948f4d605d) (ScriptedImporter) -> (Import Result ID: 'cbf2f7b6b72bfc2243557eaabdc16368') in 0.0069614 seconds [static and dynamic dependencies]. Details - ImportResultOutputID=7c971b0c98d3b5dfaa688446341b8fae DependenciesID=60d37353d203b104a65c85b5fdd916a3 StaticDependenciesID=48e422fe94742148af74e048c04584c5 
Number of updated asset objects reloaded before import = 0Number of asset objects unloaded after import = 1

========================================================================
Received Import Request.
  Time since last request: 0.000026 seconds.
  path: Assets/Sounds/SFX/PremiumCurrency.ogg
  importAddress: Guid(553f1d03da54003479f6ff63d3155919) Importer(2089858483,b0f066a214c2f5e87bad3c948f4d605d)
Start importing Assets/Sounds/SFX/PremiumCurrency.ogg using Guid(553f1d03da54003479f6ff63d3155919) Importer(2089858483,b0f066a214c2f5e87bad3c948f4d605d) (ScriptedImporter) -> (Import Result ID: '4643f78fcaf0146e551641e6476fb683') in 0.0122108 seconds [static and dynamic dependencies]. Details - ImportResultOutputID=3044167b17a848723b0057d4fc728805 DependenciesID=eea4c6e9f2daec69c6153c2de555b4c8 StaticDependenciesID=30d462d8dac496c830e56a70e5066db2 
Number of updated asset objects reloaded before import = 0Number of asset objects unloaded after import = 1

========================================================================
Received Import Request.
  Time since last request: 0.000036 seconds.
  path: Assets/TextMesh Pro/Shaders/TMPro_Properties.cginc
  importAddress: Guid(3997e2241185407d80309a82f9148466) Importer(2089858483,b0f066a214c2f5e87bad3c948f4d605d)
Start importing Assets/TextMesh Pro/Shaders/TMPro_Properties.cginc using Guid(3997e2241185407d80309a82f9148466) Importer(2089858483,b0f066a214c2f5e87bad3c948f4d605d) (ScriptedImporter) -> (Import Result ID: '024fb4e1128611055ff0280dd129a717') in 0.0051734 seconds [static and dynamic dependencies]. Details - ImportResultOutputID=ea5ea79483ada1552f3ae58761d96f6e DependenciesID=d8bf32c9fa39ab945d5c90b830d0ff41 StaticDependenciesID=ab070b6b75eb729a41727b84a827f49d 
Number of updated asset objects reloaded before import = 0Number of asset objects unloaded after import = 1

========================================================================
Received Import Request.
  Time since last request: 0.000085 seconds.
  path: Assets/Textures/Graffiti/Graffiti03.png
  importAddress: Guid(d0d7f9d969c49cd4885f97c165bdfa7b) Importer(2089858483,b0f066a214c2f5e87bad3c948f4d605d)
Start importing Assets/Textures/Graffiti/Graffiti03.png using Guid(d0d7f9d969c49cd4885f97c165bdfa7b) Importer(2089858483,b0f066a214c2f5e87bad3c948f4d605d) (ScriptedImporter) -> (Import Result ID: '55d6da339c9a3dead61ea21f072768dc') in 0.0165321 seconds [static and dynamic dependencies]. Details - ImportResultOutputID=cccc606ba50e0f178a04e40e480cb57a DependenciesID=25095b9def1ff704c17aacbbe9f201dc StaticDependenciesID=063c4f54c12ecde998b40b0278906cbf 
Number of updated asset objects reloaded before import = 0Number of asset objects unloaded after import = 3

========================================================================
Received Import Request.
  Time since last request: 0.000022 seconds.
  path: Assets/Tutorial/Up/IndustrialWarehouseTutorialUp2.prefab
  importAddress: Guid(f249b9db828e0cf488639f91ddce9646) Importer(2089858483,b0f066a214c2f5e87bad3c948f4d605d)
Start importing Assets/Tutorial/Up/IndustrialWarehouseTutorialUp2.prefab using Guid(f249b9db828e0cf488639f91ddce9646) Importer(2089858483,b0f066a214c2f5e87bad3c948f4d605d) (ScriptedImporter) -> (Import Result ID: '609b45d871bc3a88aafc025b308b92f5') in 0.028327 seconds [static and dynamic dependencies]. Details - ImportResultOutputID=10dd381e3a41fd15a8b802597b11b7bc DependenciesID=580ce323a56e4bc3133020c6b591f02e StaticDependenciesID=80f55d6c932ebc1f731f48616996ac3b 
Number of updated asset objects reloaded before import = 0Number of asset objects unloaded after import = 116

========================================================================
Received Import Request.
  Time since last request: 0.000027 seconds.
  path: Assets/Textures/Graffiti/Graffiti10.png
  importAddress: Guid(de2c87941c8f76b478910c3c7d526909) Importer(2089858483,b0f066a214c2f5e87bad3c948f4d605d)
Start importing Assets/Textures/Graffiti/Graffiti10.png using Guid(de2c87941c8f76b478910c3c7d526909) Importer(2089858483,b0f066a214c2f5e87bad3c948f4d605d) (ScriptedImporter) -> (Import Result ID: '99b425bd54835fb330c8016e0be6ba08') in 0.0161051 seconds [static and dynamic dependencies]. Details - ImportResultOutputID=a7d815bd872b309938d4c18bf765f24e DependenciesID=2b6ffdad3bb8a4112aee22e488c496cf StaticDependenciesID=bc564d9559796eb3f9cf5d2409677a6b 
Number of updated asset objects reloaded before import = 0Number of asset objects unloaded after import = 3

========================================================================
Received Import Request.
  Time since last request: 0.000029 seconds.
  path: Assets/Sounds/Stems/STEMSSpeed1BongosMono.ogg
  importAddress: Guid(6db87f5f2928abe40a08ef1016e3c830) Importer(2089858483,b0f066a214c2f5e87bad3c948f4d605d)
Start importing Assets/Sounds/Stems/STEMSSpeed1BongosMono.ogg using Guid(6db87f5f2928abe40a08ef1016e3c830) Importer(2089858483,b0f066a214c2f5e87bad3c948f4d605d) (ScriptedImporter) -> (Import Result ID: '720c92e00a8dbeb8c43b493a0029d6b8') in 0.1893993 seconds [static and dynamic dependencies]. Details - ImportResultOutputID=c5497d40e16c39e31015d023cf38614f DependenciesID=e503df189c2963a8583c54a0a6ebf6a4 StaticDependenciesID=d8e5faeef4d11e928a03bc5931aed43f 
Number of updated asset objects reloaded before import = 0Number of asset objects unloaded after import = 1

========================================================================
Received Import Request.
  Time since last request: 0.000026 seconds.
  path: Assets/Tutorial/LeftRight/IndustrialWarehouseTutorialLeftRight.prefab
  importAddress: Guid(e64ce49b27bab6e49a4fcec2c01f3602) Importer(2089858483,b0f066a214c2f5e87bad3c948f4d605d)
Start importing Assets/Tutorial/LeftRight/IndustrialWarehouseTutorialLeftRight.prefab using Guid(e64ce49b27bab6e49a4fcec2c01f3602) Importer(2089858483,b0f066a214c2f5e87bad3c948f4d605d) (ScriptedImporter) -> (Import Result ID: 'f365f9db6f680cd0adbad578b136b73d') in 0.038868 seconds [static and dynamic dependencies]. Details - ImportResultOutputID=ffdf6b90e3f8a200cdda3eb178077440 DependenciesID=ec3238b2f0f5e636d97846c148f38e3b StaticDependenciesID=d0580151c9a5e7e26cb332fbbeba33fb 
Number of updated asset objects reloaded before import = 0Number of asset objects unloaded after import = 116

========================================================================
Received Import Request.
  Time since last request: 0.000065 seconds.
  path: Assets/TextMesh Pro/Shaders/TMP_SDF-Mobile Masking.shader
  importAddress: Guid(bc1ede39bf3643ee8e493720e4259791) Importer(2089858483,b0f066a214c2f5e87bad3c948f4d605d)
Start importing Assets/TextMesh Pro/Shaders/TMP_SDF-Mobile Masking.shader using Guid(bc1ede39bf3643ee8e493720e4259791) Importer(2089858483,b0f066a214c2f5e87bad3c948f4d605d) (ScriptedImporter) -> (Import Result ID: '5446f0e250a5df6e958b1a0c70affc15') in 0.0099854 seconds [static and dynamic dependencies]. Details - ImportResultOutputID=e74abf40ceaf1122552b17b546a421cd DependenciesID=9880e2cc8581c004e12a1775f90cb063 StaticDependenciesID=b2e4bad493ac3537cb302ac08a5c77f9 
Number of updated asset objects reloaded before import = 0Number of asset objects unloaded after import = 1

========================================================================
Received Import Request.
  Time since last request: 0.000034 seconds.
  path: Assets/TextMesh Pro/Sprites/EmojiOne Attribution.txt
  importAddress: Guid(381dcb09d5029d14897e55f98031fca5) Importer(2089858483,b0f066a214c2f5e87bad3c948f4d605d)
Start importing Assets/TextMesh Pro/Sprites/EmojiOne Attribution.txt using Guid(381dcb09d5029d14897e55f98031fca5) Importer(2089858483,b0f066a214c2f5e87bad3c948f4d605d) (ScriptedImporter) -> (Import Result ID: 'ca1e3efe98aea97f7fdfceb03c04c4a5') in 0.008784 seconds [static and dynamic dependencies]. Details - ImportResultOutputID=dbe4dec3d5084dfe995dc3f1239ad612 DependenciesID=caafd93a90282a5ae5be4a5e5cdb92c3 StaticDependenciesID=d23d653de51e65b169ddf11cdefc90b4 
Number of updated asset objects reloaded before import = 0Number of asset objects unloaded after import = 1

========================================================================
Received Import Request.
  Time since last request: 0.000877 seconds.
  path: Assets/TextMesh Pro/Shaders/TMP_SDF-Mobile SSD.shader
  importAddress: Guid(c8d12adcee749c344b8117cf7c7eb912) Importer(2089858483,b0f066a214c2f5e87bad3c948f4d605d)
Start importing Assets/TextMesh Pro/Shaders/TMP_SDF-Mobile SSD.shader using Guid(c8d12adcee749c344b8117cf7c7eb912) Importer(2089858483,b0f066a214c2f5e87bad3c948f4d605d) (ScriptedImporter) -> (Import Result ID: 'cba0ca387f15504e221b1530150c60fe') in 0.0167956 seconds [static and dynamic dependencies]. Details - ImportResultOutputID=b71eb7e4456ba4164a7b1d6407444185 DependenciesID=a578f7175b39fdf13d460b2e1918207e StaticDependenciesID=149e413d0571861b315a3fb4601c570f 
Number of updated asset objects reloaded before import = 0Number of asset objects unloaded after import = 1

========================================================================
Received Import Request.
  Time since last request: 0.000047 seconds.
  path: Assets/Textures/Graffiti/Graffiti06.png
  importAddress: Guid(4ef825b7e75d84e499fbfcad0eaaecb2) Importer(2089858483,b0f066a214c2f5e87bad3c948f4d605d)
Start importing Assets/Textures/Graffiti/Graffiti06.png using Guid(4ef825b7e75d84e499fbfcad0eaaecb2) Importer(2089858483,b0f066a214c2f5e87bad3c948f4d605d) (ScriptedImporter) -> (Import Result ID: 'bf75adb15f7752f3f05db73f8fc4fbea') in 0.01843 seconds [static and dynamic dependencies]. Details - ImportResultOutputID=3600e7e2b63a7803d43fb0668758ea41 DependenciesID=21a4d14beeae21982b3dc5203bce1557 StaticDependenciesID=57bcf957a679fd107270bd8148e814f7 
Number of updated asset objects reloaded before import = 0Number of asset objects unloaded after import = 3

========================================================================
Received Import Request.
  Time since last request: 0.000027 seconds.
  path: Assets/Sounds/Stems/STEMSSpeed2Choir.ogg
  importAddress: Guid(86dbdb689ba140a468dbe99cc86b550c) Importer(2089858483,b0f066a214c2f5e87bad3c948f4d605d)
Start importing Assets/Sounds/Stems/STEMSSpeed2Choir.ogg using Guid(86dbdb689ba140a468dbe99cc86b550c) Importer(2089858483,b0f066a214c2f5e87bad3c948f4d605d) (ScriptedImporter) -> (Import Result ID: '3d6d6e806337a4fc274e954c16d81a46') in 0.7448851 seconds [static and dynamic dependencies]. Details - ImportResultOutputID=79164ddd0807d1b9d446220ebd8ce434 DependenciesID=d8e91751f8ab24d5a6d1d5f13913ec87 StaticDependenciesID=3f0ec8983b13cc2132542d54a876e7ed 
Number of updated asset objects reloaded before import = 0Number of asset objects unloaded after import = 1

========================================================================
Received Import Request.
  Time since last request: 0.000140 seconds.
  path: Assets/AddressableAssetsData/AssetGroups/Schemas/39cca0338cf24d84983f02f76cd584ea_ContentUpdateGroupSchema.asset
  importAddress: Guid(52a35c444b2203d4ea3bf4ad92981406) Importer(2089858483,b0f066a214c2f5e87bad3c948f4d605d)
Start importing Assets/AddressableAssetsData/AssetGroups/Schemas/39cca0338cf24d84983f02f76cd584ea_ContentUpdateGroupSchema.asset using Guid(52a35c444b2203d4ea3bf4ad92981406) Importer(2089858483,b0f066a214c2f5e87bad3c948f4d605d) (ScriptedImporter) -> (Import Result ID: 'fe611d047323c777c42b10388e8eb0dd') in 0.0042921 seconds [static and dynamic dependencies]. Details - ImportResultOutputID=d12caedc58b0cda4e20f84e53d82ade7 DependenciesID=c355db4aa1b2c09efd535762a0f95d7f StaticDependenciesID=117816b1ad276504a3d8349f4b16e394 
Number of updated asset objects reloaded before import = 0Number of asset objects unloaded after import = 1

========================================================================
Received Import Request.
  Time since last request: 0.000082 seconds.
  path: Assets/TextMesh Pro/Shaders/TMP_Bitmap-Custom-Atlas.shader
  importAddress: Guid(48bb5f55d8670e349b6e614913f9d910) Importer(2089858483,b0f066a214c2f5e87bad3c948f4d605d)
Start importing Assets/TextMesh Pro/Shaders/TMP_Bitmap-Custom-Atlas.shader using Guid(48bb5f55d8670e349b6e614913f9d910) Importer(2089858483,b0f066a214c2f5e87bad3c948f4d605d) (ScriptedImporter) -> (Import Result ID: 'f41fda1415c2b91212f71320fba8b61c') in 0.0095904 seconds [static and dynamic dependencies]. Details - ImportResultOutputID=8db740fd7fcec3dd6c8697db9366e988 DependenciesID=ea59754a9a55508de2a44606447bd077 StaticDependenciesID=97e2617c6e2d061a39156ef7584ef903 
Number of updated asset objects reloaded before import = 0Number of asset objects unloaded after import = 1

========================================================================
Received Import Request.
  Time since last request: 0.000025 seconds.
  path: Assets/AddressableAssetsData/AssetGroups/Schemas/42bc777f296585a479930a4d8fb16c27_BundledAssetGroupSchema.asset
  importAddress: Guid(6813088d9f0c4ac4fb31ad5964b61c1b) Importer(2089858483,b0f066a214c2f5e87bad3c948f4d605d)
Start importing Assets/AddressableAssetsData/AssetGroups/Schemas/42bc777f296585a479930a4d8fb16c27_BundledAssetGroupSchema.asset using Guid(6813088d9f0c4ac4fb31ad5964b61c1b) Importer(2089858483,b0f066a214c2f5e87bad3c948f4d605d) (ScriptedImporter) -> (Import Result ID: 'b20cbbf5cffaa6078a86d3bf6acd3cc2') in 0.0047938 seconds [static and dynamic dependencies]. Details - ImportResultOutputID=39192fc8ba358bd5f63e3d53490d5283 DependenciesID=b4abce8281aac55290186b50a3c3b387 StaticDependenciesID=8e9ae95f0cbaac95caa3fa68a8f8697e 
Number of updated asset objects reloaded before import = 0Number of asset objects unloaded after import = 1

========================================================================
Received Import Request.
  Time since last request: 0.000056 seconds.
  path: Assets/TextMesh Pro/Shaders/TMPro_Surface.cginc
  importAddress: Guid(d930090c0cd643c7b55f19a38538c162) Importer(2089858483,b0f066a214c2f5e87bad3c948f4d605d)
Start importing Assets/TextMesh Pro/Shaders/TMPro_Surface.cginc using Guid(d930090c0cd643c7b55f19a38538c162) Importer(2089858483,b0f066a214c2f5e87bad3c948f4d605d) (ScriptedImporter) -> (Import Result ID: '46cf858b7d4585eae3b7093dd245d91d') in 0.0054058 seconds [static and dynamic dependencies]. Details - ImportResultOutputID=9947482e7a892ce2acfbd148eeddb76f DependenciesID=cfd80509d6ef5a874d9ac4a7e82067ba StaticDependenciesID=8fb9495c76aeb6809f5b996ebfc0882c 
Number of updated asset objects reloaded before import = 0Number of asset objects unloaded after import = 1

========================================================================
Received Import Request.
  Time since last request: 0.000054 seconds.
  path: Assets/ALP_Assets/country house01/Textures/OldHouseMapIndoorWall01_N.png
  importAddress: Guid(86e1f85c12c1e8f43b38dbba6d19b452) Importer(2089858483,b0f066a214c2f5e87bad3c948f4d605d)
Start importing Assets/ALP_Assets/country house01/Textures/OldHouseMapIndoorWall01_N.png using Guid(86e1f85c12c1e8f43b38dbba6d19b452) Importer(2089858483,b0f066a214c2f5e87bad3c948f4d605d) (ScriptedImporter) -> (Import Result ID: '10a9f2101a9c2a8cc0c0ba6b7843500f') in 0.0376135 seconds [static and dynamic dependencies]. Details - ImportResultOutputID=9c58f25581afaccbbaf3963320198d0a DependenciesID=ac10ab83e035357846dabab5c3b4abee StaticDependenciesID=552d1122c031d99e012f44f9de4743ff 
Number of updated asset objects reloaded before import = 0Number of asset objects unloaded after import = 1

========================================================================
Received Import Request.
  Time since last request: 0.000078 seconds.
  path: Assets/ALP_Assets/country house01/Prefabs/House_Green_Prefab.prefab
  importAddress: Guid(9a01ab0b4610caf489826c83f0d44b8b) Importer(2089858483,b0f066a214c2f5e87bad3c948f4d605d)
Start importing Assets/ALP_Assets/country house01/Prefabs/House_Green_Prefab.prefab using Guid(9a01ab0b4610caf489826c83f0d44b8b) Importer(2089858483,b0f066a214c2f5e87bad3c948f4d605d) (ScriptedImporter) -> (Import Result ID: '91ea5385d4e3cd457879f517d9056e52') in 0.0177627 seconds [static and dynamic dependencies]. Details - ImportResultOutputID=8aa90e061a502ebb3603ff23da622e5e DependenciesID=2c2179ddf646c143d280cd9f61b49d48 StaticDependenciesID=b074f7cd6ea0eaa21f39d4213faea063 
Number of updated asset objects reloaded before import = 0Number of asset objects unloaded after import = 314

========================================================================
Received Import Request.
  Time since last request: 0.000034 seconds.
  path: Assets/ALP_Assets/country house01/Textures/Metal01_N.png
  importAddress: Guid(7ba989f689fb40644b92224b5cc5252e) Importer(2089858483,b0f066a214c2f5e87bad3c948f4d605d)
Start importing Assets/ALP_Assets/country house01/Textures/Metal01_N.png using Guid(7ba989f689fb40644b92224b5cc5252e) Importer(2089858483,b0f066a214c2f5e87bad3c948f4d605d) (ScriptedImporter) -> (Import Result ID: '3abbff1186fa3a6e379dcd25764ca650') in 0.0158769 seconds [static and dynamic dependencies]. Details - ImportResultOutputID=e9f914f3973718ef3f889a2075165a72 DependenciesID=0608a28664cacc32918c8ece308667cb StaticDependenciesID=69e06699c93aa479d628504a2fb55e73 
Number of updated asset objects reloaded before import = 0Number of asset objects unloaded after import = 1

========================================================================
Received Import Request.
  Time since last request: 0.000029 seconds.
  path: Assets/ALP_Assets/country house01/Textures/DoorsMap01_N.png
  importAddress: Guid(74c12413947666f4eba65b89680d70c2) Importer(2089858483,b0f066a214c2f5e87bad3c948f4d605d)
Start importing Assets/ALP_Assets/country house01/Textures/DoorsMap01_N.png using Guid(74c12413947666f4eba65b89680d70c2) Importer(2089858483,b0f066a214c2f5e87bad3c948f4d605d) (ScriptedImporter) -> (Import Result ID: '6dafbbb42b39fe270cdc06b4ba7541e6') in 0.0601439 seconds [static and dynamic dependencies]. Details - ImportResultOutputID=cfd23c8e52c4eaff159dfa9fbfd7b9bd DependenciesID=96497f23379ac1cf3e147d1a1adb1ec3 StaticDependenciesID=8c6230777fc35b51827606df4a4d3fc6 
Number of updated asset objects reloaded before import = 0Number of asset objects unloaded after import = 1

========================================================================
Received Import Request.
  Time since last request: 0.000092 seconds.
  path: Assets/ALP_Assets/country house01/Textures/WoodPlank01_N.png
  importAddress: Guid(6023c46699465b04aad2978ec12c2749) Importer(2089858483,b0f066a214c2f5e87bad3c948f4d605d)
Start importing Assets/ALP_Assets/country house01/Textures/WoodPlank01_N.png using Guid(6023c46699465b04aad2978ec12c2749) Importer(2089858483,b0f066a214c2f5e87bad3c948f4d605d) (ScriptedImporter) -> (Import Result ID: '99b19ec1f652ddacf3a2f72912f581ec') in 0.026508 seconds [static and dynamic dependencies]. Details - ImportResultOutputID=acb18696670df6b0ac80297fb0c638aa DependenciesID=8a4d3975b141ebe7f917351e21dbaa86 StaticDependenciesID=4ba97df59dd368aea999d7e102ea6917 
Number of updated asset objects reloaded before import = 0Number of asset objects unloaded after import = 1

========================================================================
Received Import Request.
  Time since last request: 0.000040 seconds.
  path: Assets/ALP_Assets/country house01/Textures/OldHouseMapWood01.png
  importAddress: Guid(557a9b4b099e55e4c96ca5de52f89a7f) Importer(2089858483,b0f066a214c2f5e87bad3c948f4d605d)
Start importing Assets/ALP_Assets/country house01/Textures/OldHouseMapWood01.png using Guid(557a9b4b099e55e4c96ca5de52f89a7f) Importer(2089858483,b0f066a214c2f5e87bad3c948f4d605d) (ScriptedImporter) -> (Import Result ID: 'd5d5b2a77a0501d55e6cffb00721cb9a') in 0.0334528 seconds [static and dynamic dependencies]. Details - ImportResultOutputID=70f815a0ea83eb671a35df0c01c7f2d7 DependenciesID=c2ae5981a0c03f6f00cfa43ee7cadc24 StaticDependenciesID=3a876fde290e44a5549dcf6a2e9ffdd4 
Number of updated asset objects reloaded before import = 0Number of asset objects unloaded after import = 1

========================================================================
Received Import Request.
  Time since last request: 0.000042 seconds.
  path: Assets/ALP_Assets/country house01/Models/House.fbx
  importAddress: Guid(fb4b189d2629f3341a839074d8cff2da) Importer(2089858483,b0f066a214c2f5e87bad3c948f4d605d)
Start importing Assets/ALP_Assets/country house01/Models/House.fbx using Guid(fb4b189d2629f3341a839074d8cff2da) Importer(2089858483,b0f066a214c2f5e87bad3c948f4d605d) (ScriptedImporter)MaterialLocation.External is obsolete. External Material Location is no longer supported. (Assets/ALP_Assets/country house01/Models/House.fbx)
 -> (Import Result ID: '9e1c6c8752d5720c75e1fddf1198b0ae') in 0.046307 seconds [static and dynamic dependencies]. Details - ImportResultOutputID=3d5841155624e2a89e2a8e87fa9523ef DependenciesID=eea17e6e98fdb7a0ad792be83afe0146 StaticDependenciesID=de23d7f33b5265abf14af70101df95a4 
Number of updated asset objects reloaded before import = 0Number of asset objects unloaded after import = 150

========================================================================
Received Import Request.
  Time since last request: 0.000096 seconds.
  path: Assets/ALP_Assets/country house01/Textures/WindowMap01_N.png
  importAddress: Guid(55d2d9c4915261f48aa67a5a4c158f2c) Importer(2089858483,b0f066a214c2f5e87bad3c948f4d605d)
Start importing Assets/ALP_Assets/country house01/Textures/WindowMap01_N.png using Guid(55d2d9c4915261f48aa67a5a4c158f2c) Importer(2089858483,b0f066a214c2f5e87bad3c948f4d605d) (ScriptedImporter) -> (Import Result ID: '3414d035f229a93e7ad0d397627cea6e') in 0.0555592 seconds [static and dynamic dependencies]. Details - ImportResultOutputID=1e0682f561dc8015dcaf792f3e1eaeef DependenciesID=0ed173cf802bae6cb57f21a1b5ca6f1f StaticDependenciesID=45738d86a0d8ab3fc46e3825660c1b16 
Number of updated asset objects reloaded before import = 0Number of asset objects unloaded after import = 1

========================================================================
Received Import Request.
  Time since last request: 0.000196 seconds.
  path: Assets/ALP_Assets/country house01/Textures/Ceiling01_AO.png
  importAddress: Guid(5fddc303baca3ec418b9aa8c0722ef7a) Importer(2089858483,b0f066a214c2f5e87bad3c948f4d605d)
Start importing Assets/ALP_Assets/country house01/Textures/Ceiling01_AO.png using Guid(5fddc303baca3ec418b9aa8c0722ef7a) Importer(2089858483,b0f066a214c2f5e87bad3c948f4d605d) (ScriptedImporter) -> (Import Result ID: '8f3741f733aab2cc15fb0d0cc51efa74') in 0.0150465 seconds [static and dynamic dependencies]. Details - ImportResultOutputID=1f95c62c2546b20af06d904e6390dd7b DependenciesID=e2c2417ff063561a28b77457ac82bfba StaticDependenciesID=b2fcb1dcfa28330106561400500eec28 
Number of updated asset objects reloaded before import = 0Number of asset objects unloaded after import = 1

========================================================================
Received Import Request.
  Time since last request: 0.000061 seconds.
  path: Assets/ALP_Assets/country house01/Textures/OldHouseMapWood01_N.png
  importAddress: Guid(4ce3883bb7535b449b78ea281a008b3a) Importer(2089858483,b0f066a214c2f5e87bad3c948f4d605d)
Start importing Assets/ALP_Assets/country house01/Textures/OldHouseMapWood01_N.png using Guid(4ce3883bb7535b449b78ea281a008b3a) Importer(2089858483,b0f066a214c2f5e87bad3c948f4d605d) (ScriptedImporter) -> (Import Result ID: '07d74f7ca21d510b2e8c11653c51e19c') in 0.0150955 seconds [static and dynamic dependencies]. Details - ImportResultOutputID=dc1f68ee247b50a29a1ecde7e7124ea5 DependenciesID=f666a5a6d5aad7620e07d1d29a7a1045 StaticDependenciesID=50826221f7c28add681425cdec7754b5 
Number of updated asset objects reloaded before import = 0Number of asset objects unloaded after import = 1

========================================================================
Received Import Request.
  Time since last request: 0.000041 seconds.
  path: Assets/ALP_Assets/country house01/Textures/Ceiling01_N.png
  importAddress: Guid(8af7e4a564717a2438e984ecb0fd67c0) Importer(2089858483,b0f066a214c2f5e87bad3c948f4d605d)
Start importing Assets/ALP_Assets/country house01/Textures/Ceiling01_N.png using Guid(8af7e4a564717a2438e984ecb0fd67c0) Importer(2089858483,b0f066a214c2f5e87bad3c948f4d605d) (ScriptedImporter) -> (Import Result ID: '91919b369e1c6dd731b9157287d33165') in 0.0224417 seconds [static and dynamic dependencies]. Details - ImportResultOutputID=0a3730d62eb6a77c60cd4aadbaac0b11 DependenciesID=0dc311897abeda81995195a920a105a1 StaticDependenciesID=a3f61616603c0124cfe5360f98757a4b 
Number of updated asset objects reloaded before import = 0Number of asset objects unloaded after import = 1

========================================================================
Received Import Request.
  Time since last request: 0.000198 seconds.
  path: Assets/ALP_Assets/country house01/Textures/Ceiling01.png
  importAddress: Guid(1759b5c321bd00a48a961a4f8e567f01) Importer(2089858483,b0f066a214c2f5e87bad3c948f4d605d)
Start importing Assets/ALP_Assets/country house01/Textures/Ceiling01.png using Guid(1759b5c321bd00a48a961a4f8e567f01) Importer(2089858483,b0f066a214c2f5e87bad3c948f4d605d) (ScriptedImporter) -> (Import Result ID: 'bced91002f64b42f685ceae73cbee9c7') in 0.0143435 seconds [static and dynamic dependencies]. Details - ImportResultOutputID=e67ef4d72047a49f1bc1b5d5ccf57fac DependenciesID=466fbf1ef1f6508a4f557055c7fb90d9 StaticDependenciesID=183fe4e2d472d9844fe9327aadba81aa 
Number of updated asset objects reloaded before import = 0Number of asset objects unloaded after import = 1

========================================================================
Received Import Request.
  Time since last request: 0.000062 seconds.
  path: Assets/Sounds/SFX/WoodenBarrier.ogg
  importAddress: Guid(9ed08397b3fef21418662ed63130d301) Importer(2089858483,b0f066a214c2f5e87bad3c948f4d605d)
Start importing Assets/Sounds/SFX/WoodenBarrier.ogg using Guid(9ed08397b3fef21418662ed63130d301) Importer(2089858483,b0f066a214c2f5e87bad3c948f4d605d) (ScriptedImporter) -> (Import Result ID: '03fae16cbdc16216b5842638c1791a47') in 0.0106929 seconds [static and dynamic dependencies]. Details - ImportResultOutputID=8335b45d8d100f4bf087a1eb89484398 DependenciesID=9d2b6524e13d94884af4cbd23557b35a StaticDependenciesID=74a7d3519a192c083237a884d5f38716 
Number of updated asset objects reloaded before import = 0Number of asset objects unloaded after import = 1

========================================================================
Received Import Request.
  Time since last request: 0.000171 seconds.
  path: Assets/Tutorial/Down/IndustrialWarehouseTutorialUp2.prefab
  importAddress: Guid(e4a6e14a3028d0745b6de33d884bf62a) Importer(2089858483,b0f066a214c2f5e87bad3c948f4d605d)
Start importing Assets/Tutorial/Down/IndustrialWarehouseTutorialUp2.prefab using Guid(e4a6e14a3028d0745b6de33d884bf62a) Importer(2089858483,b0f066a214c2f5e87bad3c948f4d605d) (ScriptedImporter) -> (Import Result ID: '583a041eaf69a335bb615624a5eb9b42') in 0.0212678 seconds [static and dynamic dependencies]. Details - ImportResultOutputID=b506c94e2a627dfa2410fc17d9dc7d31 DependenciesID=b1b9c74f30b00ee23bc313507f366c85 StaticDependenciesID=f8737348479666252c3b7604e189db5c 
Number of updated asset objects reloaded before import = 0Number of asset objects unloaded after import = 116

========================================================================
Received Import Request.
  Time since last request: 0.000084 seconds.
  path: Assets/AddressableAssetsData/AssetGroups/Schemas/3c83d1a158a080f4cb8a94a271bbfb92_BundledAssetGroupSchema.asset
  importAddress: Guid(0325b8952f2adf44083235b565a47d8d) Importer(2089858483,b0f066a214c2f5e87bad3c948f4d605d)
Start importing Assets/AddressableAssetsData/AssetGroups/Schemas/3c83d1a158a080f4cb8a94a271bbfb92_BundledAssetGroupSchema.asset using Guid(0325b8952f2adf44083235b565a47d8d) Importer(2089858483,b0f066a214c2f5e87bad3c948f4d605d) (ScriptedImporter) -> (Import Result ID: 'c1f8ff1f473c8cc85a6d2dc41bc9a79f') in 0.0076982 seconds [static and dynamic dependencies]. Details - ImportResultOutputID=fe2dc54c9218ea018515ab8eb33b13a9 DependenciesID=8dc276919d60344068abebbf9bfa40ce StaticDependenciesID=9fe3b2421cad32a0e28760ee3df9597f 
Number of updated asset objects reloaded before import = 0Number of asset objects unloaded after import = 1

========================================================================
Received Import Request.
  Time since last request: 0.000020 seconds.
  path: Assets/TextMesh Pro/Shaders/SDFFunctions.hlsl
  importAddress: Guid(96de908384869cd409c75efa351d5edf) Importer(2089858483,b0f066a214c2f5e87bad3c948f4d605d)
Start importing Assets/TextMesh Pro/Shaders/SDFFunctions.hlsl using Guid(96de908384869cd409c75efa351d5edf) Importer(2089858483,b0f066a214c2f5e87bad3c948f4d605d) (ScriptedImporter) -> (Import Result ID: '0db44a511057bec832569bb1068b7161') in 0.0046939 seconds [static and dynamic dependencies]. Details - ImportResultOutputID=549cc16584520750f7fce2e9fffb7cab DependenciesID=c5c47cfe28a26d40b5e6e41c3c22b780 StaticDependenciesID=3bff8146d83da5cd9352f71ee2ae9e2c 
Number of updated asset objects reloaded before import = 0Number of asset objects unloaded after import = 1

========================================================================
Received Import Request.
  Time since last request: 0.000055 seconds.
  path: Assets/AddressableAssetsData/AssetGroups/Schemas/4c4981ffc6cbd384f83bfa48976554ea_BundledAssetGroupSchema.asset
  importAddress: Guid(ecf01cd5caa75cb479b944033aa91de1) Importer(2089858483,b0f066a214c2f5e87bad3c948f4d605d)
Start importing Assets/AddressableAssetsData/AssetGroups/Schemas/4c4981ffc6cbd384f83bfa48976554ea_BundledAssetGroupSchema.asset using Guid(ecf01cd5caa75cb479b944033aa91de1) Importer(2089858483,b0f066a214c2f5e87bad3c948f4d605d) (ScriptedImporter) -> (Import Result ID: '02fa67f57d3f22d98f4aa0d71a922a11') in 0.0059991 seconds [static and dynamic dependencies]. Details - ImportResultOutputID=e8e04ea468f639ca40bba02c83361574 DependenciesID=bb43d32fa555d4827fc71771dc97e1ec StaticDependenciesID=f4ed4549c3db238296f1204a43f6b441 
Number of updated asset objects reloaded before import = 0Number of asset objects unloaded after import = 1

========================================================================
Received Import Request.
  Time since last request: 0.000076 seconds.
  path: Assets/AddressableAssetsData/AssetGroups/Schemas/0ee8914add8bf184eb2669a5f9b6f538_ContentUpdateGroupSchema.asset
  importAddress: Guid(b2fc035de78f1ea43abe0261a378f9fc) Importer(2089858483,b0f066a214c2f5e87bad3c948f4d605d)
Start importing Assets/AddressableAssetsData/AssetGroups/Schemas/0ee8914add8bf184eb2669a5f9b6f538_ContentUpdateGroupSchema.asset using Guid(b2fc035de78f1ea43abe0261a378f9fc) Importer(2089858483,b0f066a214c2f5e87bad3c948f4d605d) (ScriptedImporter) -> (Import Result ID: '5af9aa76247756e3c8788624bd756a30') in 0.005981 seconds [static and dynamic dependencies]. Details - ImportResultOutputID=cc3fed249cd5d9f00966e3243180bfac DependenciesID=e56a8a870e8fd5e7b760ef824b702066 StaticDependenciesID=4062a199ddcfa40464bcb5ebc7c757c3 
Number of updated asset objects reloaded before import = 0Number of asset objects unloaded after import = 1

========================================================================
Received Import Request.
  Time since last request: 0.000230 seconds.
  path: Assets/Scripts/Sounds/AssignOutputChannel.cs
  importAddress: Guid(15e38bebbdc31db468a604b05bd1d75e) Importer(2089858483,b0f066a214c2f5e87bad3c948f4d605d)
Start importing Assets/Scripts/Sounds/AssignOutputChannel.cs using Guid(15e38bebbdc31db468a604b05bd1d75e) Importer(2089858483,b0f066a214c2f5e87bad3c948f4d605d) (ScriptedImporter) -> (Import Result ID: 'ea5bbf95b4c112f26fb572882bcd70f4') in 0.0046496 seconds [static and dynamic dependencies]. Details - ImportResultOutputID=044158f578ff5a569ef6dd157d9b0344 DependenciesID=e13bcb376a659a74945e66dcd7ff8b9f StaticDependenciesID=32621921db2db4c5aabfc0f755cd7934 
Number of updated asset objects reloaded before import = 0Number of asset objects unloaded after import = 0

========================================================================
Received Import Request.
  Time since last request: 0.000112 seconds.
  path: Assets/Scripts/Characters/CharacterAccessories.cs
  importAddress: Guid(2d3602e240a7c92419a5f52841329955) Importer(2089858483,b0f066a214c2f5e87bad3c948f4d605d)
Start importing Assets/Scripts/Characters/CharacterAccessories.cs using Guid(2d3602e240a7c92419a5f52841329955) Importer(2089858483,b0f066a214c2f5e87bad3c948f4d605d) (ScriptedImporter) -> (Import Result ID: '9a13a472b88be0351d8ddf2e3bb80d76') in 0.0050637 seconds [static and dynamic dependencies]. Details - ImportResultOutputID=827711747fa1f2aa2c0692f0c22dc0ed DependenciesID=e9964d1deed56068f35a07d67522bb69 StaticDependenciesID=31c4e704c4330cf599e2a815240fa659 
Number of updated asset objects reloaded before import = 0Number of asset objects unloaded after import = 0

========================================================================
Received Import Request.
  Time since last request: 0.000095 seconds.
  path: Assets/Sounds/SFX/WheelieBin.ogg
  importAddress: Guid(115b0e1702f619f4eb691e43745e8ca4) Importer(2089858483,b0f066a214c2f5e87bad3c948f4d605d)
Start importing Assets/Sounds/SFX/WheelieBin.ogg using Guid(115b0e1702f619f4eb691e43745e8ca4) Importer(2089858483,b0f066a214c2f5e87bad3c948f4d605d) (ScriptedImporter) -> (Import Result ID: '4db9fc5b1b88eedeb186d7fc4e16ebed') in 0.0081891 seconds [static and dynamic dependencies]. Details - ImportResultOutputID=6f28ce0b826c6b955599d339c04ef81b DependenciesID=551f98efcefbb9eb0fda3506aaf5d675 StaticDependenciesID=54cd58627204e9685246bf7a3da0d00b 
Number of updated asset objects reloaded before import = 0Number of asset objects unloaded after import = 1

========================================================================
Received Import Request.
  Time since last request: 0.000060 seconds.
  path: Assets/ALP_Assets/country house01/Textures/glass_N.tga
  importAddress: Guid(a65553491155200408ae4a493cf68434) Importer(2089858483,b0f066a214c2f5e87bad3c948f4d605d)
Start importing Assets/ALP_Assets/country house01/Textures/glass_N.tga using Guid(a65553491155200408ae4a493cf68434) Importer(2089858483,b0f066a214c2f5e87bad3c948f4d605d) (ScriptedImporter) -> (Import Result ID: 'de8d0515342691b3a2a54ac134b2dd58') in 0.0116842 seconds [static and dynamic dependencies]. Details - ImportResultOutputID=69da753bdaf269e794955c3bdb78bd5b DependenciesID=f2386737c40b479c36330d915779bf60 StaticDependenciesID=0a3b5e621e1c860e9159beabc4d4b1bf 
Number of updated asset objects reloaded before import = 0Number of asset objects unloaded after import = 1

========================================================================
Received Import Request.
  Time since last request: 0.000021 seconds.
  path: Assets/Prefabs/UI/Header.prefab
  importAddress: Guid(2bfa18892388236498842bbfe7a3ff83) Importer(2089858483,b0f066a214c2f5e87bad3c948f4d605d)
Start importing Assets/Prefabs/UI/Header.prefab using Guid(2bfa18892388236498842bbfe7a3ff83) Importer(2089858483,b0f066a214c2f5e87bad3c948f4d605d) (ScriptedImporter) -> (Import Result ID: '46bc66fdd09d8c137a9873b390b9b231') in 0.0102741 seconds [static and dynamic dependencies]. Details - ImportResultOutputID=83840551f5cc8bd9405c5972bacbf3c9 DependenciesID=51b37864bc2e876e3e76755adcaa9055 StaticDependenciesID=7ec5a71f4732ee9688e32fd395a04fb7 
Number of updated asset objects reloaded before import = 0Number of asset objects unloaded after import = 13

========================================================================
Received Import Request.
  Time since last request: 0.000030 seconds.
  path: Assets/Sounds/SFX/Magnet.ogg
  importAddress: Guid(7e09e73a89ba7674785d9e9acd3387b6) Importer(2089858483,b0f066a214c2f5e87bad3c948f4d605d)
Start importing Assets/Sounds/SFX/Magnet.ogg using Guid(7e09e73a89ba7674785d9e9acd3387b6) Importer(2089858483,b0f066a214c2f5e87bad3c948f4d605d) (ScriptedImporter) -> (Import Result ID: 'eeb548513d46cb7ac76c712e4b49c3d0') in 0.0052241 seconds [static and dynamic dependencies]. Details - ImportResultOutputID=554e8cb64edfb2c1aa86ab17f5dd57ca DependenciesID=3418eefb5bb809f5773dd6301ab6795d StaticDependenciesID=69a64ad43aba94c3241e5e855365d7c2 
Number of updated asset objects reloaded before import = 0Number of asset objects unloaded after import = 1

========================================================================
Received Import Request.
  Time since last request: 0.000022 seconds.
  path: Assets/Textures/Graffiti/Graffiti12.png
  importAddress: Guid(d8f76b712098b754dafbe140ac26ece8) Importer(2089858483,b0f066a214c2f5e87bad3c948f4d605d)
Start importing Assets/Textures/Graffiti/Graffiti12.png using Guid(d8f76b712098b754dafbe140ac26ece8) Importer(2089858483,b0f066a214c2f5e87bad3c948f4d605d) (ScriptedImporter) -> (Import Result ID: '4e470e6ab03200268cc74f77edfdef10') in 0.0097921 seconds [static and dynamic dependencies]. Details - ImportResultOutputID=470a01be3c8ac9fdf99e12ed15f72aad DependenciesID=c4d9330a91bf4209be803daced58ce0d StaticDependenciesID=27d5547c1b28729dd1c31756b1847bd5 
Number of updated asset objects reloaded before import = 0Number of asset objects unloaded after import = 3

========================================================================
Received Import Request.
  Time since last request: 0.000023 seconds.
  path: Assets/Models/NightTime/Apartments02Night.fbx
  importAddress: Guid(350fe84486930a844945c7221f1bb088) Importer(2089858483,b0f066a214c2f5e87bad3c948f4d605d)
Start importing Assets/Models/NightTime/Apartments02Night.fbx using Guid(350fe84486930a844945c7221f1bb088) Importer(2089858483,b0f066a214c2f5e87bad3c948f4d605d) (ScriptedImporter) -> (Import Result ID: 'fb8644926605f57d87d5e43402685aad') in 0.0179007 seconds [static and dynamic dependencies]. Details - ImportResultOutputID=de569f7492696f787c5b2fe7ebfd8b39 DependenciesID=694e7169bd56762a7838144d9fe03e2b StaticDependenciesID=fdc1c7ee0d72da4ea5e31fe13f133523 
Number of updated asset objects reloaded before import = 0Number of asset objects unloaded after import = 9

========================================================================
Received Import Request.
  Time since last request: 0.000024 seconds.
  path: Assets/MobileDependencyResolver/Editor/1.2.185/Google.VersionHandlerImpl.pdb
  importAddress: Guid(1e8744605c2b4bc8be277df27a77a368) Importer(2089858483,b0f066a214c2f5e87bad3c948f4d605d)
Start importing Assets/MobileDependencyResolver/Editor/1.2.185/Google.VersionHandlerImpl.pdb using Guid(1e8744605c2b4bc8be277df27a77a368) Importer(2089858483,b0f066a214c2f5e87bad3c948f4d605d) (ScriptedImporter) -> (Import Result ID: 'ebcf124f0ea1f7768fb44ad8d606e072') in 0.006391 seconds [static and dynamic dependencies]. Details - ImportResultOutputID=e09c57ace601660abd669a6d8d869926 DependenciesID=45e8d66a65c6f9d8590c802f751fd2de StaticDependenciesID=294de1717d91856db7354d63c09884a1 
Number of updated asset objects reloaded before import = 0Number of asset objects unloaded after import = 1

========================================================================
Received Import Request.
  Time since last request: 0.000075 seconds.
  path: Assets/MobileDependencyResolver/Editor/1.2.185/Google.VersionHandlerImpl.dll
  importAddress: Guid(e2831157d94e4d15998dcb6ad1418057) Importer(2089858483,b0f066a214c2f5e87bad3c948f4d605d)
Start importing Assets/MobileDependencyResolver/Editor/1.2.185/Google.VersionHandlerImpl.dll using Guid(e2831157d94e4d15998dcb6ad1418057) Importer(2089858483,b0f066a214c2f5e87bad3c948f4d605d) (ScriptedImporter) -> (Import Result ID: 'fcedd0b9d28526a4dc80b132e55d0530') in 0.0114903 seconds [static and dynamic dependencies]. Details - ImportResultOutputID=6eb37e90d8bfc1a07293d961a5a785ae DependenciesID=83283e69c7f51222024c45c9f7a24d74 StaticDependenciesID=94d2dc6df5645cc97fc86838b15186fb 
Number of updated asset objects reloaded before import = 0Number of asset objects unloaded after import = 0

========================================================================
Received Import Request.
  Time since last request: 0.000096 seconds.
  path: Assets/Scripts/UI/Shop/ShopCharacterList.cs
  importAddress: Guid(b55d497bcd828a649b9223fe6938a5e8) Importer(2089858483,b0f066a214c2f5e87bad3c948f4d605d)
Start importing Assets/Scripts/UI/Shop/ShopCharacterList.cs using Guid(b55d497bcd828a649b9223fe6938a5e8) Importer(2089858483,b0f066a214c2f5e87bad3c948f4d605d) (ScriptedImporter) -> (Import Result ID: '339e6edef02fa9534766c1b2162ad80c') in 0.0033972 seconds [static and dynamic dependencies]. Details - ImportResultOutputID=3149b86b0e0534788412e19be016f323 DependenciesID=1d8cf5b93e65d5a6023ba4224e0af3ff StaticDependenciesID=caf3213cddb9fd9834b5582697634703 
Number of updated asset objects reloaded before import = 0Number of asset objects unloaded after import = 0

========================================================================
Received Import Request.
  Time since last request: 0.000108 seconds.
  path: Assets/Prefabs/Particles/PowerUpParticle/MultiplierParticles.prefab
  importAddress: Guid(cb8a481413e1e1d43aac95d00d81eea7) Importer(2089858483,b0f066a214c2f5e87bad3c948f4d605d)
Start importing Assets/Prefabs/Particles/PowerUpParticle/MultiplierParticles.prefab using Guid(cb8a481413e1e1d43aac95d00d81eea7) Importer(2089858483,b0f066a214c2f5e87bad3c948f4d605d) (ScriptedImporter) -> (Import Result ID: '51eb77a47f82e696a1824f4801f2b99e') in 0.0330504 seconds [static and dynamic dependencies]. Details - ImportResultOutputID=3b208028980dcb309e3f676179a94764 DependenciesID=7080ef45334e16b67cea4e2315293c4e StaticDependenciesID=0875740e269c4e337f006cc512745196 
Number of updated asset objects reloaded before import = 0Number of asset objects unloaded after import = 10

========================================================================
Received Import Request.
  Time since last request: 0.000019 seconds.
  path: Assets/StarterAssets/Environment/Prefabs/Box_100x100x100_Prefab.prefab
  importAddress: Guid(e5f4daf24146ee040b5a2d7a73b30aa0) Importer(2089858483,b0f066a214c2f5e87bad3c948f4d605d)
Start importing Assets/StarterAssets/Environment/Prefabs/Box_100x100x100_Prefab.prefab using Guid(e5f4daf24146ee040b5a2d7a73b30aa0) Importer(2089858483,b0f066a214c2f5e87bad3c948f4d605d) (ScriptedImporter) -> (Import Result ID: '7f59528a88860fe9d9ce23b8c273ba43') in 0.0099421 seconds [static and dynamic dependencies]. Details - ImportResultOutputID=4beaa6db6fc2862da71755db67ed5c94 DependenciesID=a8b4fd153c41d1068e751bcc1348bb89 StaticDependenciesID=b40286b17c2ad04d26ccdaf9cd893fa0 
Number of updated asset objects reloaded before import = 0Number of asset objects unloaded after import = 8

========================================================================
Received Import Request.
  Time since last request: 0.000024 seconds.
  path: Assets/Scripts/Consumable/Types/CoinMagnet.cs
  importAddress: Guid(77874b4fc6a3b8a48bf4144607a2c365) Importer(2089858483,b0f066a214c2f5e87bad3c948f4d605d)
Start importing Assets/Scripts/Consumable/Types/CoinMagnet.cs using Guid(77874b4fc6a3b8a48bf4144607a2c365) Importer(2089858483,b0f066a214c2f5e87bad3c948f4d605d) (ScriptedImporter) -> (Import Result ID: '88d5ade2150ca6f5682cf19ff0222a48') in 0.0046241 seconds [static and dynamic dependencies]. Details - ImportResultOutputID=03b97cc25f8a26abb2bba8eb784ed944 DependenciesID=2f1da59f8f11fa885603492a8b62793a StaticDependenciesID=7d00cd9e67d2773117a40aab5da6b995 
Number of updated asset objects reloaded before import = 0Number of asset objects unloaded after import = 0

========================================================================
Received Import Request.
  Time since last request: 0.000077 seconds.
  path: Assets/Sounds/SFX/Raccoon/RaccoonDead.ogg
  importAddress: Guid(ec796c96cb65af2418bb27df2b067b67) Importer(2089858483,b0f066a214c2f5e87bad3c948f4d605d)
Start importing Assets/Sounds/SFX/Raccoon/RaccoonDead.ogg using Guid(ec796c96cb65af2418bb27df2b067b67) Importer(2089858483,b0f066a214c2f5e87bad3c948f4d605d) (ScriptedImporter) -> (Import Result ID: 'd6ee790fabef4eb635b84bad035dc9d5') in 0.008373 seconds [static and dynamic dependencies]. Details - ImportResultOutputID=3017a9f1acc67a4dfe19c38fc4403a70 DependenciesID=cc6af770260c8a2e0d2428293279208d StaticDependenciesID=6dcb0bb0e7fe7a77c3d88076c1863576 
Number of updated asset objects reloaded before import = 0Number of asset objects unloaded after import = 1

========================================================================
Received Import Request.
  Time since last request: 0.000098 seconds.
  path: Assets/StarterAssets/Environment/Prefabs/Box_350x250x200_Prefab.prefab
  importAddress: Guid(7b846d8f536f007498c941069487ce81) Importer(2089858483,b0f066a214c2f5e87bad3c948f4d605d)
Start importing Assets/StarterAssets/Environment/Prefabs/Box_350x250x200_Prefab.prefab using Guid(7b846d8f536f007498c941069487ce81) Importer(2089858483,b0f066a214c2f5e87bad3c948f4d605d) (ScriptedImporter) -> (Import Result ID: 'ba901921ee2e8d6fd02712866681beec') in 0.0143171 seconds [static and dynamic dependencies]. Details - ImportResultOutputID=dbfe5a5bc232d9553b1d0d0313153dc1 DependenciesID=4bcddf535a72e43fe6ace21bbba83fc1 StaticDependenciesID=b34d880172eab792e5d4a0eeed9a2e03 
Number of updated asset objects reloaded before import = 0Number of asset objects unloaded after import = 9

========================================================================
Received Import Request.
  Time since last request: 0.000028 seconds.
  path: Assets/Prefabs/Particles/PowerUpParticle/ExtraLifeParticles.prefab
  importAddress: Guid(9e2b957157514af40870bf65c60ae63f) Importer(2089858483,b0f066a214c2f5e87bad3c948f4d605d)
Start importing Assets/Prefabs/Particles/PowerUpParticle/ExtraLifeParticles.prefab using Guid(9e2b957157514af40870bf65c60ae63f) Importer(2089858483,b0f066a214c2f5e87bad3c948f4d605d) (ScriptedImporter) -> (Import Result ID: 'fb2d531da5daab025b033ac202773423') in 0.0251658 seconds [static and dynamic dependencies]. Details - ImportResultOutputID=442cc434203b70144bbeadc7b433eff6 DependenciesID=314ae5c0749f932a26a70963d0669cd9 StaticDependenciesID=aef08a3fe6884765f719b35262b714f0 
Number of updated asset objects reloaded before import = 0Number of asset objects unloaded after import = 6

========================================================================
Received Import Request.
  Time since last request: 0.000028 seconds.
  path: Assets/Scripts/UI/Shop/ShopThemeList.cs
  importAddress: Guid(e839d7999cfdf7343803bfdeca2e17f1) Importer(2089858483,b0f066a214c2f5e87bad3c948f4d605d)
Start importing Assets/Scripts/UI/Shop/ShopThemeList.cs using Guid(e839d7999cfdf7343803bfdeca2e17f1) Importer(2089858483,b0f066a214c2f5e87bad3c948f4d605d) (ScriptedImporter) -> (Import Result ID: 'f21c05d423582254a5815ce7578ad42e') in 0.0038879 seconds [static and dynamic dependencies]. Details - ImportResultOutputID=cd01b46cc53f6a341e2c2f44d3d5577c DependenciesID=f380674151964daa38e105e467307f0e StaticDependenciesID=176f00bb2f5fa9c032b7f0bb744ec5bc 
Number of updated asset objects reloaded before import = 0Number of asset objects unloaded after import = 0

========================================================================
Received Import Request.
  Time since last request: 0.000084 seconds.
  path: Assets/Scripts/UI/Shop/ShopAccessoriesList.cs
  importAddress: Guid(49f26a9c9db4ce9489119cab283e7a46) Importer(2089858483,b0f066a214c2f5e87bad3c948f4d605d)
Start importing Assets/Scripts/UI/Shop/ShopAccessoriesList.cs using Guid(49f26a9c9db4ce9489119cab283e7a46) Importer(2089858483,b0f066a214c2f5e87bad3c948f4d605d) (ScriptedImporter) -> (Import Result ID: 'bc04431e90ed3aa2009c62ab37aa04f7') in 0.0036096 seconds [static and dynamic dependencies]. Details - ImportResultOutputID=d1f30a66133e02ef8323bb0035c159d6 DependenciesID=27c7052fd1f2ec762629125fd1ed3600 StaticDependenciesID=20946b0f39290b3880dc61f2b0570422 
Number of updated asset objects reloaded before import = 0Number of asset objects unloaded after import = 0

========================================================================
Received Import Request.
  Time since last request: 0.000076 seconds.
  path: Assets/Models/NightTime/Materials/lambert2.mat
  importAddress: Guid(fc88a745e354b2c44907d9378e6b7700) Importer(2089858483,b0f066a214c2f5e87bad3c948f4d605d)
Start importing Assets/Models/NightTime/Materials/lambert2.mat using Guid(fc88a745e354b2c44907d9378e6b7700) Importer(2089858483,b0f066a214c2f5e87bad3c948f4d605d) (ScriptedImporter) -> (Import Result ID: '57857af825a6161fe0ee5fc7a37bf876') in 0.0054368 seconds [static and dynamic dependencies]. Details - ImportResultOutputID=5409ff3de9144da04da3290b5850c4bf DependenciesID=e8d8304f820b11a85d83e29638e8067e StaticDependenciesID=fd2ac1c936c9c651cafc4ed64ca955aa 
Number of updated asset objects reloaded before import = 0Number of asset objects unloaded after import = 1

========================================================================
Received Import Request.
  Time since last request: 0.000024 seconds.
  path: Assets/Sounds/SFX/Raccoon/RaccoonJump.ogg
  importAddress: Guid(a4c3639c2e275b54fbbe04365ea56075) Importer(2089858483,b0f066a214c2f5e87bad3c948f4d605d)
Start importing Assets/Sounds/SFX/Raccoon/RaccoonJump.ogg using Guid(a4c3639c2e275b54fbbe04365ea56075) Importer(2089858483,b0f066a214c2f5e87bad3c948f4d605d) (ScriptedImporter) -> (Import Result ID: 'e1ff844894407cc8920caa0e45d180e3') in 0.0084649 seconds [static and dynamic dependencies]. Details - ImportResultOutputID=75334b665d0caf33795a16b1f6cf0ff4 DependenciesID=d68042915ef5793835954b38cd60b86d StaticDependenciesID=1a901517bee3b3a7e30e3d38eaccc29c 
Number of updated asset objects reloaded before import = 0Number of asset objects unloaded after import = 1

========================================================================
Received Import Request.
  Time since last request: 0.000075 seconds.
  path: Assets/Sounds/SFX/Rat/RatLoop2.ogg
  importAddress: Guid(a683c76e59dd6b04a9420526560624a0) Importer(2089858483,b0f066a214c2f5e87bad3c948f4d605d)
Start importing Assets/Sounds/SFX/Rat/RatLoop2.ogg using Guid(a683c76e59dd6b04a9420526560624a0) Importer(2089858483,b0f066a214c2f5e87bad3c948f4d605d) (ScriptedImporter) -> (Import Result ID: 'f427da301bb65d1636cc08bf754a1f15') in 0.0065612 seconds [static and dynamic dependencies]. Details - ImportResultOutputID=7774bb7c0e4c2f1dc8970065785e9c0e DependenciesID=0a3d096e360707b8467a9eda780b32f7 StaticDependenciesID=ec9774857e06d6677f86abb6541fc203 
Number of updated asset objects reloaded before import = 0Number of asset objects unloaded after import = 1

========================================================================
Received Import Request.
  Time since last request: 0.000032 seconds.
  path: Assets/Sounds/SFX/Dog/DogGrowlLoop2.ogg
  importAddress: Guid(fa9008d188552c84b99adb204f504fbf) Importer(2089858483,b0f066a214c2f5e87bad3c948f4d605d)
Start importing Assets/Sounds/SFX/Dog/DogGrowlLoop2.ogg using Guid(fa9008d188552c84b99adb204f504fbf) Importer(2089858483,b0f066a214c2f5e87bad3c948f4d605d) (ScriptedImporter) -> (Import Result ID: 'c2ec8becdeff23213cf3e11cfed9066d') in 0.0083435 seconds [static and dynamic dependencies]. Details - ImportResultOutputID=0a60408278637e0d2806a83cab3cf897 DependenciesID=3ac5fd20f4b2fb831466dd3794f93657 StaticDependenciesID=e86836b7e933118536ae3990e944477e 
Number of updated asset objects reloaded before import = 0Number of asset objects unloaded after import = 1

========================================================================
Received Import Request.
  Time since last request: 0.000133 seconds.
  path: Assets/Scripts/UI/Settings/DataDeleteConfirmation.cs
  importAddress: Guid(a37c4b6ff32586945a6a6fd668bcf32d) Importer(2089858483,b0f066a214c2f5e87bad3c948f4d605d)
Start importing Assets/Scripts/UI/Settings/DataDeleteConfirmation.cs using Guid(a37c4b6ff32586945a6a6fd668bcf32d) Importer(2089858483,b0f066a214c2f5e87bad3c948f4d605d) (ScriptedImporter) -> (Import Result ID: '4e08e9b9264b76f6e93cac5f45ca5a9b') in 0.0045631 seconds [static and dynamic dependencies]. Details - ImportResultOutputID=fa61595c610dbbc459c543e61e18fcc9 DependenciesID=44104104593bcb0f586dc8e938b0e6ec StaticDependenciesID=2158f33168a875e5ed932b5748358edb 
Number of updated asset objects reloaded before import = 0Number of asset objects unloaded after import = 0

========================================================================
Received Import Request.
  Time since last request: 0.000069 seconds.
  path: Assets/Sounds/SFX/Dog/DogHit.ogg
  importAddress: Guid(a9ca43e15a6013b43af5e7c96fe909f5) Importer(2089858483,b0f066a214c2f5e87bad3c948f4d605d)
Start importing Assets/Sounds/SFX/Dog/DogHit.ogg using Guid(a9ca43e15a6013b43af5e7c96fe909f5) Importer(2089858483,b0f066a214c2f5e87bad3c948f4d605d) (ScriptedImporter) -> (Import Result ID: 'e661cbd27147778629b8b15dd24560c7') in 0.0088236 seconds [static and dynamic dependencies]. Details - ImportResultOutputID=0791693b7e36dd003bda37158b68808f DependenciesID=d3c317e38a4b92855dbf43962f366274 StaticDependenciesID=45d2c7d243e4583a85dd0a098dc0fb32 
Number of updated asset objects reloaded before import = 0Number of asset objects unloaded after import = 1

========================================================================
Received Import Request.
  Time since last request: 0.000030 seconds.
  path: Assets/Bundles/Characters/Raccoon/character.prefab
  importAddress: Guid(473ffa016efe3724cad08daa78e3d12a) Importer(2089858483,b0f066a214c2f5e87bad3c948f4d605d)
Start importing Assets/Bundles/Characters/Raccoon/character.prefab using Guid(473ffa016efe3724cad08daa78e3d12a) Importer(2089858483,b0f066a214c2f5e87bad3c948f4d605d) (ScriptedImporter) -> (Import Result ID: 'dee72bdda765300166e2b57dc38ba0e3') in 0.0280689 seconds [static and dynamic dependencies]. Details - ImportResultOutputID=cee6f2293c3829a2b30fe2e9085a39ec DependenciesID=e7754c6f2fd2cdfdcf01c9b857788519 StaticDependenciesID=11e6d273eb520fe2eedca7c583fb7328 
Number of updated asset objects reloaded before import = 0Number of asset objects unloaded after import = 77

========================================================================
Received Import Request.
  Time since last request: 0.000025 seconds.
  path: Assets/Sounds/SFX/Cat/CatInjured.ogg
  importAddress: Guid(4df05e5a3da67b74ab57e4fdbff8c1fa) Importer(2089858483,b0f066a214c2f5e87bad3c948f4d605d)
Start importing Assets/Sounds/SFX/Cat/CatInjured.ogg using Guid(4df05e5a3da67b74ab57e4fdbff8c1fa) Importer(2089858483,b0f066a214c2f5e87bad3c948f4d605d) (ScriptedImporter) -> (Import Result ID: '359599485fe985e3c90b398170e2f026') in 0.0049151 seconds [static and dynamic dependencies]. Details - ImportResultOutputID=25c5cd93067f932396b338d679c9d847 DependenciesID=f80a8a8893b4185c9e4dbab98ae91469 StaticDependenciesID=fd836d4d88d2233b456ebce936a8d780 
Number of updated asset objects reloaded before import = 0Number of asset objects unloaded after import = 1

========================================================================
Received Import Request.
  Time since last request: 0.000023 seconds.
  path: Assets/Bundles/Themes/NightTime/themeData.asset
  importAddress: Guid(ca6db81f67984284191d6a142204de55) Importer(2089858483,b0f066a214c2f5e87bad3c948f4d605d)
Start importing Assets/Bundles/Themes/NightTime/themeData.asset using Guid(ca6db81f67984284191d6a142204de55) Importer(2089858483,b0f066a214c2f5e87bad3c948f4d605d) (ScriptedImporter) -> (Import Result ID: 'dcd7b84a1341bc35282998f9abf93614') in 0.0100866 seconds [static and dynamic dependencies]. Details - ImportResultOutputID=bee0fe0df59288efc6e5c3d987598c0a DependenciesID=371ec4550900aa5550654274a4462141 StaticDependenciesID=29c923b37e3dbb6ed5ca0102f3d813b6 
Number of updated asset objects reloaded before import = 0Number of asset objects unloaded after import = 1

========================================================================
Received Import Request.
  Time since last request: 0.000889 seconds.
  path: Assets/Sounds/SFX/Cat/CatDeath.ogg
  importAddress: Guid(3acd66c1c1f3d3a499214949f2b98bc5) Importer(2089858483,b0f066a214c2f5e87bad3c948f4d605d)
Start importing Assets/Sounds/SFX/Cat/CatDeath.ogg using Guid(3acd66c1c1f3d3a499214949f2b98bc5) Importer(2089858483,b0f066a214c2f5e87bad3c948f4d605d) (ScriptedImporter) -> (Import Result ID: 'bc005fe91fa2716d45c26f3841e2afb9') in 0.008665 seconds [static and dynamic dependencies]. Details - ImportResultOutputID=7b0b8714af477c5afa024456c9302975 DependenciesID=5edf8b7681eb014e090b9e8a21fa6cae StaticDependenciesID=a9da4cdc7bc65ee054de956d723e2f3c 
Number of updated asset objects reloaded before import = 0Number of asset objects unloaded after import = 1

========================================================================
Received Import Request.
  Time since last request: 0.000093 seconds.
  path: Assets/Scripts/UI/Settings/SettingPopup.cs
  importAddress: Guid(57b5aacc6ee422940bfcaa5dae17b59b) Importer(2089858483,b0f066a214c2f5e87bad3c948f4d605d)
Start importing Assets/Scripts/UI/Settings/SettingPopup.cs using Guid(57b5aacc6ee422940bfcaa5dae17b59b) Importer(2089858483,b0f066a214c2f5e87bad3c948f4d605d) (ScriptedImporter) -> (Import Result ID: '4b3018006decd3b9ab692cdfd63051df') in 0.0064517 seconds [static and dynamic dependencies]. Details - ImportResultOutputID=a9cb7d149f86d2085d4431a4d2387fd9 DependenciesID=6ec749028631818d43eb50d779776b32 StaticDependenciesID=d78a62f39246885ecabe71de024faf40 
Number of updated asset objects reloaded before import = 0Number of asset objects unloaded after import = 0

========================================================================
Received Import Request.
  Time since last request: 0.000100 seconds.
  path: Assets/Sounds/SFX/Rat/RatLoop1.ogg
  importAddress: Guid(692deea899152264f8419135ceefafcb) Importer(2089858483,b0f066a214c2f5e87bad3c948f4d605d)
Start importing Assets/Sounds/SFX/Rat/RatLoop1.ogg using Guid(692deea899152264f8419135ceefafcb) Importer(2089858483,b0f066a214c2f5e87bad3c948f4d605d) (ScriptedImporter) -> (Import Result ID: '53aef6f725d91a5a4eec8579fff296f1') in 0.0069438 seconds [static and dynamic dependencies]. Details - ImportResultOutputID=b2135f1bc7ee2da3e99bfa7512895f71 DependenciesID=81e2fc2c3e794e1668622a09b441a020 StaticDependenciesID=1207bd4fec35fca85931035cbdb2795b 
Number of updated asset objects reloaded before import = 0Number of asset objects unloaded after import = 1

========================================================================
Received Import Request.
  Time since last request: 0.000092 seconds.
  path: Assets/Bundles/Themes/Default/themeData.asset
  importAddress: Guid(0d80a5ee0a199154784a904ed88da003) Importer(2089858483,b0f066a214c2f5e87bad3c948f4d605d)
Start importing Assets/Bundles/Themes/Default/themeData.asset using Guid(0d80a5ee0a199154784a904ed88da003) Importer(2089858483,b0f066a214c2f5e87bad3c948f4d605d) (ScriptedImporter) -> (Import Result ID: '0db954b32cb01a88115cd9190855eade') in 0.009672 seconds [static and dynamic dependencies]. Details - ImportResultOutputID=d3079f6bf0c25d64bc139eb33fd8e3b5 DependenciesID=66e8a36ec59cc3106d8aa9a6b7eee489 StaticDependenciesID=bec27cb10cc27fac1e27bb947c5af7c4 
Number of updated asset objects reloaded before import = 0Number of asset objects unloaded after import = 1

========================================================================
Received Import Request.
  Time since last request: 0.000025 seconds.
  path: Assets/Scripts/UI/Shop/ShopItemListItem.cs
  importAddress: Guid(28fd78937280ffb4fb7c90d8776c201c) Importer(2089858483,b0f066a214c2f5e87bad3c948f4d605d)
Start importing Assets/Scripts/UI/Shop/ShopItemListItem.cs using Guid(28fd78937280ffb4fb7c90d8776c201c) Importer(2089858483,b0f066a214c2f5e87bad3c948f4d605d) (ScriptedImporter) -> (Import Result ID: '76511e986e8a8aed20942781d49e01a4') in 0.0049056 seconds [static and dynamic dependencies]. Details - ImportResultOutputID=305f2f580ff50f066510f6ceaff2249a DependenciesID=25128d1aa9396665bfd78df004573f2f StaticDependenciesID=a3fe30627e290b0e39c0d2dae9d88008 
Number of updated asset objects reloaded before import = 0Number of asset objects unloaded after import = 0

========================================================================
Received Import Request.
  Time since last request: 0.000085 seconds.
  path: Assets/Scripts/Consumable/Types/Invincibility.cs
  importAddress: Guid(56996360c3833804a8891f22514ebfe4) Importer(2089858483,b0f066a214c2f5e87bad3c948f4d605d)
Start importing Assets/Scripts/Consumable/Types/Invincibility.cs using Guid(56996360c3833804a8891f22514ebfe4) Importer(2089858483,b0f066a214c2f5e87bad3c948f4d605d) (ScriptedImporter) -> (Import Result ID: 'baf40874fe756a56c5a96f4eafb6b628') in 0.0073429 seconds [static and dynamic dependencies]. Details - ImportResultOutputID=5fef38138577974933fd81eb74ae30b5 DependenciesID=e7b12108cdfa14680fea690b5e81d5a1 StaticDependenciesID=63aa6b1d2a6138345a124c6b62b1d21b 
Number of updated asset objects reloaded before import = 0Number of asset objects unloaded after import = 0

========================================================================
Received Import Request.
  Time since last request: 0.000119 seconds.
  path: Assets/Sounds/SFX/Rat/RatHit.ogg
  importAddress: Guid(90690b03aaccb6e4a96d2cdb757b3b44) Importer(2089858483,b0f066a214c2f5e87bad3c948f4d605d)
Start importing Assets/Sounds/SFX/Rat/RatHit.ogg using Guid(90690b03aaccb6e4a96d2cdb757b3b44) Importer(2089858483,b0f066a214c2f5e87bad3c948f4d605d) (ScriptedImporter) -> (Import Result ID: 'f0d8f0317dff14c452db41dba99fce0f') in 0.0048981 seconds [static and dynamic dependencies]. Details - ImportResultOutputID=af2cd2a28583954fad1e1c1c8f81e388 DependenciesID=fba60cee6e5df62094e41eeaa92549f6 StaticDependenciesID=29a5afbd42241e1e0eb5193eb21f0a72 
Number of updated asset objects reloaded before import = 0Number of asset objects unloaded after import = 1

========================================================================
Received Import Request.
  Time since last request: 0.000025 seconds.
  path: Assets/MobileDependencyResolver/Editor/1.2.185/Google.IOSResolver.pdb
  importAddress: Guid(e776230601db4ffbbbd4e1266bdcdc23) Importer(2089858483,b0f066a214c2f5e87bad3c948f4d605d)
Start importing Assets/MobileDependencyResolver/Editor/1.2.185/Google.IOSResolver.pdb using Guid(e776230601db4ffbbbd4e1266bdcdc23) Importer(2089858483,b0f066a214c2f5e87bad3c948f4d605d) (ScriptedImporter) -> (Import Result ID: '9c1345ccbdce703d09297f9792172512') in 0.0074959 seconds [static and dynamic dependencies]. Details - ImportResultOutputID=72da6cc2ad5158a53e3d2f2ce7da4604 DependenciesID=ae3145e611b2bde1b1f8cc0f896c1090 StaticDependenciesID=b55acbb8ff62a5fa53f890bb7ae72c66 
Number of updated asset objects reloaded before import = 0Number of asset objects unloaded after import = 1

========================================================================
Received Import Request.
  Time since last request: 0.000090 seconds.
  path: Assets/Sounds/SFX/Dog/DogGrowlLoop1.ogg
  importAddress: Guid(a274514c3e79a214192d637691738dea) Importer(2089858483,b0f066a214c2f5e87bad3c948f4d605d)
Start importing Assets/Sounds/SFX/Dog/DogGrowlLoop1.ogg using Guid(a274514c3e79a214192d637691738dea) Importer(2089858483,b0f066a214c2f5e87bad3c948f4d605d) (ScriptedImporter) -> (Import Result ID: '70d61f9dcbc2e4c798cf61cf0ee87b32') in 0.0056324 seconds [static and dynamic dependencies]. Details - ImportResultOutputID=2e499c273312bfd01a99117fd11ca0bc DependenciesID=593acaabd8a7ba141cd3fc058ad41602 StaticDependenciesID=4eb8a2a1787afeb6115df5166f3ec390 
Number of updated asset objects reloaded before import = 0Number of asset objects unloaded after import = 1

========================================================================
Received Import Request.
  Time since last request: 0.000075 seconds.
  path: Assets/Prefabs/Particles/PowerUpParticle/InvincibilityParticles.prefab
  importAddress: Guid(ba9ada52ec59a9a419f39eb32bf9a3b0) Importer(2089858483,b0f066a214c2f5e87bad3c948f4d605d)
Start importing Assets/Prefabs/Particles/PowerUpParticle/InvincibilityParticles.prefab using Guid(ba9ada52ec59a9a419f39eb32bf9a3b0) Importer(2089858483,b0f066a214c2f5e87bad3c948f4d605d) (ScriptedImporter) -> (Import Result ID: '1502ca46483fe1633e146cf0ba16bff6') in 0.0697241 seconds [static and dynamic dependencies]. Details - ImportResultOutputID=3df2265869c37ccfb4e7274c8baa615e DependenciesID=1aa38453d45f379488012e1ce753a06a StaticDependenciesID=e4a17e76b3428998936507e0a12ef780 
Number of updated asset objects reloaded before import = 0Number of asset objects unloaded after import = 12

========================================================================
Received Import Request.
  Time since last request: 0.000035 seconds.
  path: Assets/Tutorial/LeftRight/IndustrialWarehouseLeftRight2.prefab
  importAddress: Guid(68a52f3ad60bf6e4d8165784f5dffd9e) Importer(2089858483,b0f066a214c2f5e87bad3c948f4d605d)
Start importing Assets/Tutorial/LeftRight/IndustrialWarehouseLeftRight2.prefab using Guid(68a52f3ad60bf6e4d8165784f5dffd9e) Importer(2089858483,b0f066a214c2f5e87bad3c948f4d605d) (ScriptedImporter) -> (Import Result ID: 'dede9ed45e9400c6a17a675385d2bec0') in 0.043122 seconds [static and dynamic dependencies]. Details - ImportResultOutputID=46455eba2a6b40a3368dcd7dba6c293e DependenciesID=5778e49c62a71678fade28cac4e67fc5 StaticDependenciesID=86cbf1427cca9efebd09d05331eb0ee0 
Number of updated asset objects reloaded before import = 0Number of asset objects unloaded after import = 108

========================================================================
Received Import Request.
  Time since last request: 0.000050 seconds.
  path: Assets/Models/NightTime/Garage01Night.fbx
  importAddress: Guid(a729bf94f66df3e43b24ee7b84fd79fd) Importer(2089858483,b0f066a214c2f5e87bad3c948f4d605d)
Start importing Assets/Models/NightTime/Garage01Night.fbx using Guid(a729bf94f66df3e43b24ee7b84fd79fd) Importer(2089858483,b0f066a214c2f5e87bad3c948f4d605d) (ScriptedImporter) -> (Import Result ID: 'b71834839c1eb1f8c56c132a0202a713') in 0.0251703 seconds [static and dynamic dependencies]. Details - ImportResultOutputID=d8d50eae8fcb94e5970df52af788bfc1 DependenciesID=472243f103f0a2b2703750e8dcf1c5ab StaticDependenciesID=e448a4880d8066720e4acced0ed540ce 
Number of updated asset objects reloaded before import = 0Number of asset objects unloaded after import = 9

========================================================================
Received Import Request.
  Time since last request: 0.000028 seconds.
  path: Assets/ALP_Assets/country house01/Materials/Glass.mat
  importAddress: Guid(d73f092e661a4de4d8ad8c54a457ccd9) Importer(2089858483,b0f066a214c2f5e87bad3c948f4d605d)
Start importing Assets/ALP_Assets/country house01/Materials/Glass.mat using Guid(d73f092e661a4de4d8ad8c54a457ccd9) Importer(2089858483,b0f066a214c2f5e87bad3c948f4d605d) (ScriptedImporter) -> (Import Result ID: 'c601a6dd0d7ea9cfcb59641d95ed19d4') in 0.0123915 seconds [static and dynamic dependencies]. Details - ImportResultOutputID=c236f59e960bf5b84f9897ba5529881b DependenciesID=5e67689bfb79978e98ac149c15b25979 StaticDependenciesID=01aaec1144f0cd57f1835b30cc151731 
Number of updated asset objects reloaded before import = 0Number of asset objects unloaded after import = 1

========================================================================
Received Import Request.
  Time since last request: 0.000046 seconds.
  path: Assets/Models/Daytime/RoadWorksBarrierLow.fbx
  importAddress: Guid(5dfda1f5d21ec9a4783456e3d1a3dbcc) Importer(2089858483,b0f066a214c2f5e87bad3c948f4d605d)
Start importing Assets/Models/Daytime/RoadWorksBarrierLow.fbx using Guid(5dfda1f5d21ec9a4783456e3d1a3dbcc) Importer(2089858483,b0f066a214c2f5e87bad3c948f4d605d) (ScriptedImporter) -> (Import Result ID: '964092443ea3cb33c28acdeb01b036c3') in 0.0159823 seconds [static and dynamic dependencies]. Details - ImportResultOutputID=30c95b84968102d55284c9ad42ccef63 DependenciesID=2b076c50c6c94c8c5bcff007d49e8420 StaticDependenciesID=c87c4907ee46e8ef769ed42786d15594 
Number of updated asset objects reloaded before import = 0Number of asset objects unloaded after import = 8

========================================================================
Received Import Request.
  Time since last request: 0.000075 seconds.
  path: Assets/Sounds/SFX/Death.ogg
  importAddress: Guid(603f051bdda9f2e4e85ca5ebcececfdf) Importer(2089858483,b0f066a214c2f5e87bad3c948f4d605d)
Start importing Assets/Sounds/SFX/Death.ogg using Guid(603f051bdda9f2e4e85ca5ebcececfdf) Importer(2089858483,b0f066a214c2f5e87bad3c948f4d605d) (ScriptedImporter) -> (Import Result ID: '3d87a2a27f57082e2dd316b91ffa2e0d') in 0.0084993 seconds [static and dynamic dependencies]. Details - ImportResultOutputID=656b9c5910da4e5e13f06be12c2b1754 DependenciesID=dd570bc386a8c11d28f0fb1d9b16fcf2 StaticDependenciesID=c94de922d7a6a80e8bceed3924f0a4c0 
Number of updated asset objects reloaded before import = 0Number of asset objects unloaded after import = 1

========================================================================
Received Import Request.
  Time since last request: 0.000027 seconds.
  path: Assets/TextMesh Pro/Shaders/TMP_SDF-HDRP UNLIT.shadergraph
  importAddress: Guid(f63d574838ccfb44f84acc05fed0af48) Importer(2089858483,b0f066a214c2f5e87bad3c948f4d605d)
Start importing Assets/TextMesh Pro/Shaders/TMP_SDF-HDRP UNLIT.shadergraph using Guid(f63d574838ccfb44f84acc05fed0af48) Importer(2089858483,b0f066a214c2f5e87bad3c948f4d605d) (ScriptedImporter) -> (Import Result ID: '4a4c6f01550ca442aa58856898b4f615') in 0.0044707 seconds [static and dynamic dependencies]. Details - ImportResultOutputID=deac46dff49ea656607eb865eb8e2578 DependenciesID=5d80eade8f3ba71b3349bcc94ff3941a StaticDependenciesID=76664a18f50202a4e669f6b3997590d2 
Number of updated asset objects reloaded before import = 0Number of asset objects unloaded after import = 1

========================================================================
Received Import Request.
  Time since last request: 0.000039 seconds.
  path: Assets/Sounds/SFX/MenuClaimMission.ogg
  importAddress: Guid(10e884b6be0b40d4ba109a523b5ff74e) Importer(2089858483,b0f066a214c2f5e87bad3c948f4d605d)
Start importing Assets/Sounds/SFX/MenuClaimMission.ogg using Guid(10e884b6be0b40d4ba109a523b5ff74e) Importer(2089858483,b0f066a214c2f5e87bad3c948f4d605d) (ScriptedImporter) -> (Import Result ID: '1962ea2ae300942e2df33f1ea7bf710f') in 0.0096325 seconds [static and dynamic dependencies]. Details - ImportResultOutputID=60f13148266f9ca077979fe35df9b5ba DependenciesID=3da81a66ca9bcf5102ba44dcd54240c5 StaticDependenciesID=391a842d1678047bdb22872742756a7e 
Number of updated asset objects reloaded before import = 0Number of asset objects unloaded after import = 1

========================================================================
Received Import Request.
  Time since last request: 0.000150 seconds.
  path: Assets/Animation/Animators/Heart.controller
  importAddress: Guid(e1ae7832a1f811540a8b9b64dd247ead) Importer(2089858483,b0f066a214c2f5e87bad3c948f4d605d)
Start importing Assets/Animation/Animators/Heart.controller using Guid(e1ae7832a1f811540a8b9b64dd247ead) Importer(2089858483,b0f066a214c2f5e87bad3c948f4d605d) (ScriptedImporter) -> (Import Result ID: '3da2226715735675ca62a39db8f26c50') in 0.00853 seconds [static and dynamic dependencies]. Details - ImportResultOutputID=15867ac2939b2e618dbca5004b8ffe42 DependenciesID=49df0b5934469eb58c409ef0328b3a58 StaticDependenciesID=59c553cd9667a939d91586498a00e6c8 
Number of updated asset objects reloaded before import = 0Number of asset objects unloaded after import = 4

========================================================================
Received Import Request.
  Time since last request: 0.000026 seconds.
  path: Assets/Models/Daytime/Apartments04.fbx
  importAddress: Guid(587752f89cb859441938db94d9e5d1e4) Importer(2089858483,b0f066a214c2f5e87bad3c948f4d605d)
Start importing Assets/Models/Daytime/Apartments04.fbx using Guid(587752f89cb859441938db94d9e5d1e4) Importer(2089858483,b0f066a214c2f5e87bad3c948f4d605d) (ScriptedImporter) -> (Import Result ID: 'a1a49b64a882bd43ef22e59b1f5fc8e6') in 0.0126191 seconds [static and dynamic dependencies]. Details - ImportResultOutputID=f2a220c8f01eca722e2239e2d51350f0 DependenciesID=35c96ec49595970093268eb78c0afe17 StaticDependenciesID=af8d185f7d77be7e2c767b8bf8235442 
Number of updated asset objects reloaded before import = 0Number of asset objects unloaded after import = 9

========================================================================
Received Import Request.
  Time since last request: 0.000027 seconds.
  path: Assets/StarterAssets/Environment/RenderPipelineProfiles/StarterAssetsURPAsset.asset
  importAddress: Guid(f48f873ae78af40b9a7b8220a8c6f95f) Importer(2089858483,b0f066a214c2f5e87bad3c948f4d605d)
Start importing Assets/StarterAssets/Environment/RenderPipelineProfiles/StarterAssetsURPAsset.asset using Guid(f48f873ae78af40b9a7b8220a8c6f95f) Importer(2089858483,b0f066a214c2f5e87bad3c948f4d605d) (ScriptedImporter) -> (Import Result ID: 'f9053642128eee6684bb174f5ba9d573') in 0.0059274 seconds [static and dynamic dependencies]. Details - ImportResultOutputID=6a9293b125605378483de240a1dea1dc DependenciesID=08a76e229a53e4ff442d87481edb275f StaticDependenciesID=d58c0e2d3f1051fb1f599b823ed4778f 
Number of updated asset objects reloaded before import = 0Number of asset objects unloaded after import = 1

========================================================================
Received Import Request.
  Time since last request: 0.000028 seconds.
  path: Assets/TextMesh Pro/Examples & Extras/Scenes/07 - Superscript & Subscript Example.unity
  importAddress: Guid(03ec435d4b7140e9b2d87f79136d8374) Importer(2089858483,b0f066a214c2f5e87bad3c948f4d605d)
Start importing Assets/TextMesh Pro/Examples & Extras/Scenes/07 - Superscript & Subscript Example.unity using Guid(03ec435d4b7140e9b2d87f79136d8374) Importer(2089858483,b0f066a214c2f5e87bad3c948f4d605d) (ScriptedImporter) -> (Import Result ID: '66005fcb027488acd08b8bd0f971a2b1') in 0.0101251 seconds [static and dynamic dependencies]. Details - ImportResultOutputID=9e7ad635375387509ab3d5ffa0a5a95e DependenciesID=567ea899671fc646fe236c88e7ccee6a StaticDependenciesID=c80de78250a74fa19fd62a0bed5c89d9 
Number of updated asset objects reloaded before import = 0Number of asset objects unloaded after import = 1

========================================================================
Received Import Request.
  Time since last request: 0.000027 seconds.
  path: Assets/StarterAssets/ThirdPersonController/Prefabs/MainCamera.prefab
  importAddress: Guid(f6d148d888ffbf54b9afe9936dfaec1f) Importer(2089858483,b0f066a214c2f5e87bad3c948f4d605d)
Start importing Assets/StarterAssets/ThirdPersonController/Prefabs/MainCamera.prefab using Guid(f6d148d888ffbf54b9afe9936dfaec1f) Importer(2089858483,b0f066a214c2f5e87bad3c948f4d605d) (ScriptedImporter) -> (Import Result ID: '55036c62a04d23b5f973212be409dc96') in 0.0146308 seconds [static and dynamic dependencies]. Details - ImportResultOutputID=fe883431b071b4b9a9c38872aa9f777e DependenciesID=34bf7bbd13b21e5ec676fb3b10d5c276 StaticDependenciesID=2993cce73de898d0521a3526256d9449 
Number of updated asset objects reloaded before import = 0Number of asset objects unloaded after import = 7

========================================================================
Received Import Request.
  Time since last request: 0.000115 seconds.
  path: Assets/TextMesh Pro/Examples & Extras/Scenes/04 - Word Wrapping.unity
  importAddress: Guid(8f7137eacd7042d5b17ef0efe5e744f5) Importer(2089858483,b0f066a214c2f5e87bad3c948f4d605d)
Start importing Assets/TextMesh Pro/Examples & Extras/Scenes/04 - Word Wrapping.unity using Guid(8f7137eacd7042d5b17ef0efe5e744f5) Importer(2089858483,b0f066a214c2f5e87bad3c948f4d605d) (ScriptedImporter) -> (Import Result ID: 'e207ee55b59992c73befe520691a12c9') in 0.010275 seconds [static and dynamic dependencies]. Details - ImportResultOutputID=94068bd4c7bfda505fa172ded539c362 DependenciesID=4b1bf842bb9fb1e9cf96877936d8f01f StaticDependenciesID=a4aecd921e0df692f9daca85c0b6aaf0 
Number of updated asset objects reloaded before import = 0Number of asset objects unloaded after import = 1

========================================================================
Received Import Request.
  Time since last request: 0.000395 seconds.
  path: Assets/StarterAssets/Mobile/UI/UI_Icon_Look.png
  importAddress: Guid(af0ae2dbf3d1efb4f82af377950704a2) Importer(2089858483,b0f066a214c2f5e87bad3c948f4d605d)
Start importing Assets/StarterAssets/Mobile/UI/UI_Icon_Look.png using Guid(af0ae2dbf3d1efb4f82af377950704a2) Importer(2089858483,b0f066a214c2f5e87bad3c948f4d605d) (ScriptedImporter) -> (Import Result ID: '3a2cde6b901d6345bcd817a4601620ac') in 0.0168711 seconds [static and dynamic dependencies]. Details - ImportResultOutputID=bb4d29943198fb9e32ef3429fd048c18 DependenciesID=8bcb2b5345dd3efdc2e9a900d3ce34e9 StaticDependenciesID=c9ef17fbe4b1c42dfb2fb14a89826af8 
Number of updated asset objects reloaded before import = 0Number of asset objects unloaded after import = 3

========================================================================
Received Import Request.
  Time since last request: 0.000043 seconds.
  path: Assets/TextMesh Pro/Examples & Extras/Fonts/Anton.ttf
  importAddress: Guid(997a43b767814dd0a7642ec9b78cba41) Importer(2089858483,b0f066a214c2f5e87bad3c948f4d605d)
Start importing Assets/TextMesh Pro/Examples & Extras/Fonts/Anton.ttf using Guid(997a43b767814dd0a7642ec9b78cba41) Importer(2089858483,b0f066a214c2f5e87bad3c948f4d605d) (ScriptedImporter) -> (Import Result ID: 'f77bed34004de7b9e3d54fdc4771dc2b') in 0.0219852 seconds [static and dynamic dependencies]. Details - ImportResultOutputID=32f6b19be061e324c24f144843905a46 DependenciesID=aaee3a1c7ba4dd7b048ee49d4aee82dd StaticDependenciesID=76189f773e3e18e5d45553de3c44f5d9 
Number of updated asset objects reloaded before import = 0Number of asset objects unloaded after import = 3

========================================================================
Received Import Request.
  Time since last request: 0.000020 seconds.
  path: Assets/TextMesh Pro/Examples & Extras/Prefabs/Text Popup.prefab
  importAddress: Guid(b06f0e6c1dfa4356ac918da1bb32c603) Importer(2089858483,b0f066a214c2f5e87bad3c948f4d605d)
Start importing Assets/TextMesh Pro/Examples & Extras/Prefabs/Text Popup.prefab using Guid(b06f0e6c1dfa4356ac918da1bb32c603) Importer(2089858483,b0f066a214c2f5e87bad3c948f4d605d) (ScriptedImporter) -> (Import Result ID: 'ff9192e62fa139381a5a2c4f2453d739') in 0.007509 seconds [static and dynamic dependencies]. Details - ImportResultOutputID=72cb31ef2300f9a3711e6bf54c5264b2 DependenciesID=d66266c6f0369677aec71a1339b7de87 StaticDependenciesID=9af775e8205c43324ef924abdaccaf58 
Number of updated asset objects reloaded before import = 0Number of asset objects unloaded after import = 13

========================================================================
Received Import Request.
  Time since last request: 0.000029 seconds.
  path: Assets/TextMesh Pro/Examples & Extras/Fonts/Unity - OFL.txt
  importAddress: Guid(0251f66ebc602a944b35bccd13be2738) Importer(2089858483,b0f066a214c2f5e87bad3c948f4d605d)
Start importing Assets/TextMesh Pro/Examples & Extras/Fonts/Unity - OFL.txt using Guid(0251f66ebc602a944b35bccd13be2738) Importer(2089858483,b0f066a214c2f5e87bad3c948f4d605d) (ScriptedImporter) -> (Import Result ID: 'fbdf92929a5f12939ded57533093a722') in 0.0043543 seconds [static and dynamic dependencies]. Details - ImportResultOutputID=5dc5b091fbf84886b6587c2de97461d1 DependenciesID=2b688fefd990900f7d5e3d17b14a1c4c StaticDependenciesID=76c9f4c417f56529eff0718a6c3bfe10 
Number of updated asset objects reloaded before import = 0Number of asset objects unloaded after import = 1

========================================================================
Received Import Request.
  Time since last request: 0.000038 seconds.
  path: Assets/StarterAssets/ThirdPersonController/Prefabs/PlayerArmature.prefab
  importAddress: Guid(64dce48905ffd9b4293e595fa6941544) Importer(2089858483,b0f066a214c2f5e87bad3c948f4d605d)
Start importing Assets/StarterAssets/ThirdPersonController/Prefabs/PlayerArmature.prefab using Guid(64dce48905ffd9b4293e595fa6941544) Importer(2089858483,b0f066a214c2f5e87bad3c948f4d605d) (ScriptedImporter) -> (Import Result ID: '39b2971685b848e1385461a4f6b20086') in 0.031713 seconds [static and dynamic dependencies]. Details - ImportResultOutputID=291d9d758bd16e3bf4df1fe59c25c207 DependenciesID=5c6582f7c53a8dc488641a2ff7000a69 StaticDependenciesID=6336ac7a0c199695e69b58d3495727bc 
Number of updated asset objects reloaded before import = 0Number of asset objects unloaded after import = 178

========================================================================
Received Import Request.
  Time since last request: 0.000029 seconds.
  path: Assets/UIRenderer.asset
  importAddress: Guid(45e4c9a2a5aaef0409ca1edd4a368fc6) Importer(815301076,1909f56bfc062723c751e8b465ee728b)
Start importing Assets/UIRenderer.asset using Guid(45e4c9a2a5aaef0409ca1edd4a368fc6) Importer(815301076,1909f56bfc062723c751e8b465ee728b) (PreviewImporter) -> (Import Result ID: '876077827b067f2fab896f55c9aca253') in 0.0030487 seconds [static and dynamic dependencies]. Details - ImportResultOutputID=556fe2c22f08324417fb7b53df6b03ef DependenciesID=d6adcb157c1af5076cadf3c014671911 StaticDependenciesID=f9ece5452b6f9a53b672f9bf54725e55 
Number of updated asset objects reloaded before import = 0Number of asset objects unloaded after import = 2

========================================================================
Received Import Request.
  Time since last request: 0.000029 seconds.
  path: Assets/TextMesh Pro/Examples & Extras/Prefabs/TextMeshPro - Prefab 2.prefab
  importAddress: Guid(fdad9d952ae84cafb74c63f2e694d042) Importer(2089858483,b0f066a214c2f5e87bad3c948f4d605d)
Start importing Assets/TextMesh Pro/Examples & Extras/Prefabs/TextMeshPro - Prefab 2.prefab using Guid(fdad9d952ae84cafb74c63f2e694d042) Importer(2089858483,b0f066a214c2f5e87bad3c948f4d605d) (ScriptedImporter) -> (Import Result ID: '7c27d8610810a936115863438e338fdd') in 0.0236472 seconds [static and dynamic dependencies]. Details - ImportResultOutputID=2be10293109cd92699c9ebf494c6b386 DependenciesID=255c8a658e2136ba3f44953a1818683a StaticDependenciesID=f1cf4b07d237ddf49b27502ca32d63d1 
Number of updated asset objects reloaded before import = 0Number of asset objects unloaded after import = 9

========================================================================
Received Import Request.
  Time since last request: 0.000028 seconds.
  path: Assets/RenderingPipeline.asset
  importAddress: Guid(ccdbdba252991284fa9a2e2dc349537d) Importer(815301076,1909f56bfc062723c751e8b465ee728b)
Start importing Assets/RenderingPipeline.asset using Guid(ccdbdba252991284fa9a2e2dc349537d) Importer(815301076,1909f56bfc062723c751e8b465ee728b) (PreviewImporter) -> (Import Result ID: '66d2c88e0f5b14890a67ee329be56e2b') in 0.001393 seconds [static and dynamic dependencies]. Details - ImportResultOutputID=a7cd2bae76e126475c9b656dcf48b46c DependenciesID=7ec239df5f0845e11d3f8f55efd7aae4 StaticDependenciesID=e964b4c0767b3142e8bda9857c4a728a 
Number of updated asset objects reloaded before import = 0Number of asset objects unloaded after import = 1

========================================================================
Received Import Request.
  Time since last request: 0.000082 seconds.
  path: Assets/StarterAssets/Environment/Prefabs/Stairs_650_400_300_Prefab.prefab
  importAddress: Guid(50a0925b0c22af146a2d15615f815a1c) Importer(2089858483,b0f066a214c2f5e87bad3c948f4d605d)
Start importing Assets/StarterAssets/Environment/Prefabs/Stairs_650_400_300_Prefab.prefab using Guid(50a0925b0c22af146a2d15615f815a1c) Importer(2089858483,b0f066a214c2f5e87bad3c948f4d605d) (ScriptedImporter) -> (Import Result ID: 'a30f298a00ae7d5a6d4fde5bc77d6dd0') in 0.0124782 seconds [static and dynamic dependencies]. Details - ImportResultOutputID=8b654c8c68881c9a143579ef32949188 DependenciesID=c66c876758df4f2de3ceb49b5ff1e5b2 StaticDependenciesID=0152ce83fec5b4756dd539569043e119 
Number of updated asset objects reloaded before import = 0Number of asset objects unloaded after import = 10

========================================================================
Received Import Request.
  Time since last request: 0.000027 seconds.
  path: Assets/StarterAssets/Environment/Prefabs/Tunnel_Prefab.prefab
  importAddress: Guid(e5d7b87d422ee0f478ee09eb32e24f4e) Importer(2089858483,b0f066a214c2f5e87bad3c948f4d605d)
Start importing Assets/StarterAssets/Environment/Prefabs/Tunnel_Prefab.prefab using Guid(e5d7b87d422ee0f478ee09eb32e24f4e) Importer(2089858483,b0f066a214c2f5e87bad3c948f4d605d) (ScriptedImporter) -> (Import Result ID: '8040b68f5f915b02eb8b9ac13236f2da') in 0.0139294 seconds [static and dynamic dependencies]. Details - ImportResultOutputID=0aa550bde011d5eea5b35362e9b1b901 DependenciesID=db25d3dd184ba0f9d3d51426fdccf032 StaticDependenciesID=ec005b9a4e9ca343c199c95c6e7b66b8 
Number of updated asset objects reloaded before import = 0Number of asset objects unloaded after import = 11

========================================================================
Received Import Request.
  Time since last request: 0.000024 seconds.
  path: Assets/TextMesh Pro/Examples & Extras/Scenes/01-  Single Line TextMesh Pro.unity
  importAddress: Guid(2ac8cf212df6445e8aebbe3cb832e993) Importer(2089858483,b0f066a214c2f5e87bad3c948f4d605d)
Start importing Assets/TextMesh Pro/Examples & Extras/Scenes/01-  Single Line TextMesh Pro.unity using Guid(2ac8cf212df6445e8aebbe3cb832e993) Importer(2089858483,b0f066a214c2f5e87bad3c948f4d605d) (ScriptedImporter) -> (Import Result ID: 'd989d94c53f2007a3c545b2dd27d7484') in 0.005757 seconds [static and dynamic dependencies]. Details - ImportResultOutputID=e00d623bcfaf9d6e574e3894cb3c7a7a DependenciesID=8c6554391c295b843f9fc4eae39ce70c StaticDependenciesID=999078f337ab57b4bb3d91e4947f30ee 
Number of updated asset objects reloaded before import = 0Number of asset objects unloaded after import = 1

========================================================================
Received Import Request.
  Time since last request: 0.000062 seconds.
  path: Assets/TextMesh Pro/Examples & Extras/Scenes/05 - Style Tags.unity
  importAddress: Guid(70615243e2be4a81afaab9bf5d273d65) Importer(2089858483,b0f066a214c2f5e87bad3c948f4d605d)
Start importing Assets/TextMesh Pro/Examples & Extras/Scenes/05 - Style Tags.unity using Guid(70615243e2be4a81afaab9bf5d273d65) Importer(2089858483,b0f066a214c2f5e87bad3c948f4d605d) (ScriptedImporter) -> (Import Result ID: '8a45f7df43ecaab009bdd60763f09edf') in 0.0059886 seconds [static and dynamic dependencies]. Details - ImportResultOutputID=0a59b7a103a1be984f990d00c2eddb90 DependenciesID=aef4eb6d58b1adc5e8cd0f64b48a48f9 StaticDependenciesID=ce0e90afb262c737a122c5ccc68e5aa4 
Number of updated asset objects reloaded before import = 0Number of asset objects unloaded after import = 1

========================================================================
Received Import Request.
  Time since last request: 0.000033 seconds.
  path: Assets/StarterAssets/Mobile/UI/UI_Icon_Jump.png
  importAddress: Guid(751aa1b6637101946b2fdbb7aa27d6ad) Importer(2089858483,b0f066a214c2f5e87bad3c948f4d605d)
Start importing Assets/StarterAssets/Mobile/UI/UI_Icon_Jump.png using Guid(751aa1b6637101946b2fdbb7aa27d6ad) Importer(2089858483,b0f066a214c2f5e87bad3c948f4d605d) (ScriptedImporter) -> (Import Result ID: '614f27dba05c52516b0e42d11a44b86f') in 0.0231906 seconds [static and dynamic dependencies]. Details - ImportResultOutputID=f3ebe6feb85d4be750b44a8fd2edd1df DependenciesID=07db2f28390fcd3623eb2f92faa70934 StaticDependenciesID=b16f78c0457bf5321d98c4f2e1346966 
Number of updated asset objects reloaded before import = 0Number of asset objects unloaded after import = 3

========================================================================
Received Import Request.
  Time since last request: 0.000053 seconds.
  path: Assets/StarterAssets/Mobile/UI/UI_Circle_Bevel_Base.png
  importAddress: Guid(b74c31d447d2f5d41a61081bdf5e7126) Importer(2089858483,b0f066a214c2f5e87bad3c948f4d605d)
Start importing Assets/StarterAssets/Mobile/UI/UI_Circle_Bevel_Base.png using Guid(b74c31d447d2f5d41a61081bdf5e7126) Importer(2089858483,b0f066a214c2f5e87bad3c948f4d605d) (ScriptedImporter) -> (Import Result ID: '1fcd4f26549cc3f7ffe8c36d68d6dd4f') in 0.021268 seconds [static and dynamic dependencies]. Details - ImportResultOutputID=0b2379ccda2e9d2803c30d1c8cc2d57b DependenciesID=08080dcd6d8a7525e6454595031be1cf StaticDependenciesID=435c0a90665282723a4a22d44abba8f8 
Number of updated asset objects reloaded before import = 0Number of asset objects unloaded after import = 3

========================================================================
Received Import Request.
  Time since last request: 0.000023 seconds.
  path: Assets/TextMesh Pro/Examples & Extras/Fonts/Oswald-Bold.ttf
  importAddress: Guid(c9f6d0e7bc8541498c9a4799ba184ede) Importer(2089858483,b0f066a214c2f5e87bad3c948f4d605d)
Start importing Assets/TextMesh Pro/Examples & Extras/Fonts/Oswald-Bold.ttf using Guid(c9f6d0e7bc8541498c9a4799ba184ede) Importer(2089858483,b0f066a214c2f5e87bad3c948f4d605d) (ScriptedImporter) -> (Import Result ID: '233390f48e9ef4b67154c9e425196f8c') in 0.0142744 seconds [static and dynamic dependencies]. Details - ImportResultOutputID=673ecbfbea143dd636787a9617a6facb DependenciesID=29afc966bd73e09375d9c6b22c024644 StaticDependenciesID=d1fa9d8ab86bad3664dd287958274bbb 
Number of updated asset objects reloaded before import = 0Number of asset objects unloaded after import = 3

========================================================================
Received Import Request.
  Time since last request: 0.000026 seconds.
  path: Assets/TextMesh Pro/Examples & Extras/Fonts/Bangers - OFL.txt
  importAddress: Guid(efe0bf4ac872451e91612d1ae593f480) Importer(2089858483,b0f066a214c2f5e87bad3c948f4d605d)
Start importing Assets/TextMesh Pro/Examples & Extras/Fonts/Bangers - OFL.txt using Guid(efe0bf4ac872451e91612d1ae593f480) Importer(2089858483,b0f066a214c2f5e87bad3c948f4d605d) (ScriptedImporter) -> (Import Result ID: '21fa3af7ceffbb3577e875489573f553') in 0.0060591 seconds [static and dynamic dependencies]. Details - ImportResultOutputID=da52e1d4aad98278b80d14feca35b12e DependenciesID=1cb247832067c2627cfca0cbd8caa077 StaticDependenciesID=5db1ca7c02508236c203aebffa2d3b91 
Number of updated asset objects reloaded before import = 0Number of asset objects unloaded after import = 1

========================================================================
Received Import Request.
  Time since last request: 0.000028 seconds.
  path: Assets/StarterAssets/Environment/RenderPipelineProfiles/StarterAssetsURPRenderer.asset
  importAddress: Guid(14d1d515dbdfb4206ae3afd891bf975b) Importer(2089858483,b0f066a214c2f5e87bad3c948f4d605d)
Start importing Assets/StarterAssets/Environment/RenderPipelineProfiles/StarterAssetsURPRenderer.asset using Guid(14d1d515dbdfb4206ae3afd891bf975b) Importer(2089858483,b0f066a214c2f5e87bad3c948f4d605d) (ScriptedImporter) -> (Import Result ID: '845e56a13e1739ceaf53b9b42e281199') in 0.0056879 seconds [static and dynamic dependencies]. Details - ImportResultOutputID=29b12312b150355cf9fbceb98a63649b DependenciesID=b9ea95311ecaa55c1c8049abb7dbf61d StaticDependenciesID=909b4cdf743db9bc538c2052e9765b4f 
Number of updated asset objects reloaded before import = 0Number of asset objects unloaded after import = 1

========================================================================
Received Import Request.
  Time since last request: 0.000030 seconds.
  path: Assets/StarterAssets/Mobile/UI/UI_Icon_Move.png
  importAddress: Guid(ff7bfa7addf40784d86f62b8e4a034a6) Importer(2089858483,b0f066a214c2f5e87bad3c948f4d605d)
Start importing Assets/StarterAssets/Mobile/UI/UI_Icon_Move.png using Guid(ff7bfa7addf40784d86f62b8e4a034a6) Importer(2089858483,b0f066a214c2f5e87bad3c948f4d605d) (ScriptedImporter) -> (Import Result ID: '94caef88761b8d7b75db275b08f4d4b0') in 0.0221838 seconds [static and dynamic dependencies]. Details - ImportResultOutputID=11bc293119b7084734b8ac0cc036a17a DependenciesID=dd0ce4d65c8cb93b9fed220bb1a1f664 StaticDependenciesID=5b85581301d53f98afdffa440459e754 
Number of updated asset objects reloaded before import = 0Number of asset objects unloaded after import = 3

========================================================================
Received Import Request.
  Time since last request: 0.000063 seconds.
  path: Assets/Readme.asset
  importAddress: Guid(2fed4f021c795ff4ca96d9d9c3deaa1d) Importer(815301076,1909f56bfc062723c751e8b465ee728b)
Start importing Assets/Readme.asset using Guid(2fed4f021c795ff4ca96d9d9c3deaa1d) Importer(815301076,1909f56bfc062723c751e8b465ee728b) (PreviewImporter) -> (Import Result ID: '59e7d09a130e583821974e17c7cb35d7') in 0.0032209 seconds [static and dynamic dependencies]. Details - ImportResultOutputID=99d69b156969384dd99740316b327fd1 DependenciesID=59988e6b46ece5db2a9cd4bdd05ff769 StaticDependenciesID=3a0c202ff52f3400ef622bf1bc0f179a 
Number of updated asset objects reloaded before import = 0Number of asset objects unloaded after import = 1

========================================================================
Received Import Request.
  Time since last request: 0.000045 seconds.
  path: Assets/StarterAssets/Environment/RenderPipelineProfiles/StarterAssetsURPGlobalSettings.asset
  importAddress: Guid(d075d680cccac4178aca7c82f2c05556) Importer(2089858483,b0f066a214c2f5e87bad3c948f4d605d)
Start importing Assets/StarterAssets/Environment/RenderPipelineProfiles/StarterAssetsURPGlobalSettings.asset using Guid(d075d680cccac4178aca7c82f2c05556) Importer(2089858483,b0f066a214c2f5e87bad3c948f4d605d) (ScriptedImporter) -> (Import Result ID: '7071e521244060ec82e7935d576baa2b') in 0.0070713 seconds [static and dynamic dependencies]. Details - ImportResultOutputID=bb913fff0e8b1c1db882e6c3534a5d67 DependenciesID=1ceca4227a9d9d7c55874d57a64d3485 StaticDependenciesID=d019281291af795e313c3563f5233830 
Number of updated asset objects reloaded before import = 0Number of asset objects unloaded after import = 1

========================================================================
Received Import Request.
  Time since last request: 0.000023 seconds.
  path: Assets/TextMesh Pro/Examples & Extras/Materials/Small Crate_diffuse.mat
  importAddress: Guid(22262639920f43d6be32430e4e58350d) Importer(2089858483,b0f066a214c2f5e87bad3c948f4d605d)
Start importing Assets/TextMesh Pro/Examples & Extras/Materials/Small Crate_diffuse.mat using Guid(22262639920f43d6be32430e4e58350d) Importer(2089858483,b0f066a214c2f5e87bad3c948f4d605d) (ScriptedImporter) -> (Import Result ID: 'bff42cc7a84165aa22712115c3b8f543') in 0.0068571 seconds [static and dynamic dependencies]. Details - ImportResultOutputID=d83aece2c454bc87c6285c36b6dce6c6 DependenciesID=3a338beb405fa9a7fcd9a4de500bbb06 StaticDependenciesID=982d1c1a974f5acf3ef442fead7828f3 
Number of updated asset objects reloaded before import = 0Number of asset objects unloaded after import = 1

========================================================================
Received Import Request.
  Time since last request: 0.000062 seconds.
  path: Assets/StarterAssets/ThirdPersonController/Scripts/BasicRigidBodyPush.cs
  importAddress: Guid(909d917d73a63f940ac158d02e936645) Importer(2089858483,b0f066a214c2f5e87bad3c948f4d605d)
Start importing Assets/StarterAssets/ThirdPersonController/Scripts/BasicRigidBodyPush.cs using Guid(909d917d73a63f940ac158d02e936645) Importer(2089858483,b0f066a214c2f5e87bad3c948f4d605d) (ScriptedImporter) -> (Import Result ID: '679625ccc5d234aaab8045d50dc53905') in 0.004229 seconds [static and dynamic dependencies]. Details - ImportResultOutputID=3c14a061343f3c16ebdf2c02d14e2456 DependenciesID=aa9c2679ac7b9a9beab40a66fc236c0b StaticDependenciesID=8a9cbdd3f85ee554879b905594a1dba4 
Number of updated asset objects reloaded before import = 0Number of asset objects unloaded after import = 0

========================================================================
Received Import Request.
  Time since last request: 0.000256 seconds.
  path: Assets/TextMesh Pro/Examples & Extras/Fonts/Anton OFL.txt
  importAddress: Guid(73a79399807f4e8388c2cbb5494681ca) Importer(2089858483,b0f066a214c2f5e87bad3c948f4d605d)
Start importing Assets/TextMesh Pro/Examples & Extras/Fonts/Anton OFL.txt using Guid(73a79399807f4e8388c2cbb5494681ca) Importer(2089858483,b0f066a214c2f5e87bad3c948f4d605d) (ScriptedImporter) -> (Import Result ID: '54ef8e1244ec9060a85fcf86a580a4be') in 0.0088267 seconds [static and dynamic dependencies]. Details - ImportResultOutputID=20534021bd19157f19bf13363cc898ca DependenciesID=a5f31101fe7174a7050b2617ac044286 StaticDependenciesID=d747db5815a8625f006fa96fe3403e64 
Number of updated asset objects reloaded before import = 0Number of asset objects unloaded after import = 1

========================================================================
Received Import Request.
  Time since last request: 0.000049 seconds.
  path: Assets/StarterAssets/Environment/RenderPipelineProfiles/StarterAssetsHDRPVolumeProfile.asset
  importAddress: Guid(fe05288aca2f31443877a786e771100f) Importer(2089858483,b0f066a214c2f5e87bad3c948f4d605d)
Start importing Assets/StarterAssets/Environment/RenderPipelineProfiles/StarterAssetsHDRPVolumeProfile.asset using Guid(fe05288aca2f31443877a786e771100f) Importer(2089858483,b0f066a214c2f5e87bad3c948f4d605d) (ScriptedImporter) -> (Import Result ID: '3d5f31ce9c3791c7a6bd6d8d4fdef921') in 0.0043563 seconds [static and dynamic dependencies]. Details - ImportResultOutputID=703d23153d9c25d5abd11f7fd1fd9add DependenciesID=3f5ec571682819af27a7fadf5316231c StaticDependenciesID=8daaf4ba17f4b4382f8e9176b0b8e6b9 
Number of updated asset objects reloaded before import = 0Number of asset objects unloaded after import = 1

========================================================================
Received Import Request.
  Time since last request: 0.000041 seconds.
  path: Assets/TextMesh Pro/Examples & Extras/Materials/Crate - URP.mat
  importAddress: Guid(3b5cc91c3bf8cf74391252247f52fb59) Importer(2089858483,b0f066a214c2f5e87bad3c948f4d605d)
Start importing Assets/TextMesh Pro/Examples & Extras/Materials/Crate - URP.mat using Guid(3b5cc91c3bf8cf74391252247f52fb59) Importer(2089858483,b0f066a214c2f5e87bad3c948f4d605d) (ScriptedImporter) -> (Import Result ID: 'f703bd4605b20a3ba567b48f7ae94e35') in 0.0180226 seconds [static and dynamic dependencies]. Details - ImportResultOutputID=d448fa1e0518e4773b128eaba26701a2 DependenciesID=1fb62e88c3f25414e9eba432208eed1f StaticDependenciesID=562d8c0541eca7974b7663dc516edd06 
Number of updated asset objects reloaded before import = 0Number of asset objects unloaded after import = 1

========================================================================
Received Import Request.
  Time since last request: 0.000080 seconds.
  path: Assets/TextMesh Pro/Examples & Extras/Materials/Crate - Surface Shader Scene.mat
  importAddress: Guid(e6b9b44320f4448d9d5e0ee634259966) Importer(2089858483,b0f066a214c2f5e87bad3c948f4d605d)
Start importing Assets/TextMesh Pro/Examples & Extras/Materials/Crate - Surface Shader Scene.mat using Guid(e6b9b44320f4448d9d5e0ee634259966) Importer(2089858483,b0f066a214c2f5e87bad3c948f4d605d) (ScriptedImporter) -> (Import Result ID: '91c6fb669e4118a2b5adf411bfce6d9e') in 0.0082235 seconds [static and dynamic dependencies]. Details - ImportResultOutputID=393ee7560a95b0f4c7a8f9fb11ebfe72 DependenciesID=f2480b9da6dd8c58d2c951284b121481 StaticDependenciesID=fa2cf3d4c36b850913dee116d5bb2095 
Number of updated asset objects reloaded before import = 0Number of asset objects unloaded after import = 1

========================================================================
Received Import Request.
  Time since last request: 0.000042 seconds.
  path: Assets/ALP_Assets/country house01/Prefabs/Door03_pr.prefab
  importAddress: Guid(9a1adb742e311c64f866d7dd3d17a06d) Importer(2089858483,b0f066a214c2f5e87bad3c948f4d605d)
Start importing Assets/ALP_Assets/country house01/Prefabs/Door03_pr.prefab using Guid(9a1adb742e311c64f866d7dd3d17a06d) Importer(2089858483,b0f066a214c2f5e87bad3c948f4d605d) (ScriptedImporter) -> (Import Result ID: 'ca88f7fd9a5597e6b03df970f644fb8e') in 0.0197835 seconds [static and dynamic dependencies]. Details - ImportResultOutputID=d48371b6375695ea2f91f4e13cfbced6 DependenciesID=882fc315fd627c56d08f2e0214de8807 StaticDependenciesID=44e199059b052693a03a200429afdcec 
Number of updated asset objects reloaded before import = 0Number of asset objects unloaded after import = 10

========================================================================
Received Import Request.
  Time since last request: 0.000025 seconds.
  path: Assets/Models/NightTime/ClothesLine03Night.fbx
  importAddress: Guid(43ffe2775aaea844ebb24bee7089c958) Importer(2089858483,b0f066a214c2f5e87bad3c948f4d605d)
Start importing Assets/Models/NightTime/ClothesLine03Night.fbx using Guid(43ffe2775aaea844ebb24bee7089c958) Importer(2089858483,b0f066a214c2f5e87bad3c948f4d605d) (ScriptedImporter) -> (Import Result ID: '266568b1322ce1816cb2ea680c6d0c5c') in 0.015399 seconds [static and dynamic dependencies]. Details - ImportResultOutputID=f91e0f937c447333e9766b1db748097b DependenciesID=5fdc9fa2e15b95f96210d865a8c5c3dd StaticDependenciesID=50d02a47acd47d003c7ecd86655fa862 
Number of updated asset objects reloaded before import = 0Number of asset objects unloaded after import = 9

========================================================================
Received Import Request.
  Time since last request: 0.000021 seconds.
  path: Assets/Models/Daytime/WheelyBinBlue.fbx
  importAddress: Guid(24a05966196c7fc4380001ad323f651e) Importer(2089858483,b0f066a214c2f5e87bad3c948f4d605d)
Start importing Assets/Models/Daytime/WheelyBinBlue.fbx using Guid(24a05966196c7fc4380001ad323f651e) Importer(2089858483,b0f066a214c2f5e87bad3c948f4d605d) (ScriptedImporter) -> (Import Result ID: '30e3c8df2575c4cdd94bd7a652f04734') in 0.0229006 seconds [static and dynamic dependencies]. Details - ImportResultOutputID=087c1ce662d0aff7e89e3cadb0127a54 DependenciesID=962717548ad8ab997e10c8c6c698e97a StaticDependenciesID=74f28780cb7db1c766dc59c550f48d8d 
Number of updated asset objects reloaded before import = 0Number of asset objects unloaded after import = 10

========================================================================
Received Import Request.
  Time since last request: 0.000024 seconds.
  path: Assets/Textures/Graffiti/Graffiti01.png
  importAddress: Guid(d2c086d8d57305b46badb6b502a5a968) Importer(2089858483,b0f066a214c2f5e87bad3c948f4d605d)
Start importing Assets/Textures/Graffiti/Graffiti01.png using Guid(d2c086d8d57305b46badb6b502a5a968) Importer(2089858483,b0f066a214c2f5e87bad3c948f4d605d) (ScriptedImporter) -> (Import Result ID: '4a6149a4825637713f1a1527d5b32c38') in 0.0157719 seconds [static and dynamic dependencies]. Details - ImportResultOutputID=7ce34ea9278d0216e658c2e39c347162 DependenciesID=fb68e5a08ba35cfd7f0954b79b15bc65 StaticDependenciesID=6c3684607b55ac4d02d3bf549ac5f9aa 
Number of updated asset objects reloaded before import = 0Number of asset objects unloaded after import = 3

========================================================================
Received Import Request.
  Time since last request: 0.000053 seconds.
  path: Assets/Scripts/Characters/CharacterDatabase.cs
  importAddress: Guid(4b8f80571ddc3544191bf4295c26178f) Importer(2089858483,b0f066a214c2f5e87bad3c948f4d605d)
Start importing Assets/Scripts/Characters/CharacterDatabase.cs using Guid(4b8f80571ddc3544191bf4295c26178f) Importer(2089858483,b0f066a214c2f5e87bad3c948f4d605d) (ScriptedImporter) -> (Import Result ID: '90a107dfdcc47b6a7c7220cf8ff7b1bd') in 0.0048628 seconds [static and dynamic dependencies]. Details - ImportResultOutputID=3c62452f34bc54f9635a9a6498282068 DependenciesID=e7a8da845161841e4ee8c38253946098 StaticDependenciesID=636878e0881f41e70369c52d445bb3c1 
Number of updated asset objects reloaded before import = 0Number of asset objects unloaded after import = 0

========================================================================
Received Import Request.
  Time since last request: 0.000075 seconds.
  path: Assets/Prefabs/Particles/PowerUpParticle/MagnetParticles.prefab
  importAddress: Guid(8cede34fb26a722408198e0d27628ae9) Importer(2089858483,b0f066a214c2f5e87bad3c948f4d605d)
Start importing Assets/Prefabs/Particles/PowerUpParticle/MagnetParticles.prefab using Guid(8cede34fb26a722408198e0d27628ae9) Importer(2089858483,b0f066a214c2f5e87bad3c948f4d605d) (ScriptedImporter) -> (Import Result ID: '7daf2f6cdee9a35933ef41d642bf1977') in 0.0357577 seconds [static and dynamic dependencies]. Details - ImportResultOutputID=9c326803afd9d4fa1b5c7b7aab773ca9 DependenciesID=124317c97f93033ed4feaa175fef37e1 StaticDependenciesID=942faaea0437349189ac5f9e741419e7 
Number of updated asset objects reloaded before import = 0Number of asset objects unloaded after import = 10

========================================================================
Received Import Request.
  Time since last request: 0.000017 seconds.
  path: Assets/TextMesh Pro/Examples & Extras/Scenes/11 - The Style Tag.unity
  importAddress: Guid(84ed36ad77dd4956b2ffe3769f759879) Importer(2089858483,b0f066a214c2f5e87bad3c948f4d605d)
Start importing Assets/TextMesh Pro/Examples & Extras/Scenes/11 - The Style Tag.unity using Guid(84ed36ad77dd4956b2ffe3769f759879) Importer(2089858483,b0f066a214c2f5e87bad3c948f4d605d) (ScriptedImporter) -> (Import Result ID: '0a7c8dc20383163c34b05cb2ab46baac') in 0.0035592 seconds [static and dynamic dependencies]. Details - ImportResultOutputID=3a7d6aa7ac150e28f26a0b82c24c65be DependenciesID=1601a47715122a82d9d4faff8939748e StaticDependenciesID=5b281e467e49f9252b5fed0f564882a0 
Number of updated asset objects reloaded before import = 0Number of asset objects unloaded after import = 1

========================================================================
Received Import Request.
  Time since last request: 0.000092 seconds.
  path: Assets/TextMesh Pro/Examples & Extras/Scripts/TMP_TextSelector_A.cs
  importAddress: Guid(103e0a6a1d404693b9fb1a5173e0e979) Importer(2089858483,b0f066a214c2f5e87bad3c948f4d605d)
Start importing Assets/TextMesh Pro/Examples & Extras/Scripts/TMP_TextSelector_A.cs using Guid(103e0a6a1d404693b9fb1a5173e0e979) Importer(2089858483,b0f066a214c2f5e87bad3c948f4d605d) (ScriptedImporter) -> (Import Result ID: '4b0e38e16c88eee8661788a302510f8a') in 0.0059509 seconds [static and dynamic dependencies]. Details - ImportResultOutputID=8631b55801c1092e21f9cbff559a4a7c DependenciesID=a1c9944fd7c4092040fee8bce34852d0 StaticDependenciesID=ac152553d921fc904d734ecaad29a93d 
Number of updated asset objects reloaded before import = 0Number of asset objects unloaded after import = 0

========================================================================
Received Import Request.
  Time since last request: 0.000131 seconds.
  path: Assets/TextMesh Pro/Examples & Extras/Textures/Brushed Metal 3.jpg
  importAddress: Guid(f88677df267a41d6be1e7a6133e7d227) Importer(2089858483,b0f066a214c2f5e87bad3c948f4d605d)
Start importing Assets/TextMesh Pro/Examples & Extras/Textures/Brushed Metal 3.jpg using Guid(f88677df267a41d6be1e7a6133e7d227) Importer(2089858483,b0f066a214c2f5e87bad3c948f4d605d) (ScriptedImporter) -> (Import Result ID: '1eb35abe4f983de43a434f6aadf444db') in 0.0151102 seconds [static and dynamic dependencies]. Details - ImportResultOutputID=99fc07629cf464acf26b1419acdce839 DependenciesID=82f60840740fe5fa8c8b3fd8b3970ebd StaticDependenciesID=0ef17a60c4a20321754f2072c311e5ba 
Number of updated asset objects reloaded before import = 0Number of asset objects unloaded after import = 1

========================================================================
Received Import Request.
  Time since last request: 0.000373 seconds.
  path: Assets/TextMesh Pro/Examples & Extras/Scripts/DropdownSample.cs
  importAddress: Guid(ac1eb05af6d391b4eb0f4c070a99f1d0) Importer(2089858483,b0f066a214c2f5e87bad3c948f4d605d)
Start importing Assets/TextMesh Pro/Examples & Extras/Scripts/DropdownSample.cs using Guid(ac1eb05af6d391b4eb0f4c070a99f1d0) Importer(2089858483,b0f066a214c2f5e87bad3c948f4d605d) (ScriptedImporter) -> (Import Result ID: '4447142ca7f16d8200cd20b92a6ab4c8') in 0.0063785 seconds [static and dynamic dependencies]. Details - ImportResultOutputID=dee9429e7a4fc69bf2b31331c6334b65 DependenciesID=a4f7aa110c05d70a9b8700ada225ead1 StaticDependenciesID=2a6d96316ee843e55dfd9c897447081f 
Number of updated asset objects reloaded before import = 0Number of asset objects unloaded after import = 0

========================================================================
Received Import Request.
  Time since last request: 0.000056 seconds.
  path: Assets/TextMesh Pro/Examples & Extras/Scenes/16 - Linked text overflow mode example.unity
  importAddress: Guid(9442cda25baa4a0bb544c4d095b00caa) Importer(2089858483,b0f066a214c2f5e87bad3c948f4d605d)
Start importing Assets/TextMesh Pro/Examples & Extras/Scenes/16 - Linked text overflow mode example.unity using Guid(9442cda25baa4a0bb544c4d095b00caa) Importer(2089858483,b0f066a214c2f5e87bad3c948f4d605d) (ScriptedImporter) -> (Import Result ID: '67a173c4a6ba6799e926852eeba16b86') in 0.0061748 seconds [static and dynamic dependencies]. Details - ImportResultOutputID=48f98df7ff73510e73fd18a40b4de28b DependenciesID=4495416527c72385b277082c58909e47 StaticDependenciesID=3535afc5802798302d1051d56ff686ae 
Number of updated asset objects reloaded before import = 0Number of asset objects unloaded after import = 1

========================================================================
Received Import Request.
  Time since last request: 0.000089 seconds.
  path: Assets/TextMesh Pro/Examples & Extras/Scripts/TMP_DigitValidator.cs
  importAddress: Guid(1a7eb92a01ed499a987bde9def05fbce) Importer(2089858483,b0f066a214c2f5e87bad3c948f4d605d)
Start importing Assets/TextMesh Pro/Examples & Extras/Scripts/TMP_DigitValidator.cs using Guid(1a7eb92a01ed499a987bde9def05fbce) Importer(2089858483,b0f066a214c2f5e87bad3c948f4d605d) (ScriptedImporter) -> (Import Result ID: '96dd7b6d3548aa0ace3720f788b6c738') in 0.0039119 seconds [static and dynamic dependencies]. Details - ImportResultOutputID=1a7120411a6652b789e0806cebcd55e4 DependenciesID=5e934878f11fe9216f6cea9fa2f09db4 StaticDependenciesID=5d28ef55bb05d4add030e0887641b403 
Number of updated asset objects reloaded before import = 0Number of asset objects unloaded after import = 0

========================================================================
Received Import Request.
  Time since last request: 0.000141 seconds.
  path: Assets/TextMesh Pro/Examples & Extras/Scenes/24 - Surface Shader Example URP.unity
  importAddress: Guid(57694ed9d1cd1e340a4924c0f2eac8e3) Importer(2089858483,b0f066a214c2f5e87bad3c948f4d605d)
Start importing Assets/TextMesh Pro/Examples & Extras/Scenes/24 - Surface Shader Example URP.unity using Guid(57694ed9d1cd1e340a4924c0f2eac8e3) Importer(2089858483,b0f066a214c2f5e87bad3c948f4d605d) (ScriptedImporter) -> (Import Result ID: '6d6cdbc1d46d440ddbea4bb2c2e25f82') in 0.0139854 seconds [static and dynamic dependencies]. Details - ImportResultOutputID=3fb23abbddfd29d3c6b2f74dd8a18a3c DependenciesID=4d5726d9e483b2ee194502712fd85024 StaticDependenciesID=2195cd50b32388c0a55e26d0c7556042 
Number of updated asset objects reloaded before import = 0Number of asset objects unloaded after import = 1

========================================================================
Received Import Request.
  Time since last request: 0.000034 seconds.
  path: Assets/TextMesh Pro/Examples & Extras/Scripts/SimpleScript.cs
  importAddress: Guid(9eff140b25d64601aabc6ba32245d099) Importer(2089858483,b0f066a214c2f5e87bad3c948f4d605d)
Start importing Assets/TextMesh Pro/Examples & Extras/Scripts/SimpleScript.cs using Guid(9eff140b25d64601aabc6ba32245d099) Importer(2089858483,b0f066a214c2f5e87bad3c948f4d605d) (ScriptedImporter) -> (Import Result ID: '0829f98fed14e3404ab3e639418b1899') in 0.0037549 seconds [static and dynamic dependencies]. Details - ImportResultOutputID=dfd3beb6f11e09a5821dc2b9fd8cdcb1 DependenciesID=2a65b23b3e7399e9d248c8564ebd3834 StaticDependenciesID=f1011b933d58514fecdfae53f64cfd6f 
Number of updated asset objects reloaded before import = 0Number of asset objects unloaded after import = 0

========================================================================
Received Import Request.
  Time since last request: 0.000111 seconds.
  path: Assets/TextMesh Pro/Examples & Extras/Scenes/20 - Input Field with Scrollbar.unity
  importAddress: Guid(337f92480dd24675aae9e79210fb1ad9) Importer(2089858483,b0f066a214c2f5e87bad3c948f4d605d)
Start importing Assets/TextMesh Pro/Examples & Extras/Scenes/20 - Input Field with Scrollbar.unity using Guid(337f92480dd24675aae9e79210fb1ad9) Importer(2089858483,b0f066a214c2f5e87bad3c948f4d605d) (ScriptedImporter) -> (Import Result ID: '807b3a40933b16c01e67aa75085a7e85') in 0.004815 seconds [static and dynamic dependencies]. Details - ImportResultOutputID=bf4aabdf2dea84534da60f2610aa6370 DependenciesID=542f004d1e8b0da800980cddc8f635eb StaticDependenciesID=8ad0de6c9bd6ff5632694365611bf7ff 
Number of updated asset objects reloaded before import = 0Number of asset objects unloaded after import = 1

========================================================================
Received Import Request.
  Time since last request: 0.000043 seconds.
  path: Assets/TextMesh Pro/Examples & Extras/Textures/Floor Cement.jpg
  importAddress: Guid(283f897e4925411ebbaa758b4cb13fc2) Importer(2089858483,b0f066a214c2f5e87bad3c948f4d605d)
Start importing Assets/TextMesh Pro/Examples & Extras/Textures/Floor Cement.jpg using Guid(283f897e4925411ebbaa758b4cb13fc2) Importer(2089858483,b0f066a214c2f5e87bad3c948f4d605d) (ScriptedImporter) -> (Import Result ID: 'e85c159c0e1473b3bfe033eb4fdea3f6') in 0.0132308 seconds [static and dynamic dependencies]. Details - ImportResultOutputID=3528c06efbe54453418e34e01268ff27 DependenciesID=192394cf043eeb526826d751b96f26b4 StaticDependenciesID=6566fdd2a313269c0bce243de430bbde 
Number of updated asset objects reloaded before import = 0Number of asset objects unloaded after import = 1

========================================================================
Received Import Request.
  Time since last request: 0.000103 seconds.
  path: Assets/TextMesh Pro/Examples & Extras/Scripts/TMP_TextSelector_B.cs
  importAddress: Guid(a05dcd8be7ec4ccbb35c26219884aa37) Importer(2089858483,b0f066a214c2f5e87bad3c948f4d605d)
Start importing Assets/TextMesh Pro/Examples & Extras/Scripts/TMP_TextSelector_B.cs using Guid(a05dcd8be7ec4ccbb35c26219884aa37) Importer(2089858483,b0f066a214c2f5e87bad3c948f4d605d) (ScriptedImporter) -> (Import Result ID: '37ec61b411efaa72ab4afb2f7c3f5dd2') in 0.0062855 seconds [static and dynamic dependencies]. Details - ImportResultOutputID=5d6d817744d716211837d40640f900ef DependenciesID=95b834a9e0a14f2ec86aeb9819a402bc StaticDependenciesID=95ac119512cb5efff810a843c6eb1a3e 
Number of updated asset objects reloaded before import = 0Number of asset objects unloaded after import = 0

========================================================================
Received Import Request.
  Time since last request: 0.000092 seconds.
  path: Assets/TextMesh Pro/Examples & Extras/Sprites/Default Sprites.png
  importAddress: Guid(a0fc465d6cf04254a2938578735e2383) Importer(2089858483,b0f066a214c2f5e87bad3c948f4d605d)
Start importing Assets/TextMesh Pro/Examples & Extras/Sprites/Default Sprites.png using Guid(a0fc465d6cf04254a2938578735e2383) Importer(2089858483,b0f066a214c2f5e87bad3c948f4d605d) (ScriptedImporter) -> (Import Result ID: '8b86d85f76f9d9a5efeb8b1031fee30b') in 0.01278 seconds [static and dynamic dependencies]. Details - ImportResultOutputID=fc39f301a1c31d13b6c598b0adc5457f DependenciesID=8d51c90fef8b1d34404117a0ce72daea StaticDependenciesID=daacb5b85a9d9323241d4b6b29a7d024 
Number of updated asset objects reloaded before import = 0Number of asset objects unloaded after import = 1

========================================================================
Received Import Request.
  Time since last request: 0.000024 seconds.
  path: Assets/TextMesh Pro/Examples & Extras/Scenes/09 - Margin Tag Example.unity
  importAddress: Guid(349f38d3606449708c7340d26740e1e2) Importer(2089858483,b0f066a214c2f5e87bad3c948f4d605d)
Start importing Assets/TextMesh Pro/Examples & Extras/Scenes/09 - Margin Tag Example.unity using Guid(349f38d3606449708c7340d26740e1e2) Importer(2089858483,b0f066a214c2f5e87bad3c948f4d605d) (ScriptedImporter) -> (Import Result ID: '1779939474ac84589141c04e968acca4') in 0.007166 seconds [static and dynamic dependencies]. Details - ImportResultOutputID=d9624ee8677f50f1f9fe3ccdcb98d701 DependenciesID=f917b74b99b982918e8b4b4f4039e015 StaticDependenciesID=c301d0de733d210ce399dfdb5708fb83 
Number of updated asset objects reloaded before import = 0Number of asset objects unloaded after import = 1

========================================================================
Received Import Request.
  Time since last request: 0.000056 seconds.
  path: Assets/TextMesh Pro/Examples & Extras/Sprites/DropCap Numbers.psd
  importAddress: Guid(fd09957580ac4326916010f1f260975b) Importer(2089858483,b0f066a214c2f5e87bad3c948f4d605d)
Start importing Assets/TextMesh Pro/Examples & Extras/Sprites/DropCap Numbers.psd using Guid(fd09957580ac4326916010f1f260975b) Importer(2089858483,b0f066a214c2f5e87bad3c948f4d605d) (ScriptedImporter) -> (Import Result ID: '4b0c48acc88d90ab23e1be6364255ac4') in 0.0168409 seconds [static and dynamic dependencies]. Details - ImportResultOutputID=941fb52147759e129eb7a4f85c6393b4 DependenciesID=8fabefee0c7915e48dd0a84fce98b01b StaticDependenciesID=1bb91641c3b3eb75eb7312e4e14b1e74 
Number of updated asset objects reloaded before import = 0Number of asset objects unloaded after import = 1

========================================================================
Received Import Request.
  Time since last request: 0.000030 seconds.
  path: Assets/TextMesh Pro/Examples & Extras/Scripts/SkewTextExample.cs
  importAddress: Guid(d412675cfb3441efa3bf8dcd9b7624dc) Importer(2089858483,b0f066a214c2f5e87bad3c948f4d605d)
Start importing Assets/TextMesh Pro/Examples & Extras/Scripts/SkewTextExample.cs using Guid(d412675cfb3441efa3bf8dcd9b7624dc) Importer(2089858483,b0f066a214c2f5e87bad3c948f4d605d) (ScriptedImporter) -> (Import Result ID: 'f8530f2be815523091f3df14f800f0e8') in 0.0037993 seconds [static and dynamic dependencies]. Details - ImportResultOutputID=ea31ff6dec40bf8b2ccf6eafb59e9832 DependenciesID=5110b91c2c2e0c6287eef61c2149a00a StaticDependenciesID=9c1dd545761f4905fa534695c9837d40 
Number of updated asset objects reloaded before import = 0Number of asset objects unloaded after import = 0

========================================================================
Received Import Request.
  Time since last request: 0.000060 seconds.
  path: Assets/TextMesh Pro/Examples & Extras/Scenes/28 - HDRP Shader Example.unity
  importAddress: Guid(eea2b7206368b444e84fbec4ec32b64a) Importer(2089858483,b0f066a214c2f5e87bad3c948f4d605d)
Start importing Assets/TextMesh Pro/Examples & Extras/Scenes/28 - HDRP Shader Example.unity using Guid(eea2b7206368b444e84fbec4ec32b64a) Importer(2089858483,b0f066a214c2f5e87bad3c948f4d605d) (ScriptedImporter) -> (Import Result ID: '47f2b5dd884bcd5d2db2e6be82f64e5a') in 0.0065544 seconds [static and dynamic dependencies]. Details - ImportResultOutputID=137d6c8715d85c89fbc32ae77199cc6a DependenciesID=08a050120601c7ef88c966fa14f3d957 StaticDependenciesID=9f7556239b048e437a1377ad9c237c03 
Number of updated asset objects reloaded before import = 0Number of asset objects unloaded after import = 1

========================================================================
Received Import Request.
  Time since last request: 0.000039 seconds.
  path: Assets/TextMesh Pro/Examples & Extras/Scripts/Benchmark01.cs
  importAddress: Guid(f970ea55f9f84bf79b05dab180b8c125) Importer(2089858483,b0f066a214c2f5e87bad3c948f4d605d)
Start importing Assets/TextMesh Pro/Examples & Extras/Scripts/Benchmark01.cs using Guid(f970ea55f9f84bf79b05dab180b8c125) Importer(2089858483,b0f066a214c2f5e87bad3c948f4d605d) (ScriptedImporter) -> (Import Result ID: '027bee7590de4bf04151aae4d6ada0be') in 0.0098549 seconds [static and dynamic dependencies]. Details - ImportResultOutputID=439b019ee41d3b5837ac24fd75fcaa1f DependenciesID=44d9524c9a8bc733330e1a5d3bd13afc StaticDependenciesID=0df8bda9b9a653708ed9b9b5f3491fcd 
Number of updated asset objects reloaded before import = 0Number of asset objects unloaded after import = 0

========================================================================
Received Import Request.
  Time since last request: 0.000173 seconds.
  path: Assets/TextMesh Pro/Examples & Extras/Scripts/CameraController.cs
  importAddress: Guid(2d687537154440a3913a9a3c7977978c) Importer(2089858483,b0f066a214c2f5e87bad3c948f4d605d)
Start importing Assets/TextMesh Pro/Examples & Extras/Scripts/CameraController.cs using Guid(2d687537154440a3913a9a3c7977978c) Importer(2089858483,b0f066a214c2f5e87bad3c948f4d605d) (ScriptedImporter) -> (Import Result ID: 'fbc0ccaa6d59dcd4580440e6d662068f') in 0.0036148 seconds [static and dynamic dependencies]. Details - ImportResultOutputID=4b828c265c95aa6cfc3db07ab05565d6 DependenciesID=fd5f463574f9f5c8b0f4a6870ec99e5f StaticDependenciesID=fa4453ef15531f031799d800b78e36df 
Number of updated asset objects reloaded before import = 0Number of asset objects unloaded after import = 0

========================================================================
Received Import Request.
  Time since last request: 0.000071 seconds.
  path: Assets/TextMesh Pro/Examples & Extras/Scripts/TMP_TextEventCheck.cs
  importAddress: Guid(d736ce056cf444ca96e424f4d9c42b76) Importer(2089858483,b0f066a214c2f5e87bad3c948f4d605d)
Start importing Assets/TextMesh Pro/Examples & Extras/Scripts/TMP_TextEventCheck.cs using Guid(d736ce056cf444ca96e424f4d9c42b76) Importer(2089858483,b0f066a214c2f5e87bad3c948f4d605d) (ScriptedImporter) -> (Import Result ID: '56eceacd1f25c729debc88f6fca8f065') in 0.0037869 seconds [static and dynamic dependencies]. Details - ImportResultOutputID=b9f6900db6afc8bf2ecb8fc8e48a680a DependenciesID=354f44a26221851a7bd3ee7195d3d282 StaticDependenciesID=dce67f9a25a511aa1c991e0e8ceba527 
Number of updated asset objects reloaded before import = 0Number of asset objects unloaded after import = 0

========================================================================
Received Import Request.
  Time since last request: 0.000108 seconds.
  path: Assets/TextMesh Pro/Examples & Extras/Scripts/Benchmark01_UGUI.cs
  importAddress: Guid(8ef7be1c625941f7ba8ed7cc71718c0d) Importer(2089858483,b0f066a214c2f5e87bad3c948f4d605d)
Start importing Assets/TextMesh Pro/Examples & Extras/Scripts/Benchmark01_UGUI.cs using Guid(8ef7be1c625941f7ba8ed7cc71718c0d) Importer(2089858483,b0f066a214c2f5e87bad3c948f4d605d) (ScriptedImporter) -> (Import Result ID: '8555a3c87a1401c532c364ca61051fcb') in 0.004694 seconds [static and dynamic dependencies]. Details - ImportResultOutputID=8e41b7847e599498fb27fe915307ffa2 DependenciesID=0269821159869bd2ab9ff285ff4882db StaticDependenciesID=5f74258efc14844bd3ed5e9af5a2eed6 
Number of updated asset objects reloaded before import = 0Number of asset objects unloaded after import = 0

========================================================================
Received Import Request.
  Time since last request: 0.000325 seconds.
  path: Assets/TextMesh Pro/Examples & Extras/Scripts/VertexColorCycler.cs
  importAddress: Guid(91b8ba3d52e041fab2d0e0f169855539) Importer(2089858483,b0f066a214c2f5e87bad3c948f4d605d)
Start importing Assets/TextMesh Pro/Examples & Extras/Scripts/VertexColorCycler.cs using Guid(91b8ba3d52e041fab2d0e0f169855539) Importer(2089858483,b0f066a214c2f5e87bad3c948f4d605d) (ScriptedImporter) -> (Import Result ID: '7bbd786c4e391d39a6409f5b06e20e70') in 0.0068581 seconds [static and dynamic dependencies]. Details - ImportResultOutputID=79d358e8757aa82079a141aaff853973 DependenciesID=aef19b4c336c0c18bc3628e1b300dfac StaticDependenciesID=1deed37a530943e825f7ec4ff7d8dbe4 
Number of updated asset objects reloaded before import = 0Number of asset objects unloaded after import = 0

========================================================================
Received Import Request.
  Time since last request: 0.000090 seconds.
  path: Assets/TextMesh Pro/Examples & Extras/Scripts/ShaderPropAnimator.cs
  importAddress: Guid(2787a46a4dc848c1b4b7b9307b614bfd) Importer(2089858483,b0f066a214c2f5e87bad3c948f4d605d)
Start importing Assets/TextMesh Pro/Examples & Extras/Scripts/ShaderPropAnimator.cs using Guid(2787a46a4dc848c1b4b7b9307b614bfd) Importer(2089858483,b0f066a214c2f5e87bad3c948f4d605d) (ScriptedImporter) -> (Import Result ID: '69fdf613096a4f76c121f7b660838465') in 0.0043514 seconds [static and dynamic dependencies]. Details - ImportResultOutputID=78dbf9796b67178047391617721b35bb DependenciesID=21a9117bc2d59d29de3693529de41d46 StaticDependenciesID=0aeefe0c6f2db74a6bea99df5f2d85c6 
Number of updated asset objects reloaded before import = 0Number of asset objects unloaded after import = 0

========================================================================
Received Import Request.
  Time since last request: 0.000089 seconds.
  path: Assets/TextMesh Pro/Examples & Extras/Scripts/EnvMapAnimator.cs
  importAddress: Guid(a4b6f99e8bc54541bbd149b014ff441c) Importer(2089858483,b0f066a214c2f5e87bad3c948f4d605d)
Start importing Assets/TextMesh Pro/Examples & Extras/Scripts/EnvMapAnimator.cs using Guid(a4b6f99e8bc54541bbd149b014ff441c) Importer(2089858483,b0f066a214c2f5e87bad3c948f4d605d) (ScriptedImporter) -> (Import Result ID: '722cebbd5c6ac82f1a41fa699b29a261') in 0.0045465 seconds [static and dynamic dependencies]. Details - ImportResultOutputID=ca00525ba7d1e32d3e5d6b3d7aa267b9 DependenciesID=487d7b209fe3256a04fcfb6404b2f879 StaticDependenciesID=b139e3e2028b1a5f47d75a7a02640f31 
Number of updated asset objects reloaded before import = 0Number of asset objects unloaded after import = 0

========================================================================
Received Import Request.
  Time since last request: 0.000082 seconds.
  path: Assets/TextMesh Pro/Examples & Extras/Scenes/25 - Sunny Days Example.unity
  importAddress: Guid(f9b4c22e15cff344ba9fc6542a58dd07) Importer(2089858483,b0f066a214c2f5e87bad3c948f4d605d)
Start importing Assets/TextMesh Pro/Examples & Extras/Scenes/25 - Sunny Days Example.unity using Guid(f9b4c22e15cff344ba9fc6542a58dd07) Importer(2089858483,b0f066a214c2f5e87bad3c948f4d605d) (ScriptedImporter) -> (Import Result ID: 'fbd7719ce8c45d9d970e79f89daee396') in 0.0057578 seconds [static and dynamic dependencies]. Details - ImportResultOutputID=f092046b7171726aeeba5ce08f0dbb21 DependenciesID=521fddf2e095decbfdfbd5155a1d39ec StaticDependenciesID=bea96e69db350b15a7e56c3b513511c0 
Number of updated asset objects reloaded before import = 0Number of asset objects unloaded after import = 1

========================================================================
Received Import Request.
  Time since last request: 0.000072 seconds.
  path: Assets/TextMesh Pro/Examples & Extras/Scenes/27 - Double Pass Shader Example.unity
  importAddress: Guid(3b38a6ba32b869f48812e595baf39746) Importer(2089858483,b0f066a214c2f5e87bad3c948f4d605d)
Start importing Assets/TextMesh Pro/Examples & Extras/Scenes/27 - Double Pass Shader Example.unity using Guid(3b38a6ba32b869f48812e595baf39746) Importer(2089858483,b0f066a214c2f5e87bad3c948f4d605d) (ScriptedImporter) -> (Import Result ID: '255eb34e28a4b07ca04aa61b9e058ca9') in 0.0056809 seconds [static and dynamic dependencies]. Details - ImportResultOutputID=cd5172a7cae348dc829071446714c2df DependenciesID=865bb7594004536522914afd8503c056 StaticDependenciesID=96f64aa81d6bb297f99ae311b8afc5ef 
Number of updated asset objects reloaded before import = 0Number of asset objects unloaded after import = 1

========================================================================
Received Import Request.
  Time since last request: 0.000095 seconds.
  path: Assets/TextMesh Pro/Examples & Extras/Scenes/Benchmark (Floating Text).unity
  importAddress: Guid(16177da2e3254cee91944756d5f8ddd3) Importer(2089858483,b0f066a214c2f5e87bad3c948f4d605d)
Start importing Assets/TextMesh Pro/Examples & Extras/Scenes/Benchmark (Floating Text).unity using Guid(16177da2e3254cee91944756d5f8ddd3) Importer(2089858483,b0f066a214c2f5e87bad3c948f4d605d) (ScriptedImporter) -> (Import Result ID: '7f6a2647cc7e68cd3be382b464b8f908') in 0.009462 seconds [static and dynamic dependencies]. Details - ImportResultOutputID=72a56e967e2e0e6a4c12cdc8567690e7 DependenciesID=8910fe764ea3f52ae19f33e574d588ef StaticDependenciesID=8c91ee065a8fa7bddf032d40078bb4bb 
Number of updated asset objects reloaded before import = 0Number of asset objects unloaded after import = 1

========================================================================
Received Import Request.
  Time since last request: 0.000057 seconds.
  path: Assets/TextMesh Pro/Examples & Extras/Scripts/Benchmark03.cs
  importAddress: Guid(a73109742c8d47ac822895a473300c29) Importer(2089858483,b0f066a214c2f5e87bad3c948f4d605d)
Start importing Assets/TextMesh Pro/Examples & Extras/Scripts/Benchmark03.cs using Guid(a73109742c8d47ac822895a473300c29) Importer(2089858483,b0f066a214c2f5e87bad3c948f4d605d) (ScriptedImporter) -> (Import Result ID: 'b5d3c995a0ca7e6006808ae258c00bdd') in 0.0044926 seconds [static and dynamic dependencies]. Details - ImportResultOutputID=4e29b0db8ee73d0935e738f30642b61e DependenciesID=e3f873fea9ec33982197571e78ce21d3 StaticDependenciesID=2664abffca018359daf6d755e163a85a 
Number of updated asset objects reloaded before import = 0Number of asset objects unloaded after import = 0

========================================================================
Received Import Request.
  Time since last request: 0.000118 seconds.
  path: Assets/TextMesh Pro/Examples & Extras/Scripts/ChatController.cs
  importAddress: Guid(53d91f98a2664f5cb9af11de72ac54ec) Importer(2089858483,b0f066a214c2f5e87bad3c948f4d605d)
Start importing Assets/TextMesh Pro/Examples & Extras/Scripts/ChatController.cs using Guid(53d91f98a2664f5cb9af11de72ac54ec) Importer(2089858483,b0f066a214c2f5e87bad3c948f4d605d) (ScriptedImporter) -> (Import Result ID: 'ffdc47a325c07977e5dab71f5c54036c') in 0.0048866 seconds [static and dynamic dependencies]. Details - ImportResultOutputID=e4fec471bbc4df374b5bc0b62f748ffd DependenciesID=e15c80aed40b1408d78596907097e644 StaticDependenciesID=8917539df4bda088032a81d7c2589a2a 
Number of updated asset objects reloaded before import = 0Number of asset objects unloaded after import = 0

========================================================================
Received Import Request.
  Time since last request: 0.000069 seconds.
  path: Assets/TextMesh Pro/Examples & Extras/Scripts/TMP_TextEventHandler.cs
  importAddress: Guid(1312ae25639a4bae8e25ae223209cc50) Importer(2089858483,b0f066a214c2f5e87bad3c948f4d605d)
Start importing Assets/TextMesh Pro/Examples & Extras/Scripts/TMP_TextEventHandler.cs using Guid(1312ae25639a4bae8e25ae223209cc50) Importer(2089858483,b0f066a214c2f5e87bad3c948f4d605d) (ScriptedImporter) -> (Import Result ID: 'bf770a03d7f714cecc7553848be6d4de') in 0.0049622 seconds [static and dynamic dependencies]. Details - ImportResultOutputID=ed1fc7868c323bc2c6455fb12816ad81 DependenciesID=9a0462057a74dbafe2297a1da3d3f2f9 StaticDependenciesID=9128289a706bc8293a930d245222330f 
Number of updated asset objects reloaded before import = 0Number of asset objects unloaded after import = 0

========================================================================
Received Import Request.
  Time since last request: 0.000055 seconds.
  path: Assets/TextMesh Pro/Examples & Extras/Scripts/TMPro_InstructionOverlay.cs
  importAddress: Guid(c3c1afeda5e545e0b19add5373896d2e) Importer(2089858483,b0f066a214c2f5e87bad3c948f4d605d)
Start importing Assets/TextMesh Pro/Examples & Extras/Scripts/TMPro_InstructionOverlay.cs using Guid(c3c1afeda5e545e0b19add5373896d2e) Importer(2089858483,b0f066a214c2f5e87bad3c948f4d605d) (ScriptedImporter) -> (Import Result ID: 'df00067712548ba1c52f77408aa17363') in 0.0069701 seconds [static and dynamic dependencies]. Details - ImportResultOutputID=2fb2217fb8e259635bb435bd41e0e79f DependenciesID=61c4b7aeb81d22e141aa56f3542fee6c StaticDependenciesID=9c1347b24b3549bcbb0b4235cf94d2e5 
Number of updated asset objects reloaded before import = 0Number of asset objects unloaded after import = 0

========================================================================
Received Import Request.
  Time since last request: 0.000113 seconds.
  path: Assets/TextMesh Pro/Examples & Extras/Scripts/VertexZoom.cs
  importAddress: Guid(52ec835d14bd486f900952b77698b7eb) Importer(2089858483,b0f066a214c2f5e87bad3c948f4d605d)
Start importing Assets/TextMesh Pro/Examples & Extras/Scripts/VertexZoom.cs using Guid(52ec835d14bd486f900952b77698b7eb) Importer(2089858483,b0f066a214c2f5e87bad3c948f4d605d) (ScriptedImporter) -> (Import Result ID: '5e3ead41a8a151a00a333469c2807547') in 0.0049047 seconds [static and dynamic dependencies]. Details - ImportResultOutputID=5f1f8db6809d0360fb91829480586bcf DependenciesID=22bd50a4c46f624241861b4ac1044475 StaticDependenciesID=deee0a901c8c905c3c27cb08e28e2241 
Number of updated asset objects reloaded before import = 0Number of asset objects unloaded after import = 0

========================================================================
Received Import Request.
  Time since last request: 0.000056 seconds.
  path: Assets/Models/NightTime/WheelyBinBlueNight.fbx
  importAddress: Guid(1eb7fe32b92f9c144a35065de004d511) Importer(2089858483,b0f066a214c2f5e87bad3c948f4d605d)
Start importing Assets/Models/NightTime/WheelyBinBlueNight.fbx using Guid(1eb7fe32b92f9c144a35065de004d511) Importer(2089858483,b0f066a214c2f5e87bad3c948f4d605d) (ScriptedImporter) -> (Import Result ID: '6331a3bbe168dc1fddf51cf9353ffdb0') in 0.0154051 seconds [static and dynamic dependencies]. Details - ImportResultOutputID=8d25b9feb7a63d4aa61126fde368343a DependenciesID=c563bd1aaf9c89fa6689ca5e4f5b2bbe StaticDependenciesID=64b38f370058589dd0436c3c5ceadc41 
Number of updated asset objects reloaded before import = 0Number of asset objects unloaded after import = 8

========================================================================
Received Import Request.
  Time since last request: 0.000026 seconds.
  path: Assets/Models/Daytime/Car02.fbx
  importAddress: Guid(d6ced1c4e07951e47a0cf24db677b719) Importer(2089858483,b0f066a214c2f5e87bad3c948f4d605d)
Start importing Assets/Models/Daytime/Car02.fbx using Guid(d6ced1c4e07951e47a0cf24db677b719) Importer(2089858483,b0f066a214c2f5e87bad3c948f4d605d) (ScriptedImporter) -> (Import Result ID: 'a42fbe114757b7729cbdc4b916508ab2') in 0.0282032 seconds [static and dynamic dependencies]. Details - ImportResultOutputID=ecaf9885fa463067dfdaae154552b091 DependenciesID=c17334e4532991ee8503cace3808ebf8 StaticDependenciesID=70f575a8019b3a338e927c2f91de1700 
Number of updated asset objects reloaded before import = 0Number of asset objects unloaded after import = 23

========================================================================
Received Import Request.
  Time since last request: 0.000061 seconds.
  path: Assets/Scripts/UI/AdsForMission.cs
  importAddress: Guid(c03d9c5e95a841541a4ce99d52be89fd) Importer(2089858483,b0f066a214c2f5e87bad3c948f4d605d)
Start importing Assets/Scripts/UI/AdsForMission.cs using Guid(c03d9c5e95a841541a4ce99d52be89fd) Importer(2089858483,b0f066a214c2f5e87bad3c948f4d605d) (ScriptedImporter) -> (Import Result ID: 'a2187073b34321df86d363d4f989fe01') in 0.0081622 seconds [static and dynamic dependencies]. Details - ImportResultOutputID=4fe4560ed2f04eff0cdd28e56ce9a79a DependenciesID=06160a8d4d6df756c91a528d71a6d6fa StaticDependenciesID=3657f5afff4cc5fbae3b4f92bd9f97b3 
Number of updated asset objects reloaded before import = 0Number of asset objects unloaded after import = 0

========================================================================
Received Import Request.
  Time since last request: 0.000051 seconds.
  path: Assets/Tutorial/Up/IndustrialWarehouseUp.prefab
  importAddress: Guid(f6e9d5bba1674a148b19274e4b74ccf2) Importer(2089858483,b0f066a214c2f5e87bad3c948f4d605d)
Start importing Assets/Tutorial/Up/IndustrialWarehouseUp.prefab using Guid(f6e9d5bba1674a148b19274e4b74ccf2) Importer(2089858483,b0f066a214c2f5e87bad3c948f4d605d) (ScriptedImporter) -> (Import Result ID: '550b3d42809fb5161312003e69b05d10') in 0.02895 seconds [static and dynamic dependencies]. Details - ImportResultOutputID=b12658876598d3d7e02fe29f3b5f2ba0 DependenciesID=dffde65b815853c26176c59dbdb61e75 StaticDependenciesID=898f02ba55bc34226ac4fa1ea09153c6 
Number of updated asset objects reloaded before import = 0Number of asset objects unloaded after import = 108

========================================================================
Received Import Request.
  Time since last request: 0.000042 seconds.
  path: Assets/ALP_Assets/country house01/Textures/DoorsMap01.png
  importAddress: Guid(a644ec31fda03614db80084a57b05adc) Importer(2089858483,b0f066a214c2f5e87bad3c948f4d605d)
Start importing Assets/ALP_Assets/country house01/Textures/DoorsMap01.png using Guid(a644ec31fda03614db80084a57b05adc) Importer(2089858483,b0f066a214c2f5e87bad3c948f4d605d) (ScriptedImporter) -> (Import Result ID: '3995735afe8db2f34e89522b83a86be9') in 0.0345816 seconds [static and dynamic dependencies]. Details - ImportResultOutputID=020cdd56f3b82bf31f74de780a15ec74 DependenciesID=f64f9d2939f448247f36b0ccb5d8d7bf StaticDependenciesID=7f0cf544080945202deff448ba65deaa 
Number of updated asset objects reloaded before import = 0Number of asset objects unloaded after import = 1

========================================================================
Received Import Request.
  Time since last request: 0.000115 seconds.
  path: Assets/Sounds/Stems/STEMSSpeed1HatsMono.ogg
  importAddress: Guid(fc0811928bd2d9d449d4eae17f4f4b3d) Importer(2089858483,b0f066a214c2f5e87bad3c948f4d605d)
Start importing Assets/Sounds/Stems/STEMSSpeed1HatsMono.ogg using Guid(fc0811928bd2d9d449d4eae17f4f4b3d) Importer(2089858483,b0f066a214c2f5e87bad3c948f4d605d) (ScriptedImporter) -> (Import Result ID: '519ab9b37f82b76f3a6da2813be4c39b') in 0.2958923 seconds [static and dynamic dependencies]. Details - ImportResultOutputID=3ab68cbc6ef71da6fd4917c44cbd3b3f DependenciesID=ae5d01a66012561bc15510cc70db0c72 StaticDependenciesID=e2b216a0556051cbd168010095293b6a 
Number of updated asset objects reloaded before import = 0Number of asset objects unloaded after import = 1

========================================================================
Received Import Request.
  Time since last request: 0.000041 seconds.
  path: Assets/Bundles/Themes/NightTime/Urban/UrbanBrickWalls03.prefab
  importAddress: Guid(4add46b17d5814744bb1498b198ed25d) Importer(2089858483,b0f066a214c2f5e87bad3c948f4d605d)
Start importing Assets/Bundles/Themes/NightTime/Urban/UrbanBrickWalls03.prefab using Guid(4add46b17d5814744bb1498b198ed25d) Importer(2089858483,b0f066a214c2f5e87bad3c948f4d605d) (ScriptedImporter) -> (Import Result ID: 'b3975636b8e03cb965fe09e9382bb21f') in 0.0168369 seconds [static and dynamic dependencies]. Details - ImportResultOutputID=48d8a518829237c0dcbb9b514bee3973 DependenciesID=f0bc9a3c81762e5ebdd3ee3496a7f2e3 StaticDependenciesID=5abd575280ba9ddf8d028b4778aa892b 
Number of updated asset objects reloaded before import = 0Number of asset objects unloaded after import = 53

========================================================================
Received Import Request.
  Time since last request: 0.000044 seconds.
  path: Assets/Bundles/Themes/Default/Obstacles/ObstacleBin.prefab
  importAddress: Guid(22facfbe232a90b45b681c638f2e490d) Importer(2089858483,b0f066a214c2f5e87bad3c948f4d605d)
Start importing Assets/Bundles/Themes/Default/Obstacles/ObstacleBin.prefab using Guid(22facfbe232a90b45b681c638f2e490d) Importer(2089858483,b0f066a214c2f5e87bad3c948f4d605d) (ScriptedImporter) -> (Import Result ID: 'dd6bbd1084075a932af1399b9d883d2d') in 0.0113057 seconds [static and dynamic dependencies]. Details - ImportResultOutputID=4bba64f4775a61729be742d29e57667a DependenciesID=9119ede9b0bcf1e18503c11a09c75698 StaticDependenciesID=0613ae9335f0d54080365bb672b0a247 
Number of updated asset objects reloaded before import = 0Number of asset objects unloaded after import = 25

========================================================================
Received Import Request.
  Time since last request: 0.000027 seconds.
  path: Assets/Bundles/Themes/Default/Urban/UrbanDumpsters02.prefab
  importAddress: Guid(65d6a8c569ebabb48aa95414228089bc) Importer(2089858483,b0f066a214c2f5e87bad3c948f4d605d)
Start importing Assets/Bundles/Themes/Default/Urban/UrbanDumpsters02.prefab using Guid(65d6a8c569ebabb48aa95414228089bc) Importer(2089858483,b0f066a214c2f5e87bad3c948f4d605d) (ScriptedImporter) -> (Import Result ID: '13c597faffc17b4abb4d086b6bc244cc') in 0.0161652 seconds [static and dynamic dependencies]. Details - ImportResultOutputID=8244067b01a80bbe336e38828a54d5b2 DependenciesID=6a585014e5ed11ac6e69cfa41e7d886c StaticDependenciesID=798ff8c3a26e5ff7a9ed05ead4a9a6bc 
Number of updated asset objects reloaded before import = 0Number of asset objects unloaded after import = 65

========================================================================
Received Import Request.
  Time since last request: 0.000048 seconds.
  path: Assets/Bundles/Themes/NightTime/Obstacles/ObstacleDog.prefab
  importAddress: Guid(7b87d64eb926fa841a7a41465b9e8b04) Importer(2089858483,b0f066a214c2f5e87bad3c948f4d605d)
Start importing Assets/Bundles/Themes/NightTime/Obstacles/ObstacleDog.prefab using Guid(7b87d64eb926fa841a7a41465b9e8b04) Importer(2089858483,b0f066a214c2f5e87bad3c948f4d605d) (ScriptedImporter) -> (Import Result ID: 'dc7e38ae1d25578899023f18c0d559e5') in 0.0114711 seconds [static and dynamic dependencies]. Details - ImportResultOutputID=36757eb35c282cae934673efd81b4c97 DependenciesID=bf31b887376fd535e3857b53343290da StaticDependenciesID=68f711a8ac72d7980bb06e3e1f16c84e 
Number of updated asset objects reloaded before import = 0Number of asset objects unloaded after import = 21

========================================================================
Received Import Request.
  Time since last request: 0.000021 seconds.
  path: Assets/ALP_Assets/country house01/DemoScene/DemoScene/LightingData.asset
  importAddress: Guid(37f611c6a8b093c408a3fdf4e0063764) Importer(2089858483,b0f066a214c2f5e87bad3c948f4d605d)
Start importing Assets/ALP_Assets/country house01/DemoScene/DemoScene/LightingData.asset using Guid(37f611c6a8b093c408a3fdf4e0063764) Importer(2089858483,b0f066a214c2f5e87bad3c948f4d605d) (ScriptedImporter) -> (Import Result ID: 'e7b64276042cfc87bdc21758399bcea4') in 0.071146 seconds [static and dynamic dependencies]. Details - ImportResultOutputID=4dcfd5254ae7583ccbbe86172117cabb DependenciesID=f4989baf288103f0a3f2225efa37ec23 StaticDependenciesID=a20e55989f2500a9b3451a1444e43b53 
Number of updated asset objects reloaded before import = 0Number of asset objects unloaded after import = 2

========================================================================
Received Import Request.
  Time since last request: 0.000024 seconds.
  path: Assets/TextMesh Pro/Examples & Extras/Textures/Wipe Pattern - Radial Double.psd
  importAddress: Guid(7631f4eff8f74ed38eb3eb9db17134e1) Importer(2089858483,b0f066a214c2f5e87bad3c948f4d605d)
Start importing Assets/TextMesh Pro/Examples & Extras/Textures/Wipe Pattern - Radial Double.psd using Guid(7631f4eff8f74ed38eb3eb9db17134e1) Importer(2089858483,b0f066a214c2f5e87bad3c948f4d605d) (ScriptedImporter) -> (Import Result ID: '426e785cba4832adad215ee6bee38271') in 0.0118356 seconds [static and dynamic dependencies]. Details - ImportResultOutputID=2e54739250342ed962276253e1ee9e71 DependenciesID=5deb1935a3581b43160779225c1389e8 StaticDependenciesID=9e06871b4262160f8fcd67ec909dd8f0 
Number of updated asset objects reloaded before import = 0Number of asset objects unloaded after import = 1

========================================================================
Received Import Request.
  Time since last request: 0.000028 seconds.
  path: Assets/Bundles/Themes/NightTime/Obstacles/ObstacleWheelyBin.prefab
  importAddress: Guid(6789d11662a4a2d4b86aac2f6082e0a0) Importer(2089858483,b0f066a214c2f5e87bad3c948f4d605d)
Start importing Assets/Bundles/Themes/NightTime/Obstacles/ObstacleWheelyBin.prefab using Guid(6789d11662a4a2d4b86aac2f6082e0a0) Importer(2089858483,b0f066a214c2f5e87bad3c948f4d605d) (ScriptedImporter) -> (Import Result ID: 'ae86391cc4c49485155fac8fb7b394fd') in 0.0150022 seconds [static and dynamic dependencies]. Details - ImportResultOutputID=d9c0a4f09e38531259777a86f816aaf9 DependenciesID=5046fc50033978093e5a780c594f0137 StaticDependenciesID=8f7ec2b2cfa11a97833d47a5527142a6 
Number of updated asset objects reloaded before import = 0Number of asset objects unloaded after import = 26

========================================================================
Received Import Request.
  Time since last request: 0.000029 seconds.
  path: Assets/Bundles/Themes/Default/Urban/UrbanPlasterWalls03.prefab
  importAddress: Guid(6d998870eb4591747a98ab06751e0227) Importer(2089858483,b0f066a214c2f5e87bad3c948f4d605d)
Start importing Assets/Bundles/Themes/Default/Urban/UrbanPlasterWalls03.prefab using Guid(6d998870eb4591747a98ab06751e0227) Importer(2089858483,b0f066a214c2f5e87bad3c948f4d605d) (ScriptedImporter) -> (Import Result ID: 'b2530529b3c32f1bb6525437df484fd3') in 0.0183597 seconds [static and dynamic dependencies]. Details - ImportResultOutputID=8b5b96127f204e95227385469c7df2a0 DependenciesID=52e7016d7ebebe11286c79c5ccb3124f StaticDependenciesID=5d8305e48c98fbf4c97043caa937be4f 
Number of updated asset objects reloaded before import = 0Number of asset objects unloaded after import = 86

========================================================================
Received Import Request.
  Time since last request: 0.000036 seconds.
  path: Assets/Bundles/Themes/Default/Suburbs/SuburbsGarage01.prefab
  importAddress: Guid(dcbeb2ef97131d241b111f35d4788477) Importer(2089858483,b0f066a214c2f5e87bad3c948f4d605d)
Start importing Assets/Bundles/Themes/Default/Suburbs/SuburbsGarage01.prefab using Guid(dcbeb2ef97131d241b111f35d4788477) Importer(2089858483,b0f066a214c2f5e87bad3c948f4d605d) (ScriptedImporter) -> (Import Result ID: '68a90b43b08a471b1cdad6d55339ba56') in 0.017422 seconds [static and dynamic dependencies]. Details - ImportResultOutputID=fcbf18a6681c500ffc210de9e4b800fc DependenciesID=20b1ff19f150c524ba9c3d29de98a36f StaticDependenciesID=72105e39b589e4177b33e83f467e0e4a 
Number of updated asset objects reloaded before import = 0Number of asset objects unloaded after import = 61

========================================================================
Received Import Request.
  Time since last request: 0.000031 seconds.
  path: Assets/Bundles/Themes/Default/Urban/UrbanRoadIntersection.prefab
  importAddress: Guid(9f0db6c5e9d5e3e4d9c0f51362e59d00) Importer(2089858483,b0f066a214c2f5e87bad3c948f4d605d)
Start importing Assets/Bundles/Themes/Default/Urban/UrbanRoadIntersection.prefab using Guid(9f0db6c5e9d5e3e4d9c0f51362e59d00) Importer(2089858483,b0f066a214c2f5e87bad3c948f4d605d) (ScriptedImporter) -> (Import Result ID: '7ac3a1ef70fa454eef0fa4e1bc53df1f') in 0.0220579 seconds [static and dynamic dependencies]. Details - ImportResultOutputID=4c7509d39fb10b50868f58ce55ed07d6 DependenciesID=263b8560b670d1c4edf8c7fbe0de1094 StaticDependenciesID=c07109df2a455dd4c66326924b08121b 
Number of updated asset objects reloaded before import = 0Number of asset objects unloaded after import = 133

========================================================================
Received Import Request.
  Time since last request: 0.000036 seconds.
  path: Assets/Bundles/Themes/NightTime/Industrial/IndustrialWarehouse01.prefab
  importAddress: Guid(baf31dc160e3099428326b5a83db46cd) Importer(2089858483,b0f066a214c2f5e87bad3c948f4d605d)
Start importing Assets/Bundles/Themes/NightTime/Industrial/IndustrialWarehouse01.prefab using Guid(baf31dc160e3099428326b5a83db46cd) Importer(2089858483,b0f066a214c2f5e87bad3c948f4d605d) (ScriptedImporter) -> (Import Result ID: 'fccf8878945ea2e24a6fbc638275d79d') in 0.0177625 seconds [static and dynamic dependencies]. Details - ImportResultOutputID=ac34a63f5d2c2919a413d39bd848886c DependenciesID=bb5091792511a1703c10a4947ec92696 StaticDependenciesID=6a986202156abefd9f61b576d52919f7 
Number of updated asset objects reloaded before import = 0Number of asset objects unloaded after import = 52

========================================================================
Received Import Request.
  Time since last request: 0.000056 seconds.
  path: Assets/Bundles/Themes/Default/Urban/UrbanRoadTSection.prefab
  importAddress: Guid(747e617dac045eb4f9fa9978b75bb475) Importer(2089858483,b0f066a214c2f5e87bad3c948f4d605d)
Start importing Assets/Bundles/Themes/Default/Urban/UrbanRoadTSection.prefab using Guid(747e617dac045eb4f9fa9978b75bb475) Importer(2089858483,b0f066a214c2f5e87bad3c948f4d605d) (ScriptedImporter) -> (Import Result ID: '0031bac077bf59f58995ea059e20d070') in 0.0248535 seconds [static and dynamic dependencies]. Details - ImportResultOutputID=32ef755656df5ef00b877c622f99b0a0 DependenciesID=723b92c45f5f94018e205a124cfc4ecd StaticDependenciesID=b9d883accff86b3152cfdd78a11f805e 
Number of updated asset objects reloaded before import = 0Number of asset objects unloaded after import = 109

========================================================================
Received Import Request.
  Time since last request: 0.000029 seconds.
  path: Assets/Bundles/Themes/Default/Obstacles/ObstacleDog.prefab
  importAddress: Guid(b718c14c1e836cc4a8ca91d61382c504) Importer(2089858483,b0f066a214c2f5e87bad3c948f4d605d)
Start importing Assets/Bundles/Themes/Default/Obstacles/ObstacleDog.prefab using Guid(b718c14c1e836cc4a8ca91d61382c504) Importer(2089858483,b0f066a214c2f5e87bad3c948f4d605d) (ScriptedImporter) -> (Import Result ID: '10e16ac883d02abde9d384d31d734c02') in 0.0088826 seconds [static and dynamic dependencies]. Details - ImportResultOutputID=be9f1d2beb99d1a4a47a37da30461e0b DependenciesID=125769f5ec2b69d15fd9cfd932bb771c StaticDependenciesID=81404e86591ea6dc96564e30c3add614 
Number of updated asset objects reloaded before import = 0Number of asset objects unloaded after import = 21

========================================================================
Received Import Request.
  Time since last request: 0.000023 seconds.
  path: Assets/Bundles/Themes/NightTime/Urban/UrbanBuilding01.prefab
  importAddress: Guid(ed24d8dd91f5c544c8df6d3cf6dffc4c) Importer(2089858483,b0f066a214c2f5e87bad3c948f4d605d)
Start importing Assets/Bundles/Themes/NightTime/Urban/UrbanBuilding01.prefab using Guid(ed24d8dd91f5c544c8df6d3cf6dffc4c) Importer(2089858483,b0f066a214c2f5e87bad3c948f4d605d) (ScriptedImporter) -> (Import Result ID: '1a87f9b0eec04e618dd7d9f57a06e0b4') in 0.0247137 seconds [static and dynamic dependencies]. Details - ImportResultOutputID=77005256020737e44b7301ddd954f316 DependenciesID=e461f9bae1f9cb02d2e295a3d1b58310 StaticDependenciesID=3cc3a8ba56dfb8ec10bf9767e433bc70 
Number of updated asset objects reloaded before import = 0Number of asset objects unloaded after import = 119

========================================================================
Received Import Request.
  Time since last request: 0.000051 seconds.
  path: Assets/ALP_Assets/country house01/DemoScene/DemoScene/ReflectionProbe-0.exr
  importAddress: Guid(5a4a099b2251741468a9d94902eac27d) Importer(2089858483,b0f066a214c2f5e87bad3c948f4d605d)
Start importing Assets/ALP_Assets/country house01/DemoScene/DemoScene/ReflectionProbe-0.exr using Guid(5a4a099b2251741468a9d94902eac27d) Importer(2089858483,b0f066a214c2f5e87bad3c948f4d605d) (ScriptedImporter) -> (Import Result ID: 'd58c8a6db67e4a965dd17fca428d61db') in 0.0207897 seconds [static and dynamic dependencies]. Details - ImportResultOutputID=67d3688f26c3e2a3ab84f5c5c50f9496 DependenciesID=4ef5975c98c6cbbbeb9840bc9b390591 StaticDependenciesID=9390621af97104131a4561ab7e442d6b 
Number of updated asset objects reloaded before import = 0Number of asset objects unloaded after import = 1

========================================================================
Received Import Request.
  Time since last request: 0.000025 seconds.
  path: Assets/ALP_Assets/country house01/Models/Materials/Metal01.mat
  importAddress: Guid(2915c3f5ec83d0e40b2c36e741dfdcc8) Importer(2089858483,b0f066a214c2f5e87bad3c948f4d605d)
Start importing Assets/ALP_Assets/country house01/Models/Materials/Metal01.mat using Guid(2915c3f5ec83d0e40b2c36e741dfdcc8) Importer(2089858483,b0f066a214c2f5e87bad3c948f4d605d) (ScriptedImporter) -> (Import Result ID: '0e817e2cadcdf504974c73eff95dc5fb') in 0.005417 seconds [static and dynamic dependencies]. Details - ImportResultOutputID=cd9f0ff95f4c915ce884794fe2098247 DependenciesID=172030a66b15efc8767e18e55f098755 StaticDependenciesID=714af6bbcd30803fae74989196545ccd 
Number of updated asset objects reloaded before import = 0Number of asset objects unloaded after import = 1

========================================================================
Received Import Request.
  Time since last request: 0.000088 seconds.
  path: Assets/Bundles/Themes/Default/Sky/DefaultCloud01.prefab
  importAddress: Guid(1225524528f67794ead226c3401f6bd6) Importer(2089858483,b0f066a214c2f5e87bad3c948f4d605d)
Start importing Assets/Bundles/Themes/Default/Sky/DefaultCloud01.prefab using Guid(1225524528f67794ead226c3401f6bd6) Importer(2089858483,b0f066a214c2f5e87bad3c948f4d605d) (ScriptedImporter) -> (Import Result ID: '9b572a0f614e17297c6990c779579071') in 0.0089499 seconds [static and dynamic dependencies]. Details - ImportResultOutputID=a86106ef5bd4a7d76c89597c34071007 DependenciesID=e5c8a593322cf683c938b4d0b3f62840 StaticDependenciesID=1de32d12027a226283cf5cff0bee3e9b 
Number of updated asset objects reloaded before import = 0Number of asset objects unloaded after import = 9

========================================================================
Received Import Request.
  Time since last request: 0.000028 seconds.
  path: Assets/Bundles/Themes/NightTime/Urban/UrbanPlasterWalls02.prefab
  importAddress: Guid(9a4b7a23296b48b4981881bd17953ed7) Importer(2089858483,b0f066a214c2f5e87bad3c948f4d605d)
Start importing Assets/Bundles/Themes/NightTime/Urban/UrbanPlasterWalls02.prefab using Guid(9a4b7a23296b48b4981881bd17953ed7) Importer(2089858483,b0f066a214c2f5e87bad3c948f4d605d) (ScriptedImporter) -> (Import Result ID: '0394d4247564a9c5207399d89060eb30') in 0.0179734 seconds [static and dynamic dependencies]. Details - ImportResultOutputID=a08b9f03cd8f9bf9e0735b0077520a66 DependenciesID=fe9122d1e73bdceae530fa271a0a172e StaticDependenciesID=833f3789430ee06f1cee2e1556b614af 
Number of updated asset objects reloaded before import = 0Number of asset objects unloaded after import = 57

========================================================================
Received Import Request.
  Time since last request: 0.000036 seconds.
  path: Assets/ALP_Assets/country house01/Models/Materials/WoodPlank01.mat
  importAddress: Guid(7c83ae0dbc6a8a24fa5f38bc3702ec38) Importer(2089858483,b0f066a214c2f5e87bad3c948f4d605d)
Start importing Assets/ALP_Assets/country house01/Models/Materials/WoodPlank01.mat using Guid(7c83ae0dbc6a8a24fa5f38bc3702ec38) Importer(2089858483,b0f066a214c2f5e87bad3c948f4d605d) (ScriptedImporter) -> (Import Result ID: '6fd1eaffd3b33fde6e69685a27f59736') in 0.0051756 seconds [static and dynamic dependencies]. Details - ImportResultOutputID=894c0bedf6a7f4fe501440d230c87e7b DependenciesID=ad0e0e13a40d185536dde3cb6a9ace6a StaticDependenciesID=a9a81f20a8990fc33b1f4b11305c29aa 
Number of updated asset objects reloaded before import = 0Number of asset objects unloaded after import = 1

========================================================================
Received Import Request.
  Time since last request: 0.000017 seconds.
  path: Assets/StarterAssets/Environment/Art/Models/Box_350x250x200_Mesh.fbx
  importAddress: Guid(c6a55ba99e9e99d41b7eef123e311a43) Importer(2089858483,b0f066a214c2f5e87bad3c948f4d605d)
Start importing Assets/StarterAssets/Environment/Art/Models/Box_350x250x200_Mesh.fbx using Guid(c6a55ba99e9e99d41b7eef123e311a43) Importer(2089858483,b0f066a214c2f5e87bad3c948f4d605d) (ScriptedImporter) -> (Import Result ID: 'f6c2c9b13fc090e8315481a3c6493c0e') in 0.0182105 seconds [static and dynamic dependencies]. Details - ImportResultOutputID=af583311f1405c77b84bc373997a1972 DependenciesID=69bca268125328fff2528bb420617bf1 StaticDependenciesID=2d026ae8c6b10cfd0fcb8db733a8d51a 
Number of updated asset objects reloaded before import = 0Number of asset objects unloaded after import = 8

========================================================================
Received Import Request.
  Time since last request: 0.000027 seconds.
  path: Assets/StarterAssets/Environment/Art/Models/Wall_Mesh.fbx
  importAddress: Guid(ff02a0a00ab750f48b09459b1cafd1b8) Importer(2089858483,b0f066a214c2f5e87bad3c948f4d605d)
Start importing Assets/StarterAssets/Environment/Art/Models/Wall_Mesh.fbx using Guid(ff02a0a00ab750f48b09459b1cafd1b8) Importer(2089858483,b0f066a214c2f5e87bad3c948f4d605d) (ScriptedImporter) -> (Import Result ID: '67bb624d4bf6ac0c6b99a0c6d2337d42') in 0.0224437 seconds [static and dynamic dependencies]. Details - ImportResultOutputID=1234e6519e198be781df179d134fc4e3 DependenciesID=fef5b1dd5d0b0d351000683e85256c52 StaticDependenciesID=9316341ec43e9bfe207216b339fa890c 
Number of updated asset objects reloaded before import = 0Number of asset objects unloaded after import = 8

========================================================================
Received Import Request.
  Time since last request: 0.000025 seconds.
  path: Assets/StarterAssets/Mobile/Prefabs/VirtualInputs/UI_Virtual_TouchZone.prefab
  importAddress: Guid(c82978c3789dad44da354dc354c782b2) Importer(2089858483,b0f066a214c2f5e87bad3c948f4d605d)
Start importing Assets/StarterAssets/Mobile/Prefabs/VirtualInputs/UI_Virtual_TouchZone.prefab using Guid(c82978c3789dad44da354dc354c782b2) Importer(2089858483,b0f066a214c2f5e87bad3c948f4d605d) (ScriptedImporter) -> (Import Result ID: 'cd12173d14584545830f1a898689e325') in 0.0064367 seconds [static and dynamic dependencies]. Details - ImportResultOutputID=032da3b5c604fe2065f8a6b78d6a17c4 DependenciesID=b194a4afa0cec1713885dd9f7fda9130 StaticDependenciesID=5d9f94bc50733492c98ae6b29c773743 
Number of updated asset objects reloaded before import = 0Number of asset objects unloaded after import = 15

========================================================================
Received Import Request.
  Time since last request: 0.000046 seconds.
  path: Assets/StarterAssets/Environment/Art/Materials/GridWhite_01_Mat.mat
  importAddress: Guid(dbf898c9f9c4a2d46aa6336e23caeb61) Importer(2089858483,b0f066a214c2f5e87bad3c948f4d605d)
Start importing Assets/StarterAssets/Environment/Art/Materials/GridWhite_01_Mat.mat using Guid(dbf898c9f9c4a2d46aa6336e23caeb61) Importer(2089858483,b0f066a214c2f5e87bad3c948f4d605d) (ScriptedImporter) -> (Import Result ID: '70d1e0f558582b349bbf5c7a4875040b') in 0.0108811 seconds [static and dynamic dependencies]. Details - ImportResultOutputID=13fe7a7a7915f40bbd35160e78052fef DependenciesID=c7e98bac6c39900f0649c6cb4b987876 StaticDependenciesID=3bca7020a17e9b8bf0d00dd4bb8c1b39 
Number of updated asset objects reloaded before import = 0Number of asset objects unloaded after import = 1

========================================================================
Received Import Request.
  Time since last request: 0.000061 seconds.
  path: Assets/StarterAssets/ThirdPersonController/Character/Materials/M_Armature_Body.mat
  importAddress: Guid(43714b68324cc2c409d534d9874f2a2b) Importer(2089858483,b0f066a214c2f5e87bad3c948f4d605d)
Start importing Assets/StarterAssets/ThirdPersonController/Character/Materials/M_Armature_Body.mat using Guid(43714b68324cc2c409d534d9874f2a2b) Importer(2089858483,b0f066a214c2f5e87bad3c948f4d605d) (ScriptedImporter) -> (Import Result ID: '63dddc3c06f2f434ef4ded1249338f4b') in 0.0057756 seconds [static and dynamic dependencies]. Details - ImportResultOutputID=52463bebf06dfdd2ae64e24ecc6ed36c DependenciesID=99c9ad9de4813c863e207990a3cf8d6f StaticDependenciesID=a85c4c0e50ad6df03cfc16758fd49357 
Number of updated asset objects reloaded before import = 0Number of asset objects unloaded after import = 1

========================================================================
Received Import Request.
  Time since last request: 0.000057 seconds.
  path: Assets/StarterAssets/Environment/Art/Materials/Blue_Mat.mat
  importAddress: Guid(979aef027a1c86c42a15ce35fce366fa) Importer(2089858483,b0f066a214c2f5e87bad3c948f4d605d)
Start importing Assets/StarterAssets/Environment/Art/Materials/Blue_Mat.mat using Guid(979aef027a1c86c42a15ce35fce366fa) Importer(2089858483,b0f066a214c2f5e87bad3c948f4d605d) (ScriptedImporter) -> (Import Result ID: '2e1986a40842106173e609cdf1e18e56') in 0.0065314 seconds [static and dynamic dependencies]. Details - ImportResultOutputID=216444ef7840bbbf4d33c4afdcaadd1a DependenciesID=ec1e9e05ac315e18243317d08098319d StaticDependenciesID=275e5c4ab610833f726ea9e70984be2a 
Number of updated asset objects reloaded before import = 0Number of asset objects unloaded after import = 1

========================================================================
Received Import Request.
  Time since last request: 0.000117 seconds.
  path: Assets/StarterAssets/ThirdPersonController/Character/Animations/StarterAssetsThirdPerson.controller
  importAddress: Guid(40db3173a05ae3242b1c182a09b0a183) Importer(2089858483,b0f066a214c2f5e87bad3c948f4d605d)
Start importing Assets/StarterAssets/ThirdPersonController/Character/Animations/StarterAssetsThirdPerson.controller using Guid(40db3173a05ae3242b1c182a09b0a183) Importer(2089858483,b0f066a214c2f5e87bad3c948f4d605d) (ScriptedImporter) -> (Import Result ID: 'be03be3a6e316346bb95190d7dbe7928') in 0.0107191 seconds [static and dynamic dependencies]. Details - ImportResultOutputID=52afeac8d94436769d017921dd7912a8 DependenciesID=329ff6b3ff543ecfc4e807e70492f5d3 StaticDependenciesID=4927b8c8f1b6cbeb77d8178d34abeafe 
Number of updated asset objects reloaded before import = 0Number of asset objects unloaded after import = 21

========================================================================
Received Import Request.
  Time since last request: 0.000021 seconds.
  path: Assets/StarterAssets/Environment/Art/Skybox/SkyboxLiteWarm.mat
  importAddress: Guid(aeab33f69c199e54794f516d31450ec4) Importer(2089858483,b0f066a214c2f5e87bad3c948f4d605d)
Start importing Assets/StarterAssets/Environment/Art/Skybox/SkyboxLiteWarm.mat using Guid(aeab33f69c199e54794f516d31450ec4) Importer(2089858483,b0f066a214c2f5e87bad3c948f4d605d) (ScriptedImporter) -> (Import Result ID: 'ea2f4d818b77a53b6d0c239eeda662a4') in 0.0066183 seconds [static and dynamic dependencies]. Details - ImportResultOutputID=7d941eeadc2ddbd76030ebd307703b47 DependenciesID=ecc59203ea4f255a6263a63494436aba StaticDependenciesID=b6e141de7b7a8201743165e6aab0c28a 
Number of updated asset objects reloaded before import = 0Number of asset objects unloaded after import = 1

========================================================================
Received Import Request.
  Time since last request: 0.000019 seconds.
  path: Assets/StarterAssets/Environment/Art/Models/Tunnel_Mesh.fbx
  importAddress: Guid(f712806514868e54699156ec05dcb749) Importer(2089858483,b0f066a214c2f5e87bad3c948f4d605d)
Start importing Assets/StarterAssets/Environment/Art/Models/Tunnel_Mesh.fbx using Guid(f712806514868e54699156ec05dcb749) Importer(2089858483,b0f066a214c2f5e87bad3c948f4d605d) (ScriptedImporter) -> (Import Result ID: 'f59468d54693b8ed6e05eb343b71857a') in 0.0164902 seconds [static and dynamic dependencies]. Details - ImportResultOutputID=42a1934a82abf2ea72a43f78f0a90406 DependenciesID=3621f886f5347de5944b40e91c9dc31d StaticDependenciesID=b68e0d2fc29487bee047d2d9524a779f 
Number of updated asset objects reloaded before import = 0Number of asset objects unloaded after import = 8

========================================================================
Received Import Request.
  Time since last request: 0.000015 seconds.
  path: Assets/StarterAssets/ThirdPersonController/Character/Animations/Locomotion--Walk_N_Land.anim.fbx
  importAddress: Guid(325a26d62b61fa94cb3c97c435efebc5) Importer(2089858483,b0f066a214c2f5e87bad3c948f4d605d)
Start importing Assets/StarterAssets/ThirdPersonController/Character/Animations/Locomotion--Walk_N_Land.anim.fbx using Guid(325a26d62b61fa94cb3c97c435efebc5) Importer(2089858483,b0f066a214c2f5e87bad3c948f4d605d) (ScriptedImporter) -> (Import Result ID: '186dd70753be0643a469c25115a3a707') in 0.015852 seconds [static and dynamic dependencies]. Details - ImportResultOutputID=e52e5f7bb4c9bad23a9048bb0f4a05cc DependenciesID=1498d991b3ded56d8be0eab3c960d427 StaticDependenciesID=74c8e6733e0dd587fca91197170a20f2 
Number of updated asset objects reloaded before import = 0Number of asset objects unloaded after import = 144

========================================================================
Received Import Request.
  Time since last request: 0.000024 seconds.
  path: Assets/StarterAssets/Environment/Art/Textures/Grid_01_Normal.png
  importAddress: Guid(c5c221ed57a3bf6488f8eba0db28a004) Importer(2089858483,b0f066a214c2f5e87bad3c948f4d605d)
Start importing Assets/StarterAssets/Environment/Art/Textures/Grid_01_Normal.png using Guid(c5c221ed57a3bf6488f8eba0db28a004) Importer(2089858483,b0f066a214c2f5e87bad3c948f4d605d) (ScriptedImporter) -> (Import Result ID: 'c67635dfc646a1340c25ac74d8cb44fa') in 0.0118569 seconds [static and dynamic dependencies]. Details - ImportResultOutputID=dabf989af497fe7e51ba9117a83031ad DependenciesID=988749b69bbb7285d58fc8c8aa0c153a StaticDependenciesID=4b0f28b760802f367cece941d24fb6d3 
Number of updated asset objects reloaded before import = 0Number of asset objects unloaded after import = 1

========================================================================
Received Import Request.
  Time since last request: 0.000023 seconds.
  path: Assets/StarterAssets/ThirdPersonController/Character/Animations/Locomotion--Walk_N.anim.fbx
  importAddress: Guid(8269a9f8cf495034c817722ac21f309f) Importer(2089858483,b0f066a214c2f5e87bad3c948f4d605d)
Start importing Assets/StarterAssets/ThirdPersonController/Character/Animations/Locomotion--Walk_N.anim.fbx using Guid(8269a9f8cf495034c817722ac21f309f) Importer(2089858483,b0f066a214c2f5e87bad3c948f4d605d) (ScriptedImporter) -> (Import Result ID: '7cad9201e3f6c9686234bd922eb161a1') in 0.0104702 seconds [static and dynamic dependencies]. Details - ImportResultOutputID=98aa472f74f9814d3c5b7e5151f124e7 DependenciesID=10866652abbb062febbce74b14ca4cb7 StaticDependenciesID=4afe9c76347c0aa617b3a1c63ac7af84 
Number of updated asset objects reloaded before import = 0Number of asset objects unloaded after import = 144

========================================================================
Received Import Request.
  Time since last request: 0.000016 seconds.
  path: Assets/StarterAssets/Environment/Art/Models/Box_350x250x300_Mesh.fbx
  importAddress: Guid(d2f0da3998423f44594868ffed55c3e6) Importer(2089858483,b0f066a214c2f5e87bad3c948f4d605d)
Start importing Assets/StarterAssets/Environment/Art/Models/Box_350x250x300_Mesh.fbx using Guid(d2f0da3998423f44594868ffed55c3e6) Importer(2089858483,b0f066a214c2f5e87bad3c948f4d605d) (ScriptedImporter) -> (Import Result ID: 'a85bdce9d82e043301481f91111eb167') in 0.0138269 seconds [static and dynamic dependencies]. Details - ImportResultOutputID=b23ab1bc4651fbabf0598f922fe672c8 DependenciesID=df48ccfb4db696e5949a2752b8f0ecd3 StaticDependenciesID=ffd45f6085e55a971cdecf076775f885 
Number of updated asset objects reloaded before import = 0Number of asset objects unloaded after import = 8

========================================================================
Received Import Request.
  Time since last request: 0.000043 seconds.
  path: Assets/TextMesh Pro/Resources/Sprite Assets/EmojiOne.asset
  importAddress: Guid(c41005c129ba4d66911b75229fd70b45) Importer(2089858483,b0f066a214c2f5e87bad3c948f4d605d)
Start importing Assets/TextMesh Pro/Resources/Sprite Assets/EmojiOne.asset using Guid(c41005c129ba4d66911b75229fd70b45) Importer(2089858483,b0f066a214c2f5e87bad3c948f4d605d) (ScriptedImporter) -> (Import Result ID: 'feeb5ffb4d9a79cdc9d0c1505dab6e23') in 0.0067587 seconds [static and dynamic dependencies]. Details - ImportResultOutputID=da4ad7783e33b147c2cf4f78cc721859 DependenciesID=d9a1a54177eecb80e1b544f0b81019ea StaticDependenciesID=068ac2821dacc3dff5c8d3664b141deb 
Number of updated asset objects reloaded before import = 0Number of asset objects unloaded after import = 1

========================================================================
Received Import Request.
  Time since last request: 0.000020 seconds.
  path: Assets/Bundles/Themes/NightTime/Urban/UrbanDumpsters01.prefab
  importAddress: Guid(5d29e217ab3c1874d8d99169dabbbe35) Importer(2089858483,b0f066a214c2f5e87bad3c948f4d605d)
Start importing Assets/Bundles/Themes/NightTime/Urban/UrbanDumpsters01.prefab using Guid(5d29e217ab3c1874d8d99169dabbbe35) Importer(2089858483,b0f066a214c2f5e87bad3c948f4d605d) (ScriptedImporter) -> (Import Result ID: '3ca44077d9b9979a0c69888be8c3c815') in 0.0155084 seconds [static and dynamic dependencies]. Details - ImportResultOutputID=0991ed9f4ce731740d70f510845837da DependenciesID=3aa1a8fb8be6fe8fc47fbbe1503b90dc StaticDependenciesID=970cdd69757385b496133352a49a0718 
Number of updated asset objects reloaded before import = 0Number of asset objects unloaded after import = 61

========================================================================
Received Import Request.
  Time since last request: 0.000018 seconds.
  path: Assets/StarterAssets/Environment/Art/Materials/GreyBlue_Mat.mat
  importAddress: Guid(6b911390c5825014e8377183a7837d3f) Importer(2089858483,b0f066a214c2f5e87bad3c948f4d605d)
Start importing Assets/StarterAssets/Environment/Art/Materials/GreyBlue_Mat.mat using Guid(6b911390c5825014e8377183a7837d3f) Importer(2089858483,b0f066a214c2f5e87bad3c948f4d605d) (ScriptedImporter) -> (Import Result ID: '00cc0983e206fe2203ec5d5a77c25ed0') in 0.0039584 seconds [static and dynamic dependencies]. Details - ImportResultOutputID=812542e5748f75b89ed14538aa0818ae DependenciesID=1a2494d60486ead7be252ec72fb896fe StaticDependenciesID=f14c4b83b4528d6f8e0117ed849e9e9c 
Number of updated asset objects reloaded before import = 0Number of asset objects unloaded after import = 1

========================================================================
Received Import Request.
  Time since last request: 0.000020 seconds.
  path: Assets/Bundles/Themes/Default/Obstacles/ObstacleRoadworksCone.prefab
  importAddress: Guid(f0070c0f7d7cdcb4eb7176be4a87caa9) Importer(2089858483,b0f066a214c2f5e87bad3c948f4d605d)
Start importing Assets/Bundles/Themes/Default/Obstacles/ObstacleRoadworksCone.prefab using Guid(f0070c0f7d7cdcb4eb7176be4a87caa9) Importer(2089858483,b0f066a214c2f5e87bad3c948f4d605d) (ScriptedImporter) -> (Import Result ID: '0103e2d0232e559a60eef51fbd8c29dc') in 0.0079658 seconds [static and dynamic dependencies]. Details - ImportResultOutputID=7b467a22501b5139d8a279e196d2ce61 DependenciesID=e041ef7465a649fd6fe32c4ed2b98ec2 StaticDependenciesID=d3fa433531e5bb758cdbf9e4fca24ad9 
Number of updated asset objects reloaded before import = 0Number of asset objects unloaded after import = 15

========================================================================
Received Import Request.
  Time since last request: 0.000017 seconds.
  path: Assets/TextMesh Pro/Resources/Fonts & Materials/LiberationSans SDF - Fallback.asset
  importAddress: Guid(2e498d1c8094910479dc3e1b768306a4) Importer(2089858483,b0f066a214c2f5e87bad3c948f4d605d)
Start importing Assets/TextMesh Pro/Resources/Fonts & Materials/LiberationSans SDF - Fallback.asset using Guid(2e498d1c8094910479dc3e1b768306a4) Importer(2089858483,b0f066a214c2f5e87bad3c948f4d605d) (ScriptedImporter) -> (Import Result ID: '94f1c1b122ea0c5779f06888810201de') in 0.0044872 seconds [static and dynamic dependencies]. Details - ImportResultOutputID=dedd425e263b8faf7d57af589892369c DependenciesID=497464ddd1c0220b15f970e9b8bd51b2 StaticDependenciesID=5c9f25420c518cdceeba485ada2ba086 
Number of updated asset objects reloaded before import = 0Number of asset objects unloaded after import = 1

========================================================================
Received Import Request.
  Time since last request: 0.000023 seconds.
  path: Assets/TextMesh Pro/Resources/Style Sheets/Default Style Sheet.asset
  importAddress: Guid(f952c082cb03451daed3ee968ac6c63e) Importer(2089858483,b0f066a214c2f5e87bad3c948f4d605d)
Start importing Assets/TextMesh Pro/Resources/Style Sheets/Default Style Sheet.asset using Guid(f952c082cb03451daed3ee968ac6c63e) Importer(2089858483,b0f066a214c2f5e87bad3c948f4d605d) (ScriptedImporter) -> (Import Result ID: '80fa4d7ed0a91fccb17a617c7d111cf7') in 0.0038651 seconds [static and dynamic dependencies]. Details - ImportResultOutputID=72bd384c7784d84ce77ab0ba705d61c0 DependenciesID=2a8afb44705b2ff8c592a6c6dc8a6a19 StaticDependenciesID=3bd7c12e974ced77cd719696148b87d2 
Number of updated asset objects reloaded before import = 0Number of asset objects unloaded after import = 1

========================================================================
Received Import Request.
  Time since last request: 0.000021 seconds.
  path: Assets/Bundles/Themes/Default/Urban/UrbanBuilding02.prefab
  importAddress: Guid(391abdb78f486ff4abd13845846e0f05) Importer(2089858483,b0f066a214c2f5e87bad3c948f4d605d)
Start importing Assets/Bundles/Themes/Default/Urban/UrbanBuilding02.prefab using Guid(391abdb78f486ff4abd13845846e0f05) Importer(2089858483,b0f066a214c2f5e87bad3c948f4d605d) (ScriptedImporter) -> (Import Result ID: '97309da6d538e4de00604bc93c7afe0d') in 0.0147554 seconds [static and dynamic dependencies]. Details - ImportResultOutputID=bf33f4cc5fd37b2ef4e8b082f3fef8ae DependenciesID=23b5f6f66ab75ea4bb619938bede4938 StaticDependenciesID=3fa39f23e7dc16e4632f39514ad44ff8 
Number of updated asset objects reloaded before import = 0Number of asset objects unloaded after import = 68

========================================================================
Received Import Request.
  Time since last request: 0.000018 seconds.
  path: Assets/TextMesh Pro/Resources/Fonts & Materials/LiberationSans SDF - Outline.mat
  importAddress: Guid(79459efec17a4d00a321bdcc27bbc385) Importer(2089858483,b0f066a214c2f5e87bad3c948f4d605d)
Start importing Assets/TextMesh Pro/Resources/Fonts & Materials/LiberationSans SDF - Outline.mat using Guid(79459efec17a4d00a321bdcc27bbc385) Importer(2089858483,b0f066a214c2f5e87bad3c948f4d605d) (ScriptedImporter) -> (Import Result ID: '4fcf545525ec16484fc536d0b081c1f7') in 0.0141845 seconds [static and dynamic dependencies]. Details - ImportResultOutputID=f329d4116e52c969c370719d19f5ada9 DependenciesID=605ea2213ca3bb1f4d99fd6bc5e55f86 StaticDependenciesID=f2f0736f3a5db41089dc2de22e52e727 
Number of updated asset objects reloaded before import = 0Number of asset objects unloaded after import = 2

========================================================================
Received Import Request.
  Time since last request: 0.000029 seconds.
  path: Assets/Bundles/Themes/Default/Urban/UrbanBuilding01.prefab
  importAddress: Guid(03576c724d3dcac4690f6ede40e47639) Importer(2089858483,b0f066a214c2f5e87bad3c948f4d605d)
Start importing Assets/Bundles/Themes/Default/Urban/UrbanBuilding01.prefab using Guid(03576c724d3dcac4690f6ede40e47639) Importer(2089858483,b0f066a214c2f5e87bad3c948f4d605d) (ScriptedImporter) -> (Import Result ID: '6bc27bf016bcd64ef906a80a8b603737') in 0.0137369 seconds [static and dynamic dependencies]. Details - ImportResultOutputID=abe5e7b01f65692deb99d806ba43c46d DependenciesID=222e1bc3b8ed8413edf8faa4b139299d StaticDependenciesID=6fa1107ce699abf8ce8d45736073693b 
Number of updated asset objects reloaded before import = 0Number of asset objects unloaded after import = 58

========================================================================
Received Import Request.
  Time since last request: 0.000018 seconds.
  path: Assets/TextMesh Pro/Examples & Extras/Textures/Text Overflow - Linked Text Image 1.png
  importAddress: Guid(4ccf43d26c4748c792174516f4a8fcef) Importer(2089858483,b0f066a214c2f5e87bad3c948f4d605d)
Start importing Assets/TextMesh Pro/Examples & Extras/Textures/Text Overflow - Linked Text Image 1.png using Guid(4ccf43d26c4748c792174516f4a8fcef) Importer(2089858483,b0f066a214c2f5e87bad3c948f4d605d) (ScriptedImporter) -> (Import Result ID: '7f971eaf2b62a8d15cb7b5ecbd015c50') in 0.0094973 seconds [static and dynamic dependencies]. Details - ImportResultOutputID=eaf871db95c16c14fccfbf57b373e2f4 DependenciesID=8d06444e8e4e22c0d7740d8c3b1d5814 StaticDependenciesID=9dd0ce73d1372c107f64ff30dc68f15e 
Number of updated asset objects reloaded before import = 0Number of asset objects unloaded after import = 1

========================================================================
Received Import Request.
  Time since last request: 0.000019 seconds.
  path: Assets/StarterAssets/Environment/Art/Models/Stairs_200x100x200_Mesh.fbx
  importAddress: Guid(fce3bf5a5b603db45ab0048fb6ab44df) Importer(2089858483,b0f066a214c2f5e87bad3c948f4d605d)
Start importing Assets/StarterAssets/Environment/Art/Models/Stairs_200x100x200_Mesh.fbx using Guid(fce3bf5a5b603db45ab0048fb6ab44df) Importer(2089858483,b0f066a214c2f5e87bad3c948f4d605d) (ScriptedImporter) -> (Import Result ID: '5f23e436a7268539e1af3c1aa68e5381') in 0.0100707 seconds [static and dynamic dependencies]. Details - ImportResultOutputID=e56044d1bd4631e99b5cce0835c364a4 DependenciesID=c4ecc9a31c2e604e866b92459f232ba2 StaticDependenciesID=5542828629b45875e2a1c4e5b3d9e7d4 
Number of updated asset objects reloaded before import = 0Number of asset objects unloaded after import = 15

========================================================================
Received Import Request.
  Time since last request: 0.000021 seconds.
  path: Assets/StarterAssets/Environment/Art/Models/Ramp_Mesh.fbx
  importAddress: Guid(426a2785f8a940049aac2c246661cf09) Importer(2089858483,b0f066a214c2f5e87bad3c948f4d605d)
Start importing Assets/StarterAssets/Environment/Art/Models/Ramp_Mesh.fbx using Guid(426a2785f8a940049aac2c246661cf09) Importer(2089858483,b0f066a214c2f5e87bad3c948f4d605d) (ScriptedImporter) -> (Import Result ID: '4b93b34928da7811f6ffa95c90886300') in 0.013523 seconds [static and dynamic dependencies]. Details - ImportResultOutputID=615697a2de0e1b1e27ff3bb133fc086c DependenciesID=e842b91354460912d86e0c0c402c3950 StaticDependenciesID=e1e5de9fe40a02c25dfd8077c122fd5f 
Number of updated asset objects reloaded before import = 0Number of asset objects unloaded after import = 8

========================================================================
Received Import Request.
  Time since last request: 0.000026 seconds.
  path: Assets/StarterAssets/ThirdPersonController/Character/Animations/Stand--Idle.anim.fbx
  importAddress: Guid(12e52e465ed793a4d801955e9f964a82) Importer(2089858483,b0f066a214c2f5e87bad3c948f4d605d)
Start importing Assets/StarterAssets/ThirdPersonController/Character/Animations/Stand--Idle.anim.fbx using Guid(12e52e465ed793a4d801955e9f964a82) Importer(2089858483,b0f066a214c2f5e87bad3c948f4d605d) (ScriptedImporter) -> (Import Result ID: '1ea9d741b8ef4fd4bb03ddd122337404') in 0.014623 seconds [static and dynamic dependencies]. Details - ImportResultOutputID=f4f4c2966507dd7cdf5531c801508e0b DependenciesID=d09dbd89bed24e4143057226c1f105db StaticDependenciesID=e098f18c4c5c27182e476612e7b56361 
Number of updated asset objects reloaded before import = 0Number of asset objects unloaded after import = 144

========================================================================
Received Import Request.
  Time since last request: 0.000022 seconds.
  path: Assets/StarterAssets/ThirdPersonController/Character/Materials/M_Armature_Legs.mat
  importAddress: Guid(8b25e99361ac31d4e9ae83c46aee69ea) Importer(2089858483,b0f066a214c2f5e87bad3c948f4d605d)
Start importing Assets/StarterAssets/ThirdPersonController/Character/Materials/M_Armature_Legs.mat using Guid(8b25e99361ac31d4e9ae83c46aee69ea) Importer(2089858483,b0f066a214c2f5e87bad3c948f4d605d) (ScriptedImporter) -> (Import Result ID: 'eba9b00973a9216c517353869feaf2c9') in 0.0061213 seconds [static and dynamic dependencies]. Details - ImportResultOutputID=1786d1ea4322e8ee183050c4ce4627fb DependenciesID=cf21a03fd5fe9b7cdd51abcb2c137661 StaticDependenciesID=c29b9bfacf159a1669b586b2fd376e08 
Number of updated asset objects reloaded before import = 0Number of asset objects unloaded after import = 1

========================================================================
Received Import Request.
  Time since last request: 0.000070 seconds.
  path: Assets/StarterAssets/ThirdPersonController/Character/Animations/Jump--InAir.anim.fbx
  importAddress: Guid(063aa479676c4084ebf187660ca0a7b8) Importer(2089858483,b0f066a214c2f5e87bad3c948f4d605d)
Start importing Assets/StarterAssets/ThirdPersonController/Character/Animations/Jump--InAir.anim.fbx using Guid(063aa479676c4084ebf187660ca0a7b8) Importer(2089858483,b0f066a214c2f5e87bad3c948f4d605d) (ScriptedImporter) -> (Import Result ID: '123b89ec646511f0a5ac8ac7c57a6e55') in 0.0111415 seconds [static and dynamic dependencies]. Details - ImportResultOutputID=b9905f78e84f7c015522b84ed7c3507e DependenciesID=3af85bb2fec20641bdcb614c2cbce157 StaticDependenciesID=93934acb5803b8acd96e64ebc6b821a1 
Number of updated asset objects reloaded before import = 0Number of asset objects unloaded after import = 144

========================================================================
Received Import Request.
  Time since last request: 0.000034 seconds.
  path: Assets/StarterAssets/Environment/Art/Materials/GridBlue_01_Mat.mat
  importAddress: Guid(ff188f58422043f489060e28a5e4e0c0) Importer(2089858483,b0f066a214c2f5e87bad3c948f4d605d)
Start importing Assets/StarterAssets/Environment/Art/Materials/GridBlue_01_Mat.mat using Guid(ff188f58422043f489060e28a5e4e0c0) Importer(2089858483,b0f066a214c2f5e87bad3c948f4d605d) (ScriptedImporter) -> (Import Result ID: 'a5f012a767454cc9cd4ae28c673bf770') in 0.0064055 seconds [static and dynamic dependencies]. Details - ImportResultOutputID=789880e04ac05d38926cfe45537ea1d3 DependenciesID=cd76825872ab0efa3ddd8840f5a3df55 StaticDependenciesID=c825145562d63e0b808fbcd54e8015de 
Number of updated asset objects reloaded before import = 0Number of asset objects unloaded after import = 1

========================================================================
Received Import Request.
  Time since last request: 0.000258 seconds.
  path: Assets/Bundles/Themes/Default/Obstacles/ObstacleLowBarrier.prefab
  importAddress: Guid(d68ac797bf384f84bbca159dc2a6e4d7) Importer(2089858483,b0f066a214c2f5e87bad3c948f4d605d)
Start importing Assets/Bundles/Themes/Default/Obstacles/ObstacleLowBarrier.prefab using Guid(d68ac797bf384f84bbca159dc2a6e4d7) Importer(2089858483,b0f066a214c2f5e87bad3c948f4d605d) (ScriptedImporter) -> (Import Result ID: 'db4f3d0c07754c3dabf011ef49080444') in 0.0183277 seconds [static and dynamic dependencies]. Details - ImportResultOutputID=0805475f9e13562d7785408800c784b9 DependenciesID=88ea6ae4bac92fffe6869fb65874ba3b StaticDependenciesID=a22f3a19f978c78be41e731663f3f80a 
Number of updated asset objects reloaded before import = 0Number of asset objects unloaded after import = 15

========================================================================
Received Import Request.
  Time since last request: 0.000029 seconds.
  path: Assets/StarterAssets/Mobile/Prefabs/EventSystem/UI_EventSystem.prefab
  importAddress: Guid(f0271df749728104eac22c3d897fd8ce) Importer(2089858483,b0f066a214c2f5e87bad3c948f4d605d)
Start importing Assets/StarterAssets/Mobile/Prefabs/EventSystem/UI_EventSystem.prefab using Guid(f0271df749728104eac22c3d897fd8ce) Importer(2089858483,b0f066a214c2f5e87bad3c948f4d605d) (ScriptedImporter) -> (Import Result ID: '95a9da990e10475e899d6244a6b0cfed') in 0.008608 seconds [static and dynamic dependencies]. Details - ImportResultOutputID=5b6f2f20fda6da01bf1767f19bb844b2 DependenciesID=dd447fb758f3a78d94848c2c61b910e9 StaticDependenciesID=b6b431ae45be0e914171c4bfbcbed701 
Number of updated asset objects reloaded before import = 0Number of asset objects unloaded after import = 6

========================================================================
Received Import Request.
  Time since last request: 0.000023 seconds.
  path: Assets/Bundles/Themes/NightTime/Sky/NightCloud03.prefab
  importAddress: Guid(8dc97c4ee68c61247bc0dcfb3fa8237e) Importer(2089858483,b0f066a214c2f5e87bad3c948f4d605d)
Start importing Assets/Bundles/Themes/NightTime/Sky/NightCloud03.prefab using Guid(8dc97c4ee68c61247bc0dcfb3fa8237e) Importer(2089858483,b0f066a214c2f5e87bad3c948f4d605d) (ScriptedImporter) -> (Import Result ID: '6d8f040a73f42d47a6c33ce32a587ca9') in 0.007838 seconds [static and dynamic dependencies]. Details - ImportResultOutputID=ddccd76ec56c1c9979c79e9989459b6c DependenciesID=3f420d51c97b83efa768c2d0cc09b58d StaticDependenciesID=03310cefd92e56c15bceaeeed522d317 
Number of updated asset objects reloaded before import = 0Number of asset objects unloaded after import = 9

========================================================================
Received Import Request.
  Time since last request: 0.000024 seconds.
  path: Assets/Bundles/Themes/Default/Industrial/IndustrialWarehouse02.prefab
  importAddress: Guid(81bf7d820e3d0554e9ea968eeba33052) Importer(2089858483,b0f066a214c2f5e87bad3c948f4d605d)
Start importing Assets/Bundles/Themes/Default/Industrial/IndustrialWarehouse02.prefab using Guid(81bf7d820e3d0554e9ea968eeba33052) Importer(2089858483,b0f066a214c2f5e87bad3c948f4d605d) (ScriptedImporter) -> (Import Result ID: '11bcec8e43cd691eb0e2ab210bde2a17') in 0.0141239 seconds [static and dynamic dependencies]. Details - ImportResultOutputID=9c56cf538f49a89a8a60788cf7a85861 DependenciesID=d11e02ba5435be14da322b008416db61 StaticDependenciesID=9939f112911968b92b2c50c70651cbe6 
Number of updated asset objects reloaded before import = 0Number of asset objects unloaded after import = 108

========================================================================
Received Import Request.
  Time since last request: 0.000023 seconds.
  path: Assets/Bundles/Themes/NightTime/Suburbs/SuburbsHouse03.prefab
  importAddress: Guid(b27a4d1577ea1bd4f8a7f3dce60bf85c) Importer(2089858483,b0f066a214c2f5e87bad3c948f4d605d)
Start importing Assets/Bundles/Themes/NightTime/Suburbs/SuburbsHouse03.prefab using Guid(b27a4d1577ea1bd4f8a7f3dce60bf85c) Importer(2089858483,b0f066a214c2f5e87bad3c948f4d605d) (ScriptedImporter) -> (Import Result ID: '9aab074e36bc908b52fefddd8184c058') in 0.0155239 seconds [static and dynamic dependencies]. Details - ImportResultOutputID=37e6e64d196eeafc56b286c2faed7b1d DependenciesID=09308a1f54795dd7668e10e380d1a74c StaticDependenciesID=1f1a8a4b389cef3bc07c2459cb480fe3 
Number of updated asset objects reloaded before import = 0Number of asset objects unloaded after import = 96

========================================================================
Received Import Request.
  Time since last request: 0.000022 seconds.
  path: Assets/StarterAssets/ThirdPersonController/Character/Sfx/Player_Footstep.asset
  importAddress: Guid(463037fd1054643d5bcc2af48080f87d) Importer(2089858483,b0f066a214c2f5e87bad3c948f4d605d)
Start importing Assets/StarterAssets/ThirdPersonController/Character/Sfx/Player_Footstep.asset using Guid(463037fd1054643d5bcc2af48080f87d) Importer(2089858483,b0f066a214c2f5e87bad3c948f4d605d) (ScriptedImporter) -> (Import Result ID: '388ac269fad0e81db646046c2336e2b8') in 0.0096974 seconds [static and dynamic dependencies]. Details - ImportResultOutputID=cd24945d40ac8d47047a10a5d9a897aa DependenciesID=6c7c364c1efb5cf4218b6078bf1c2fdc StaticDependenciesID=72a852d4d366e82799216dd1cb13b175 
Number of updated asset objects reloaded before import = 0Number of asset objects unloaded after import = 1

========================================================================
Received Import Request.
  Time since last request: 0.000021 seconds.
  path: Assets/StarterAssets/ThirdPersonController/Character/Sfx/Player_Footstep_02.wav
  importAddress: Guid(85016e0f2b01da248b9663dd49a161b0) Importer(2089858483,b0f066a214c2f5e87bad3c948f4d605d)
Start importing Assets/StarterAssets/ThirdPersonController/Character/Sfx/Player_Footstep_02.wav using Guid(85016e0f2b01da248b9663dd49a161b0) Importer(2089858483,b0f066a214c2f5e87bad3c948f4d605d) (ScriptedImporter) -> (Import Result ID: '0782dd7b40db3352ee49ac43b8d88775') in 0.0072693 seconds [static and dynamic dependencies]. Details - ImportResultOutputID=958d37cdff09fbdabd083245d727d35f DependenciesID=e1b81e46ea1021998316c7a6b602ce8f StaticDependenciesID=6b4780e53613e9ea367fabbae29e5462 
Number of updated asset objects reloaded before import = 0Number of asset objects unloaded after import = 1

========================================================================
Received Import Request.
  Time since last request: 0.000058 seconds.
  path: Assets/Bundles/Themes/NightTime/Suburbs/SuburbsHouse02.prefab
  importAddress: Guid(654b47fe18f35714aaf36bfa70b02983) Importer(2089858483,b0f066a214c2f5e87bad3c948f4d605d)
Start importing Assets/Bundles/Themes/NightTime/Suburbs/SuburbsHouse02.prefab using Guid(654b47fe18f35714aaf36bfa70b02983) Importer(2089858483,b0f066a214c2f5e87bad3c948f4d605d) (ScriptedImporter) -> (Import Result ID: '0f6b5b67f1ee19ef5af37599ab3ac666') in 0.0125965 seconds [static and dynamic dependencies]. Details - ImportResultOutputID=1c553a6a629d3ad2c453324bf3ed1fab DependenciesID=540439622eb5efba6f870c81fd91b134 StaticDependenciesID=ec1ef403513e52fcac04f7a5f415a38f 
Number of updated asset objects reloaded before import = 0Number of asset objects unloaded after import = 103

========================================================================
Received Import Request.
  Time since last request: 0.000025 seconds.
  path: Assets/Bundles/Themes/NightTime/Urban/UrbanBuilding04.prefab
  importAddress: Guid(e01ea15bda91ee542a24f9c6f54bf6d3) Importer(2089858483,b0f066a214c2f5e87bad3c948f4d605d)
Start importing Assets/Bundles/Themes/NightTime/Urban/UrbanBuilding04.prefab using Guid(e01ea15bda91ee542a24f9c6f54bf6d3) Importer(2089858483,b0f066a214c2f5e87bad3c948f4d605d) (ScriptedImporter) -> (Import Result ID: '5ef1846d9203c56dc9a8ecc53d92ed09') in 0.0150718 seconds [static and dynamic dependencies]. Details - ImportResultOutputID=cbea7e9734ff316b7049a7d4bb60b9be DependenciesID=9ef1d5189e4792252beb2c2b796954ef StaticDependenciesID=872aaa20ef127c3d398a6d0898c80211 
Number of updated asset objects reloaded before import = 0Number of asset objects unloaded after import = 97

========================================================================
Received Import Request.
  Time since last request: 0.000023 seconds.
  path: Assets/StarterAssets/Environment/Art/Textures/Grid_01_BaseMap.png
  importAddress: Guid(d1118dda59970a2449ee890fa247c4c5) Importer(2089858483,b0f066a214c2f5e87bad3c948f4d605d)
Start importing Assets/StarterAssets/Environment/Art/Textures/Grid_01_BaseMap.png using Guid(d1118dda59970a2449ee890fa247c4c5) Importer(2089858483,b0f066a214c2f5e87bad3c948f4d605d) (ScriptedImporter) -> (Import Result ID: '038bd54fd5ff3dc6dd32235f9d6aa6c8') in 0.0104559 seconds [static and dynamic dependencies]. Details - ImportResultOutputID=d100d8173ad3362741483d7d808bbc7c DependenciesID=d16098a7198a61ea823d575f9792e429 StaticDependenciesID=ac6cfc943ccc170c42518c833a6b6466 
Number of updated asset objects reloaded before import = 0Number of asset objects unloaded after import = 1

========================================================================
Received Import Request.
  Time since last request: 0.000056 seconds.
  path: Assets/TextMesh Pro/Examples & Extras/Textures/Sunny Days - Seamless.jpg
  importAddress: Guid(17c350171f7a3ca479f830547c66d187) Importer(2089858483,b0f066a214c2f5e87bad3c948f4d605d)
Start importing Assets/TextMesh Pro/Examples & Extras/Textures/Sunny Days - Seamless.jpg using Guid(17c350171f7a3ca479f830547c66d187) Importer(2089858483,b0f066a214c2f5e87bad3c948f4d605d) (ScriptedImporter) -> (Import Result ID: '4fb1365550376fe920f019d73c42d865') in 0.0094755 seconds [static and dynamic dependencies]. Details - ImportResultOutputID=2464968c737920a0abf02cdcf3fff379 DependenciesID=2b062d5fd922ccd25b124d88e53b987d StaticDependenciesID=f73eef0758210f48aa5fc98cd02d8ceb 
Number of updated asset objects reloaded before import = 0Number of asset objects unloaded after import = 1

========================================================================
Received Import Request.
  Time since last request: 0.000021 seconds.
  path: Assets/Bundles/Themes/Default/Urban/UrbanBrickWalls02.prefab
  importAddress: Guid(0e145376c7d52444b97856849e2a7bd2) Importer(2089858483,b0f066a214c2f5e87bad3c948f4d605d)
Start importing Assets/Bundles/Themes/Default/Urban/UrbanBrickWalls02.prefab using Guid(0e145376c7d52444b97856849e2a7bd2) Importer(2089858483,b0f066a214c2f5e87bad3c948f4d605d) (ScriptedImporter) -> (Import Result ID: '6f7859510c88394c2f8a6a936fc43510') in 0.0125831 seconds [static and dynamic dependencies]. Details - ImportResultOutputID=cff5bdaba9771ca9eb1b997a65abf6c9 DependenciesID=7e2a241467d8da846206c35354570c6b StaticDependenciesID=973532256641922f9980d42f1c962bf4 
Number of updated asset objects reloaded before import = 0Number of asset objects unloaded after import = 40

========================================================================
Received Import Request.
  Time since last request: 0.000023 seconds.
  path: Assets/TextMesh Pro/Examples & Extras/Textures/Gradient Horizontal (Color).jpg
  importAddress: Guid(6eb184de103d4b3f812b38561065192f) Importer(2089858483,b0f066a214c2f5e87bad3c948f4d605d)
Start importing Assets/TextMesh Pro/Examples & Extras/Textures/Gradient Horizontal (Color).jpg using Guid(6eb184de103d4b3f812b38561065192f) Importer(2089858483,b0f066a214c2f5e87bad3c948f4d605d) (ScriptedImporter) -> (Import Result ID: '3976b2174ee4a39b6612bccbc7da09c0') in 0.0109668 seconds [static and dynamic dependencies]. Details - ImportResultOutputID=cb1a94f2ea82a4cd3551d4a4ac9cbe61 DependenciesID=eb0473f842eb5b0276a980000afc686e StaticDependenciesID=b9218f649c44488f96aedd289c3361e4 
Number of updated asset objects reloaded before import = 0Number of asset objects unloaded after import = 1

========================================================================
Received Import Request.
  Time since last request: 0.000026 seconds.
  path: Assets/Textures/Graffiti/Graffiti08.png
  importAddress: Guid(d201f5c27c403d54abc81e9e70fbab99) Importer(2089858483,b0f066a214c2f5e87bad3c948f4d605d)
Start importing Assets/Textures/Graffiti/Graffiti08.png using Guid(d201f5c27c403d54abc81e9e70fbab99) Importer(2089858483,b0f066a214c2f5e87bad3c948f4d605d) (ScriptedImporter) -> (Import Result ID: 'e366e7c6ebd0c01c950e8a63c58d8fd5') in 0.0133183 seconds [static and dynamic dependencies]. Details - ImportResultOutputID=a24d4c55a3eb4d76d753b60c9f8e8ced DependenciesID=065fc9aa9d5e8e4cb04c0e485aedaf98 StaticDependenciesID=dc2e2a9059fbca626bc4e32e1cafbe2c 
Number of updated asset objects reloaded before import = 0Number of asset objects unloaded after import = 3

========================================================================
Received Import Request.
  Time since last request: 0.000029 seconds.
  path: Assets/TextMesh Pro/Sprites/EmojiOne.json
  importAddress: Guid(8f05276190cf498a8153f6cbe761d4e6) Importer(2089858483,b0f066a214c2f5e87bad3c948f4d605d)
Start importing Assets/TextMesh Pro/Sprites/EmojiOne.json using Guid(8f05276190cf498a8153f6cbe761d4e6) Importer(2089858483,b0f066a214c2f5e87bad3c948f4d605d) (ScriptedImporter) -> (Import Result ID: '3629613242bf419854ddf9fab9ba3aae') in 0.0035701 seconds [static and dynamic dependencies]. Details - ImportResultOutputID=75d5152ff9257cad37431e3f3e503d7d DependenciesID=0a0831002ab3f5683cb9d41d5ed80a84 StaticDependenciesID=dc5ce949a5dc97aa99b774a84fdd9f86 
Number of updated asset objects reloaded before import = 0Number of asset objects unloaded after import = 1

========================================================================
Received Import Request.
  Time since last request: 0.000070 seconds.
  path: Assets/StarterAssets/ThirdPersonController/Character/Sfx/Concrete_Footsteps/Concrete_03.wav
  importAddress: Guid(2751f72ca7b6249dabb2f404db45c29f) Importer(2089858483,b0f066a214c2f5e87bad3c948f4d605d)
Start importing Assets/StarterAssets/ThirdPersonController/Character/Sfx/Concrete_Footsteps/Concrete_03.wav using Guid(2751f72ca7b6249dabb2f404db45c29f) Importer(2089858483,b0f066a214c2f5e87bad3c948f4d605d) (ScriptedImporter) -> (Import Result ID: '4b20bff5766f159679b078e62ae1d003') in 0.0055449 seconds [static and dynamic dependencies]. Details - ImportResultOutputID=793bb3dbcf3243e900b3bfe22e80cb5e DependenciesID=7285011c536e03a979851ba87fece783 StaticDependenciesID=27345d3c425c438c065e3ec4abdcc63e 
Number of updated asset objects reloaded before import = 0Number of asset objects unloaded after import = 1

========================================================================
Received Import Request.
  Time since last request: 0.000036 seconds.
  path: Assets/StarterAssets/ThirdPersonController/Character/Sfx/Concrete_Footsteps/Concrete_02.wav
  importAddress: Guid(becc44e5c724942ff9db71e50e0cf47f) Importer(2089858483,b0f066a214c2f5e87bad3c948f4d605d)
Start importing Assets/StarterAssets/ThirdPersonController/Character/Sfx/Concrete_Footsteps/Concrete_02.wav using Guid(becc44e5c724942ff9db71e50e0cf47f) Importer(2089858483,b0f066a214c2f5e87bad3c948f4d605d) (ScriptedImporter) -> (Import Result ID: '8c55b0ce210ec9c7c1e4033f94416191') in 0.0063751 seconds [static and dynamic dependencies]. Details - ImportResultOutputID=eb0f8f930b7989b644de55b41f9f95b7 DependenciesID=b5a53a41c99270e220e97db62da7e213 StaticDependenciesID=ce4bc18bc15ee30814c72080e26eac2c 
Number of updated asset objects reloaded before import = 0Number of asset objects unloaded after import = 1

========================================================================
Received Import Request.
  Time since last request: 0.000077 seconds.
  path: Assets/TextMesh Pro/Examples & Extras/Resources/Fonts & Materials/Bangers SDF - Drop Shadow.mat
  importAddress: Guid(f2dcf029949142e28b974630369c8b4e) Importer(2089858483,b0f066a214c2f5e87bad3c948f4d605d)
Start importing Assets/TextMesh Pro/Examples & Extras/Resources/Fonts & Materials/Bangers SDF - Drop Shadow.mat using Guid(f2dcf029949142e28b974630369c8b4e) Importer(2089858483,b0f066a214c2f5e87bad3c948f4d605d) (ScriptedImporter) -> (Import Result ID: '619db17c5772aa0208887ffbec8dcaa5') in 0.0065552 seconds [static and dynamic dependencies]. Details - ImportResultOutputID=7604ed9b4465dfc41f3e088b6f054fa8 DependenciesID=0a6616e6a946896ca63b3ffafda3a595 StaticDependenciesID=6b046a43df38c84a2b1bdde71670a329 
Number of updated asset objects reloaded before import = 0Number of asset objects unloaded after import = 2

========================================================================
Received Import Request.
  Time since last request: 0.000019 seconds.
  path: Assets/StarterAssets/ThirdPersonController/Character/Sfx/Player_Footstep_07.wav
  importAddress: Guid(dd1af302b8902684d9381de1f2d3a5af) Importer(2089858483,b0f066a214c2f5e87bad3c948f4d605d)
Start importing Assets/StarterAssets/ThirdPersonController/Character/Sfx/Player_Footstep_07.wav using Guid(dd1af302b8902684d9381de1f2d3a5af) Importer(2089858483,b0f066a214c2f5e87bad3c948f4d605d) (ScriptedImporter) -> (Import Result ID: '77f2d3cb6f00e17f2a187fe3cbb50bde') in 0.00743 seconds [static and dynamic dependencies]. Details - ImportResultOutputID=3fa079fdd260be56d0ec3686b8764cc4 DependenciesID=db05bd0a85872de6ebcdb6b9017476d6 StaticDependenciesID=d267a95a24247c868ba5431fb73e19a2 
Number of updated asset objects reloaded before import = 0Number of asset objects unloaded after import = 1

========================================================================
Received Import Request.
  Time since last request: 0.000021 seconds.
  path: Assets/TextMesh Pro/Examples & Extras/Resources/Fonts & Materials/LiberationSans SDF - Overlay.mat
  importAddress: Guid(9ad269c99dcf42b7aedefd83dd5a7b9d) Importer(2089858483,b0f066a214c2f5e87bad3c948f4d605d)
Start importing Assets/TextMesh Pro/Examples & Extras/Resources/Fonts & Materials/LiberationSans SDF - Overlay.mat using Guid(9ad269c99dcf42b7aedefd83dd5a7b9d) Importer(2089858483,b0f066a214c2f5e87bad3c948f4d605d) (ScriptedImporter) -> (Import Result ID: '0a2a49732534964d6d0cd01e219246d9') in 0.0130736 seconds [static and dynamic dependencies]. Details - ImportResultOutputID=9261df7ff61d2244d7de077dde371df3 DependenciesID=cfdc3b37eb0f0d623be0c6867ecb0ec2 StaticDependenciesID=077069373dc28d1620ba59aecfa832bf 
Number of updated asset objects reloaded before import = 0Number of asset objects unloaded after import = 2

========================================================================
Received Import Request.
  Time since last request: 0.000068 seconds.
  path: Assets/StarterAssets/ThirdPersonController/Character/Sfx/Player_Land_02.wav
  importAddress: Guid(c37138872f61b4418be9e8c1084790ac) Importer(2089858483,b0f066a214c2f5e87bad3c948f4d605d)
Start importing Assets/StarterAssets/ThirdPersonController/Character/Sfx/Player_Land_02.wav using Guid(c37138872f61b4418be9e8c1084790ac) Importer(2089858483,b0f066a214c2f5e87bad3c948f4d605d) (ScriptedImporter) -> (Import Result ID: '71a9abb3f358d26841bda01beb328ebd') in 0.0044109 seconds [static and dynamic dependencies]. Details - ImportResultOutputID=9f0cc380cf24a27aae24fa20b2f59063 DependenciesID=530cc7b3db1807a3f6861ffd7b54d249 StaticDependenciesID=66c0c83f48c5e7ca2adb52c1446716e7 
Number of updated asset objects reloaded before import = 0Number of asset objects unloaded after import = 1

========================================================================
Received Import Request.
  Time since last request: 0.000032 seconds.
  path: Assets/TextMesh Pro/Examples & Extras/Scenes/28 - HDRP Shader Example/Sky and Fog Volume Profile.asset
  importAddress: Guid(83ba2e375bed45f48bce43e5a5f7c88a) Importer(2089858483,b0f066a214c2f5e87bad3c948f4d605d)
Start importing Assets/TextMesh Pro/Examples & Extras/Scenes/28 - HDRP Shader Example/Sky and Fog Volume Profile.asset using Guid(83ba2e375bed45f48bce43e5a5f7c88a) Importer(2089858483,b0f066a214c2f5e87bad3c948f4d605d) (ScriptedImporter) -> (Import Result ID: '99fc73683c1e232e362810b496c8dffb') in 0.0036218 seconds [static and dynamic dependencies]. Details - ImportResultOutputID=2ecb7048bbce9237db7bc950c0fc8ba2 DependenciesID=4286aaa391a66e77ee335afef8840b36 StaticDependenciesID=53e9b54da69d0423ee4bdb00d5b37f49 
Number of updated asset objects reloaded before import = 0Number of asset objects unloaded after import = 1

========================================================================
Received Import Request.
  Time since last request: 0.000018 seconds.
  path: Assets/StarterAssets/ThirdPersonController/Character/Sfx/Player_Land_03.wav
  importAddress: Guid(a3da1afec2ee3465db49602a61ef0ec7) Importer(2089858483,b0f066a214c2f5e87bad3c948f4d605d)
Start importing Assets/StarterAssets/ThirdPersonController/Character/Sfx/Player_Land_03.wav using Guid(a3da1afec2ee3465db49602a61ef0ec7) Importer(2089858483,b0f066a214c2f5e87bad3c948f4d605d) (ScriptedImporter) -> (Import Result ID: '5f1578550039ed2e26654501553e45df') in 0.0052251 seconds [static and dynamic dependencies]. Details - ImportResultOutputID=3dd1eaada10ef205864243d20eb76005 DependenciesID=586f7287a2754a20bf579c09eff973ad StaticDependenciesID=09948ae5dde8ca2c571b937d5a772260 
Number of updated asset objects reloaded before import = 0Number of asset objects unloaded after import = 1

========================================================================
Received Import Request.
  Time since last request: 0.000073 seconds.
  path: Assets/TextMesh Pro/Examples & Extras/Resources/Color Gradient Presets/Light to Dark Green - Vertical.asset
  importAddress: Guid(5cf8ae092ca54931b443bec5148f3c59) Importer(2089858483,b0f066a214c2f5e87bad3c948f4d605d)
Start importing Assets/TextMesh Pro/Examples & Extras/Resources/Color Gradient Presets/Light to Dark Green - Vertical.asset using Guid(5cf8ae092ca54931b443bec5148f3c59) Importer(2089858483,b0f066a214c2f5e87bad3c948f4d605d) (ScriptedImporter) -> (Import Result ID: '141adf6ce73565dc4bfaeef41a2979dd') in 0.003204 seconds [static and dynamic dependencies]. Details - ImportResultOutputID=b5476166baced8b0c00a6778c11cf9e2 DependenciesID=1958eef5d31239c43dc23c91bf7b6d71 StaticDependenciesID=ff1eb7682a4b122418454e9e6aafa30e 
Number of updated asset objects reloaded before import = 0Number of asset objects unloaded after import = 1

========================================================================
Received Import Request.
  Time since last request: 0.000088 seconds.
  path: Assets/TextMesh Pro/Examples & Extras/Resources/Color Gradient Presets/Yellow to Orange - Vertical.asset
  importAddress: Guid(69a525efa7e6472eab268f6ea605f06e) Importer(2089858483,b0f066a214c2f5e87bad3c948f4d605d)
Start importing Assets/TextMesh Pro/Examples & Extras/Resources/Color Gradient Presets/Yellow to Orange - Vertical.asset using Guid(69a525efa7e6472eab268f6ea605f06e) Importer(2089858483,b0f066a214c2f5e87bad3c948f4d605d) (ScriptedImporter) -> (Import Result ID: 'cd4f8187e9b49bb1379c6c784f09cc11') in 0.0039788 seconds [static and dynamic dependencies]. Details - ImportResultOutputID=da3de973355f04114b013461046ef16a DependenciesID=81e6277eb180e74091ae0dea655f3150 StaticDependenciesID=015c05d98c21468a8fbb6e4937887adc 
Number of updated asset objects reloaded before import = 0Number of asset objects unloaded after import = 1

========================================================================
Received Import Request.
  Time since last request: 0.000020 seconds.
  path: Assets/TextMesh Pro/Examples & Extras/Resources/Fonts & Materials/Electronic Highway Sign SDF.asset
  importAddress: Guid(dc36b3fdc14f47ebb36fd484a67e268a) Importer(2089858483,b0f066a214c2f5e87bad3c948f4d605d)
Start importing Assets/TextMesh Pro/Examples & Extras/Resources/Fonts & Materials/Electronic Highway Sign SDF.asset using Guid(dc36b3fdc14f47ebb36fd484a67e268a) Importer(2089858483,b0f066a214c2f5e87bad3c948f4d605d) (ScriptedImporter) -> (Import Result ID: '40d6c27f21c74dfad3d4f331b2eb6c22') in 0.0045101 seconds [static and dynamic dependencies]. Details - ImportResultOutputID=20cf5ce59fbb76aba75147d0e5a09045 DependenciesID=b0533976956f038fb036aeba1bc24d97 StaticDependenciesID=70cfd0eeda7ac093e671ff004a689f9c 
Number of updated asset objects reloaded before import = 0Number of asset objects unloaded after import = 1

========================================================================
Received Import Request.
  Time since last request: 0.000016 seconds.
  path: Assets/TextMesh Pro/Examples & Extras/Resources/Fonts & Materials/Roboto-Bold SDF - Drop Shadow.mat
  importAddress: Guid(b246c4190f4e46ec9352fe15a7b09ce0) Importer(2089858483,b0f066a214c2f5e87bad3c948f4d605d)
Start importing Assets/TextMesh Pro/Examples & Extras/Resources/Fonts & Materials/Roboto-Bold SDF - Drop Shadow.mat using Guid(b246c4190f4e46ec9352fe15a7b09ce0) Importer(2089858483,b0f066a214c2f5e87bad3c948f4d605d) (ScriptedImporter) -> (Import Result ID: '40d46f90cc13bbefe910676f6a439349') in 0.0062694 seconds [static and dynamic dependencies]. Details - ImportResultOutputID=730152ad36cefc937514ee9986284369 DependenciesID=ad3fee4a69f49ac7e6e79d049a9f2463 StaticDependenciesID=14f5cd7aafd76b71226b5e344ad96281 
Number of updated asset objects reloaded before import = 0Number of asset objects unloaded after import = 2

========================================================================
Received Import Request.
  Time since last request: 0.000019 seconds.
  path: Assets/StarterAssets/ThirdPersonController/Character/Textures/Armature_Arms_AlbedoTransparency.tif
  importAddress: Guid(c6dc62700fa06274b9608a9fce8ed21b) Importer(2089858483,b0f066a214c2f5e87bad3c948f4d605d)
Start importing Assets/StarterAssets/ThirdPersonController/Character/Textures/Armature_Arms_AlbedoTransparency.tif using Guid(c6dc62700fa06274b9608a9fce8ed21b) Importer(2089858483,b0f066a214c2f5e87bad3c948f4d605d) (ScriptedImporter) -> (Import Result ID: 'e9718456c2107c8eb2485b256f6dddb9') in 0.0129681 seconds [static and dynamic dependencies]. Details - ImportResultOutputID=6a21365ab2b9479ae9c96ce2536dde26 DependenciesID=6ffa9d5b243fe6e416846cadec82f417 StaticDependenciesID=a28a5f9607bbaf9a5c3a3c61d16b1371 
Number of updated asset objects reloaded before import = 0Number of asset objects unloaded after import = 1

========================================================================
Received Import Request.
  Time since last request: 0.000067 seconds.
  path: Assets/StarterAssets/ThirdPersonController/Character/Sfx/Player_Land_01.wav
  importAddress: Guid(b13fd8dee3cf44c40859bf6c987bf68c) Importer(2089858483,b0f066a214c2f5e87bad3c948f4d605d)
Start importing Assets/StarterAssets/ThirdPersonController/Character/Sfx/Player_Land_01.wav using Guid(b13fd8dee3cf44c40859bf6c987bf68c) Importer(2089858483,b0f066a214c2f5e87bad3c948f4d605d) (ScriptedImporter) -> (Import Result ID: 'e5e4a5d5caf5d32e4a833aa48e1892df') in 0.0059884 seconds [static and dynamic dependencies]. Details - ImportResultOutputID=afdd094a017539b8400709e0139e792e DependenciesID=215f77c1229e93dd13bb4aab8275f53b StaticDependenciesID=c7028205c597a51672f0cc380ec0b07e 
Number of updated asset objects reloaded before import = 0Number of asset objects unloaded after import = 1

========================================================================
Received Import Request.
  Time since last request: 0.000029 seconds.
  path: Assets/StarterAssets/ThirdPersonController/Character/Sfx/Player_Land.asset
  importAddress: Guid(8b35f83fdcc30434e8d37b43903e1c5f) Importer(2089858483,b0f066a214c2f5e87bad3c948f4d605d)
Start importing Assets/StarterAssets/ThirdPersonController/Character/Sfx/Player_Land.asset using Guid(8b35f83fdcc30434e8d37b43903e1c5f) Importer(2089858483,b0f066a214c2f5e87bad3c948f4d605d) (ScriptedImporter) -> (Import Result ID: 'c9e213c572382f05f57d08f3231f0509') in 0.007891 seconds [static and dynamic dependencies]. Details - ImportResultOutputID=97c55144cb716819fc608fc09156effd DependenciesID=c75a873c249d34047da35165b4b7cc95 StaticDependenciesID=a6ecb36de337bed02a5315363de3e1bb 
Number of updated asset objects reloaded before import = 0Number of asset objects unloaded after import = 7

========================================================================
Received Import Request.
  Time since last request: 0.000027 seconds.
  path: Assets/StarterAssets/ThirdPersonController/Character/Sfx/Player_Land.wav
  importAddress: Guid(ff697d3070687ce4583faa0561a145a2) Importer(2089858483,b0f066a214c2f5e87bad3c948f4d605d)
Start importing Assets/StarterAssets/ThirdPersonController/Character/Sfx/Player_Land.wav using Guid(ff697d3070687ce4583faa0561a145a2) Importer(2089858483,b0f066a214c2f5e87bad3c948f4d605d) (ScriptedImporter) -> (Import Result ID: '1526f306c2fad31edc19b2f940924bd6') in 0.0164134 seconds [static and dynamic dependencies]. Details - ImportResultOutputID=834687065a5e00d59d5d701a8f73994a DependenciesID=c00466ea998ee8dbc6c039a116756d67 StaticDependenciesID=ac499842d279b56dd4498b77620681bc 
Number of updated asset objects reloaded before import = 0Number of asset objects unloaded after import = 1

========================================================================
Received Import Request.
  Time since last request: 0.000045 seconds.
  path: Assets/TextMesh Pro/Examples & Extras/Resources/Fonts & Materials/Anton SDF - Outline.mat
  importAddress: Guid(a00013af81304728b2be1f4309ee2433) Importer(2089858483,b0f066a214c2f5e87bad3c948f4d605d)
Start importing Assets/TextMesh Pro/Examples & Extras/Resources/Fonts & Materials/Anton SDF - Outline.mat using Guid(a00013af81304728b2be1f4309ee2433) Importer(2089858483,b0f066a214c2f5e87bad3c948f4d605d) (ScriptedImporter) -> (Import Result ID: '6e686ffdbbe8c357453a3db060f9019f') in 0.0098028 seconds [static and dynamic dependencies]. Details - ImportResultOutputID=2d50b545c8f3f479aa28c006bcd6c3da DependenciesID=dbde431715985ea82f73b271394fa955 StaticDependenciesID=2b28488c234d4ca6ae1ae07edc484b15 
Number of updated asset objects reloaded before import = 0Number of asset objects unloaded after import = 2

========================================================================
Received Import Request.
  Time since last request: 0.000024 seconds.
  path: Assets/StarterAssets/ThirdPersonController/Character/Sfx/Player_Footstep_08.wav
  importAddress: Guid(67c8b33e424ccdc4486edf538ab91c5a) Importer(2089858483,b0f066a214c2f5e87bad3c948f4d605d)
Start importing Assets/StarterAssets/ThirdPersonController/Character/Sfx/Player_Footstep_08.wav using Guid(67c8b33e424ccdc4486edf538ab91c5a) Importer(2089858483,b0f066a214c2f5e87bad3c948f4d605d) (ScriptedImporter) -> (Import Result ID: 'a96cff8a66b6ff75829c9ddae241cdc6') in 0.0063281 seconds [static and dynamic dependencies]. Details - ImportResultOutputID=68bc27197150804a3f7176eeee4b9f87 DependenciesID=6687ecb072feea8c33c434c191364d69 StaticDependenciesID=1a89a207812cbecdfb1f0c43b8b9f974 
Number of updated asset objects reloaded before import = 0Number of asset objects unloaded after import = 1

========================================================================
Received Import Request.
  Time since last request: 0.000018 seconds.
  path: Assets/StarterAssets/ThirdPersonController/Character/Textures/Armature_Body_RGB.tif
  importAddress: Guid(a95378e0fd5828442a6ed903fb3b0bf7) Importer(2089858483,b0f066a214c2f5e87bad3c948f4d605d)
Start importing Assets/StarterAssets/ThirdPersonController/Character/Textures/Armature_Body_RGB.tif using Guid(a95378e0fd5828442a6ed903fb3b0bf7) Importer(2089858483,b0f066a214c2f5e87bad3c948f4d605d) (ScriptedImporter) -> (Import Result ID: '4e01d3a77d5fcfcff012e9b022e1a127') in 0.0102955 seconds [static and dynamic dependencies]. Details - ImportResultOutputID=8d33440b2c96687b2e514a5a2e5f38dd DependenciesID=cb44ed4f8af4d1df2cd1fcd89ad28c49 StaticDependenciesID=8af7981581648cd96eabfc2061d8954b 
Number of updated asset objects reloaded before import = 0Number of asset objects unloaded after import = 1

========================================================================
Received Import Request.
  Time since last request: 0.000051 seconds.
  path: Assets/TextMesh Pro/Examples & Extras/Resources/Sprite Assets/Default Sprite Asset.asset
  importAddress: Guid(fbef3c704dce48f08a44612d6c856c8d) Importer(2089858483,b0f066a214c2f5e87bad3c948f4d605d)
Start importing Assets/TextMesh Pro/Examples & Extras/Resources/Sprite Assets/Default Sprite Asset.asset using Guid(fbef3c704dce48f08a44612d6c856c8d) Importer(2089858483,b0f066a214c2f5e87bad3c948f4d605d) (ScriptedImporter) -> (Import Result ID: '1b635da9cc9ae26d5de671e7babadf4b') in 0.0045107 seconds [static and dynamic dependencies]. Details - ImportResultOutputID=5f80cad65352497544a533dab5428e56 DependenciesID=c96fe88cd023cb5a7ac84e7bbe1bfe1f StaticDependenciesID=fc5309dacd1b2f51743f5d8b6ba6b39b 
Number of updated asset objects reloaded before import = 0Number of asset objects unloaded after import = 1

========================================================================
Received Import Request.
  Time since last request: 0.000020 seconds.
  path: Assets/TextMesh Pro/Examples & Extras/Resources/Fonts & Materials/Bangers SDF - Outline.mat
  importAddress: Guid(f629c6e43dba4bf38cb74d8860150664) Importer(2089858483,b0f066a214c2f5e87bad3c948f4d605d)
Start importing Assets/TextMesh Pro/Examples & Extras/Resources/Fonts & Materials/Bangers SDF - Outline.mat using Guid(f629c6e43dba4bf38cb74d8860150664) Importer(2089858483,b0f066a214c2f5e87bad3c948f4d605d) (ScriptedImporter) -> (Import Result ID: 'af3d8e46b437a6bb7fd0a0c96f7d7977') in 0.0085682 seconds [static and dynamic dependencies]. Details - ImportResultOutputID=afe34deccd49a13d14ebedd5e788472f DependenciesID=86ccc5dc3e9b3126371bb5d4e04a6b61 StaticDependenciesID=5c95be4db97e72a1721ed78cee760ece 
Number of updated asset objects reloaded before import = 0Number of asset objects unloaded after import = 2

========================================================================
Received Import Request.
  Time since last request: 0.000019 seconds.
  path: Assets/StarterAssets/ThirdPersonController/Character/Sfx/Concrete_Footsteps/Footstep_Concrete.asset
  importAddress: Guid(ef05be445e3284c9c93fe860c0837942) Importer(2089858483,b0f066a214c2f5e87bad3c948f4d605d)
Start importing Assets/StarterAssets/ThirdPersonController/Character/Sfx/Concrete_Footsteps/Footstep_Concrete.asset using Guid(ef05be445e3284c9c93fe860c0837942) Importer(2089858483,b0f066a214c2f5e87bad3c948f4d605d) (ScriptedImporter) -> (Import Result ID: '4cdd7677fa6be031123eb22618e81914') in 0.0097567 seconds [static and dynamic dependencies]. Details - ImportResultOutputID=52217eb335907cf7f02c6cccd25cc962 DependenciesID=f1de168af6969932c4167268410d4299 StaticDependenciesID=34a9b3e505c70cd26027c45e7903004a 
Number of updated asset objects reloaded before import = 0Number of asset objects unloaded after import = 11

========================================================================
Received Import Request.
  Time since last request: 0.000022 seconds.
  path: Assets/StarterAssets/ThirdPersonController/Character/Sfx/Concrete_Footsteps/Concrete_04.wav
  importAddress: Guid(f6c46c2ca4f624aacabaa487bb4ed6e4) Importer(2089858483,b0f066a214c2f5e87bad3c948f4d605d)
Start importing Assets/StarterAssets/ThirdPersonController/Character/Sfx/Concrete_Footsteps/Concrete_04.wav using Guid(f6c46c2ca4f624aacabaa487bb4ed6e4) Importer(2089858483,b0f066a214c2f5e87bad3c948f4d605d) (ScriptedImporter) -> (Import Result ID: 'e351c096f5a88c7f6a35492adc1ca6e0') in 0.0040024 seconds [static and dynamic dependencies]. Details - ImportResultOutputID=1f102ab2ffd35297f08a1336cf4f88b0 DependenciesID=5312b1bc748a9c6208f1c24ce87b9f46 StaticDependenciesID=71582d81b506813532a85e2d1931678e 
Number of updated asset objects reloaded before import = 0Number of asset objects unloaded after import = 1

========================================================================
Received Import Request.
  Time since last request: 0.000018 seconds.
  path: Assets/StarterAssets/ThirdPersonController/Character/Textures/Armature_Legs_Normal.tif
  importAddress: Guid(b2c5d9c39850da946ae135dcb57faaea) Importer(2089858483,b0f066a214c2f5e87bad3c948f4d605d)
Start importing Assets/StarterAssets/ThirdPersonController/Character/Textures/Armature_Legs_Normal.tif using Guid(b2c5d9c39850da946ae135dcb57faaea) Importer(2089858483,b0f066a214c2f5e87bad3c948f4d605d) (ScriptedImporter) -> (Import Result ID: '11c029ae76d4f4f82bdd3de60db90e87') in 0.0109312 seconds [static and dynamic dependencies]. Details - ImportResultOutputID=0d2e8fe71285853855467bc944ce945d DependenciesID=145307274e5d2b399b41f85cd9f7bc23 StaticDependenciesID=a0617c91fe378611499e3123f14597b0 
Number of updated asset objects reloaded before import = 0Number of asset objects unloaded after import = 1

========================================================================
Received Import Request.
  Time since last request: 0.000104 seconds.
  path: Assets/TextMesh Pro/Examples & Extras/Resources/Fonts & Materials/Unity SDF - HDRP LIT - Outline.mat
  importAddress: Guid(967f61bb1e3e28645a39e0cb647cc79e) Importer(2089858483,b0f066a214c2f5e87bad3c948f4d605d)
Start importing Assets/TextMesh Pro/Examples & Extras/Resources/Fonts & Materials/Unity SDF - HDRP LIT - Outline.mat using Guid(967f61bb1e3e28645a39e0cb647cc79e) Importer(2089858483,b0f066a214c2f5e87bad3c948f4d605d) (ScriptedImporter) -> (Import Result ID: '2a7936355e213ae6be6fea67c216393e') in 0.0049436 seconds [static and dynamic dependencies]. Details - ImportResultOutputID=2b1f21d41578c6ccb5c1a39497218f3a DependenciesID=096aebb7fdbaa4d53ad7abaf40fb294f StaticDependenciesID=296717d5c7913c965084b6d690ec89ab 
Number of updated asset objects reloaded before import = 0Number of asset objects unloaded after import = 1

========================================================================
Received Import Request.
  Time since last request: 0.000050 seconds.
  path: Assets/TextMesh Pro/Examples & Extras/Resources/Fonts & Materials/Bangers SDF Logo.mat
  importAddress: Guid(f4e195ac1e204eff960149d1cb34e18c) Importer(2089858483,b0f066a214c2f5e87bad3c948f4d605d)
Start importing Assets/TextMesh Pro/Examples & Extras/Resources/Fonts & Materials/Bangers SDF Logo.mat using Guid(f4e195ac1e204eff960149d1cb34e18c) Importer(2089858483,b0f066a214c2f5e87bad3c948f4d605d) (ScriptedImporter) -> (Import Result ID: 'b831b1805b9805dce6433fc775bfc6fb') in 0.0101564 seconds [static and dynamic dependencies]. Details - ImportResultOutputID=01df8947684dbc0d0e4ee6cc81c93775 DependenciesID=2ed58dbe34d7cdfd978492c27021ac54 StaticDependenciesID=394f2dcd068d897485341bbe3a144590 
Number of updated asset objects reloaded before import = 0Number of asset objects unloaded after import = 4

========================================================================
Received Import Request.
  Time since last request: 0.000019 seconds.
  path: Assets/StarterAssets/ThirdPersonController/Character/Sfx/Player_Footstep_09.wav
  importAddress: Guid(274649b0e221539409070ebf6c18918b) Importer(2089858483,b0f066a214c2f5e87bad3c948f4d605d)
Start importing Assets/StarterAssets/ThirdPersonController/Character/Sfx/Player_Footstep_09.wav using Guid(274649b0e221539409070ebf6c18918b) Importer(2089858483,b0f066a214c2f5e87bad3c948f4d605d) (ScriptedImporter) -> (Import Result ID: 'ae8733eeeac0b3fa9d2eb09dc99fbb8f') in 0.0058924 seconds [static and dynamic dependencies]. Details - ImportResultOutputID=696ef97d63c2a18a3044ce80f080a9aa DependenciesID=b067abef0329a51e6ef44c8ff87b5ead StaticDependenciesID=ed550cfbc668a76b69adad35025bf158 
Number of updated asset objects reloaded before import = 0Number of asset objects unloaded after import = 1

========================================================================
Received Import Request.
  Time since last request: 0.000024 seconds.
  path: Assets/TextMesh Pro/Examples & Extras/Resources/Fonts & Materials/Unity SDF.asset
  importAddress: Guid(c9adb1f542a93ae489bacfeae21e8394) Importer(2089858483,b0f066a214c2f5e87bad3c948f4d605d)
Start importing Assets/TextMesh Pro/Examples & Extras/Resources/Fonts & Materials/Unity SDF.asset using Guid(c9adb1f542a93ae489bacfeae21e8394) Importer(2089858483,b0f066a214c2f5e87bad3c948f4d605d) (ScriptedImporter) -> (Import Result ID: '9c6bcf90e09f3e9676d2b6ca0fd3fcf8') in 0.0135784 seconds [static and dynamic dependencies]. Details - ImportResultOutputID=fcbba6b6ca83bd2d12940d954d6fbf0c DependenciesID=8f634d718dfaa2276169918177f8cebc StaticDependenciesID=e461379b837f8bc2420ca9b16b38b625 
Number of updated asset objects reloaded before import = 0Number of asset objects unloaded after import = 1

========================================================================
Received Import Request.
  Time since last request: 0.000015 seconds.
  path: Assets/StarterAssets/ThirdPersonController/Character/Textures/Armature_Legs_MetallicSmoothness.tif
  importAddress: Guid(1c98c94efa7792645972ecf95e6f86c2) Importer(2089858483,b0f066a214c2f5e87bad3c948f4d605d)
Start importing Assets/StarterAssets/ThirdPersonController/Character/Textures/Armature_Legs_MetallicSmoothness.tif using Guid(1c98c94efa7792645972ecf95e6f86c2) Importer(2089858483,b0f066a214c2f5e87bad3c948f4d605d) (ScriptedImporter) -> (Import Result ID: '32e4ac1a4a66312a8d3e8adc306f5f18') in 0.0122356 seconds [static and dynamic dependencies]. Details - ImportResultOutputID=9f548720cc8bd993a187eba6bc826d30 DependenciesID=eec676967dfe1a2df8d4090caf711eef StaticDependenciesID=088e98e4f9024ec9d6cd918493a4bea5 
Number of updated asset objects reloaded before import = 0Number of asset objects unloaded after import = 1

========================================================================
Received Import Request.
  Time since last request: 0.000150 seconds.
  path: Assets/Scripts/UI/Shop/ShopItemList.cs
  importAddress: Guid(6501d06aab944a44aa6be626d63c7d01) Importer(2089858483,b0f066a214c2f5e87bad3c948f4d605d)
Start importing Assets/Scripts/UI/Shop/ShopItemList.cs using Guid(6501d06aab944a44aa6be626d63c7d01) Importer(2089858483,b0f066a214c2f5e87bad3c948f4d605d) (ScriptedImporter) -> (Import Result ID: '848a1934b356bc3a95ff74344b79f127') in 0.0048828 seconds [static and dynamic dependencies]. Details - ImportResultOutputID=f720361a5ab4bb638f2e982c7cee8d4c DependenciesID=66bb989422e29f68ee092913a9b79498 StaticDependenciesID=b80db2b6935d51fd2e681fd75c3ce2ab 
Number of updated asset objects reloaded before import = 0Number of asset objects unloaded after import = 0

========================================================================
Received Import Request.
  Time since last request: 0.000117 seconds.
  path: Assets/TextMesh Pro/Examples & Extras/Fonts/Unity.ttf
  importAddress: Guid(f4eec857a4fdf2f43be0e9f3d1a984e7) Importer(2089858483,b0f066a214c2f5e87bad3c948f4d605d)
Start importing Assets/TextMesh Pro/Examples & Extras/Fonts/Unity.ttf using Guid(f4eec857a4fdf2f43be0e9f3d1a984e7) Importer(2089858483,b0f066a214c2f5e87bad3c948f4d605d) (ScriptedImporter) -> (Import Result ID: '1b6a2ba3ea7a6cd2dd90c9fb899678b8') in 0.0076533 seconds [static and dynamic dependencies]. Details - ImportResultOutputID=4b136d4850af11c40d494724a3713c6f DependenciesID=33f6cc80a27d8a7168a2c6cbfe998008 StaticDependenciesID=e923a0f5cf2fdb171a1fa33548ed45c3 
Number of updated asset objects reloaded before import = 0Number of asset objects unloaded after import = 3

========================================================================
Received Import Request.
  Time since last request: 0.000016 seconds.
  path: Assets/Bundles/Themes/NightTime/Sky/NightCloud01.prefab
  importAddress: Guid(f788e812c45a0754a9e0342be76a1750) Importer(2089858483,b0f066a214c2f5e87bad3c948f4d605d)
Start importing Assets/Bundles/Themes/NightTime/Sky/NightCloud01.prefab using Guid(f788e812c45a0754a9e0342be76a1750) Importer(2089858483,b0f066a214c2f5e87bad3c948f4d605d) (ScriptedImporter) -> (Import Result ID: '9d7872ff2b12934f327659c534f94922') in 0.0055259 seconds [static and dynamic dependencies]. Details - ImportResultOutputID=47cb7e3e6db42ff0628296a8e31851f4 DependenciesID=2d89ef612c114bc21061472e64ec62cd StaticDependenciesID=3ac1c0809b3acd1e6792c4f20782f77f 
Number of updated asset objects reloaded before import = 0Number of asset objects unloaded after import = 10

========================================================================
Received Import Request.
  Time since last request: 0.000019 seconds.
  path: Assets/Bundles/Themes/NightTime/Urban/UrbanDumpsters02.prefab
  importAddress: Guid(e7a3bd1684c9dc34895c2b9f97f1aeae) Importer(2089858483,b0f066a214c2f5e87bad3c948f4d605d)
Start importing Assets/Bundles/Themes/NightTime/Urban/UrbanDumpsters02.prefab using Guid(e7a3bd1684c9dc34895c2b9f97f1aeae) Importer(2089858483,b0f066a214c2f5e87bad3c948f4d605d) (ScriptedImporter) -> (Import Result ID: '8da9a0cf7468c0c76fd21aad9935b2a0') in 0.0103419 seconds [static and dynamic dependencies]. Details - ImportResultOutputID=808dccbac44f2fc7e34840b1bfe5db52 DependenciesID=2d5003a5a5ad70ac0c042a543e6fd769 StaticDependenciesID=da7bbb1f8c4b4cd9a1494a2a93ef5598 
Number of updated asset objects reloaded before import = 0Number of asset objects unloaded after import = 65

========================================================================
Received Import Request.
  Time since last request: 0.000018 seconds.
  path: Assets/StarterAssets/Mobile/Scripts/Utilities/MobileDisableAutoSwitchControls.cs
  importAddress: Guid(901182334643ba1438a25accc6bd0c79) Importer(2089858483,b0f066a214c2f5e87bad3c948f4d605d)
Start importing Assets/StarterAssets/Mobile/Scripts/Utilities/MobileDisableAutoSwitchControls.cs using Guid(901182334643ba1438a25accc6bd0c79) Importer(2089858483,b0f066a214c2f5e87bad3c948f4d605d) (ScriptedImporter) -> (Import Result ID: 'b963cbb08f128d549624425edcb527a1') in 0.0031807 seconds [static and dynamic dependencies]. Details - ImportResultOutputID=58ef96a9214f84bca7d24189c0669447 DependenciesID=5ded881503bffa2ab90a4624f0420692 StaticDependenciesID=25d856b3b3709285a1c7195d93f3b24f 
Number of updated asset objects reloaded before import = 0Number of asset objects unloaded after import = 0

========================================================================
Received Import Request.
  Time since last request: 0.000016 seconds.
  path: Assets/TextMesh Pro/Examples & Extras/Textures/Mask Zig-n-Zag.psd
  importAddress: Guid(bb8dfcd263ad4eb383a33d74a720be6f) Importer(2089858483,b0f066a214c2f5e87bad3c948f4d605d)
Start importing Assets/TextMesh Pro/Examples & Extras/Textures/Mask Zig-n-Zag.psd using Guid(bb8dfcd263ad4eb383a33d74a720be6f) Importer(2089858483,b0f066a214c2f5e87bad3c948f4d605d) (ScriptedImporter) -> (Import Result ID: '2c226754d185dcec39c01fa38d72433d') in 0.0101717 seconds [static and dynamic dependencies]. Details - ImportResultOutputID=4251dfe623280de4bf430ad0d76a658d DependenciesID=4818bb7fd4187d33488b3a03b97baf14 StaticDependenciesID=eb0ce72b08a9c4f0036fe7c36711c0b9 
Number of updated asset objects reloaded before import = 0Number of asset objects unloaded after import = 1

========================================================================
Received Import Request.
  Time since last request: 0.000024 seconds.
  path: Assets/TextMesh Pro/Examples & Extras/Resources/Fonts & Materials/Bangers SDF.asset
  importAddress: Guid(125cb55b44b24c4393181402bc6200e6) Importer(2089858483,b0f066a214c2f5e87bad3c948f4d605d)
Start importing Assets/TextMesh Pro/Examples & Extras/Resources/Fonts & Materials/Bangers SDF.asset using Guid(125cb55b44b24c4393181402bc6200e6) Importer(2089858483,b0f066a214c2f5e87bad3c948f4d605d) (ScriptedImporter) -> (Import Result ID: 'babf86b7622ddb62ec5ebffe9da32412') in 0.0147864 seconds [static and dynamic dependencies]. Details - ImportResultOutputID=081613144723fc380bf9ba88b24bc8c1 DependenciesID=e00f30785ef213ec729c7aacf1f4cb7e StaticDependenciesID=aabc321ea0d917e2a1148cbdb2e84b4a 
Number of updated asset objects reloaded before import = 0Number of asset objects unloaded after import = 1

========================================================================
Received Import Request.
  Time since last request: 0.000021 seconds.
  path: Assets/Models/Daytime/Pipes.fbx
  importAddress: Guid(2b75d09c3bf9ba64cbccca5ff894cbfa) Importer(2089858483,b0f066a214c2f5e87bad3c948f4d605d)
Start importing Assets/Models/Daytime/Pipes.fbx using Guid(2b75d09c3bf9ba64cbccca5ff894cbfa) Importer(2089858483,b0f066a214c2f5e87bad3c948f4d605d) (ScriptedImporter) -> (Import Result ID: '15bf823792a110e41d062c8adfa75b23') in 0.0114154 seconds [static and dynamic dependencies]. Details - ImportResultOutputID=daa398e9840affb1eab091a80d055d11 DependenciesID=a3a475e2bbf29e8c571b9149bcb083e2 StaticDependenciesID=9b6a204641d3953fabfef194c9cacb4e 
Number of updated asset objects reloaded before import = 0Number of asset objects unloaded after import = 8

========================================================================
Received Import Request.
  Time since last request: 0.000020 seconds.
  path: Assets/Scripts/UI/MainMenu.cs
  importAddress: Guid(c265ccee2af53344b8afad110e7d3b21) Importer(2089858483,b0f066a214c2f5e87bad3c948f4d605d)
Start importing Assets/Scripts/UI/MainMenu.cs using Guid(c265ccee2af53344b8afad110e7d3b21) Importer(2089858483,b0f066a214c2f5e87bad3c948f4d605d) (ScriptedImporter) -> (Import Result ID: '9c392d31dba30ae342dba1f3bb72c80a') in 0.0028259 seconds [static and dynamic dependencies]. Details - ImportResultOutputID=0017f944af855a021780b86ef9fb9b81 DependenciesID=d4820b49033a36bbb9d42322999c4a53 StaticDependenciesID=1dcb866a44b442e4797c44797b065b8e 
Number of updated asset objects reloaded before import = 0Number of asset objects unloaded after import = 0

========================================================================
Received Import Request.
  Time since last request: 0.000078 seconds.
  path: Assets/StarterAssets/ThirdPersonController/Character/Sfx/Player_Footstep_04.wav
  importAddress: Guid(1a91fcd19acf1e54bba0945d9f390849) Importer(2089858483,b0f066a214c2f5e87bad3c948f4d605d)
Start importing Assets/StarterAssets/ThirdPersonController/Character/Sfx/Player_Footstep_04.wav using Guid(1a91fcd19acf1e54bba0945d9f390849) Importer(2089858483,b0f066a214c2f5e87bad3c948f4d605d) (ScriptedImporter) -> (Import Result ID: '950eb13fa5077b2b2253326ea44abd2c') in 0.0058594 seconds [static and dynamic dependencies]. Details - ImportResultOutputID=242cd5a8dcc0d1db33901fe77fa667a7 DependenciesID=6ce80014b822b7b5a7bdec0d1383b8de StaticDependenciesID=f2ae32dcc5973652dbad0615735deae0 
Number of updated asset objects reloaded before import = 0Number of asset objects unloaded after import = 1

========================================================================
Received Import Request.
  Time since last request: 0.000050 seconds.
  path: Assets/Models/Daytime/Cloud02.fbx
  importAddress: Guid(3b9892fba65295a4b839fa96a5b7b0f8) Importer(2089858483,b0f066a214c2f5e87bad3c948f4d605d)
Start importing Assets/Models/Daytime/Cloud02.fbx using Guid(3b9892fba65295a4b839fa96a5b7b0f8) Importer(2089858483,b0f066a214c2f5e87bad3c948f4d605d) (ScriptedImporter) -> (Import Result ID: 'e9a7f3e9c8d54bd256f4181b9be82b9d') in 0.0127215 seconds [static and dynamic dependencies]. Details - ImportResultOutputID=884e8bc1c32edc9a053d25bdbee4e8e9 DependenciesID=190ab9fe8b0c95b73ef9357042aa9595 StaticDependenciesID=123f389c47a0ba58b1db3a64b594ae6e 
Number of updated asset objects reloaded before import = 0Number of asset objects unloaded after import = 8

========================================================================
Received Import Request.
  Time since last request: 0.000017 seconds.
  path: Assets/Models/Daytime/StoneWall.fbx
  importAddress: Guid(d1ed963af49ab4c44bb0baa05dff42c2) Importer(2089858483,b0f066a214c2f5e87bad3c948f4d605d)
Start importing Assets/Models/Daytime/StoneWall.fbx using Guid(d1ed963af49ab4c44bb0baa05dff42c2) Importer(2089858483,b0f066a214c2f5e87bad3c948f4d605d) (ScriptedImporter) -> (Import Result ID: 'e8b0fd5e8a114ad740853c1bef95484a') in 0.0126015 seconds [static and dynamic dependencies]. Details - ImportResultOutputID=d0545ff0f5257f0eec094b7ac28581d6 DependenciesID=a6f606cd56eef2e70a004c15ceb4c489 StaticDependenciesID=57b48e42784a924022dcb9afbb28fd4e 
Number of updated asset objects reloaded before import = 0Number of asset objects unloaded after import = 9

========================================================================
Received Import Request.
  Time since last request: 0.000020 seconds.
  path: Assets/Models/NightTime/DumpsterGreenNight.fbx
  importAddress: Guid(519c944e61ed0114aa8ce901c86d3a41) Importer(2089858483,b0f066a214c2f5e87bad3c948f4d605d)
Start importing Assets/Models/NightTime/DumpsterGreenNight.fbx using Guid(519c944e61ed0114aa8ce901c86d3a41) Importer(2089858483,b0f066a214c2f5e87bad3c948f4d605d) (ScriptedImporter) -> (Import Result ID: '9ba2b173d6fa011d33b2c7319400f21e') in 0.0113441 seconds [static and dynamic dependencies]. Details - ImportResultOutputID=f16956fa4643f123a5b6827911235664 DependenciesID=36d3ece11a35344367dd978c55a332ce StaticDependenciesID=3cd33ab2f594fd72c65846d7063b0e04 
Number of updated asset objects reloaded before import = 0Number of asset objects unloaded after import = 8

========================================================================
Received Import Request.
  Time since last request: 0.000017 seconds.
  path: Assets/mokrane/texture/Polo_Solid_Clean.png
  importAddress: Guid(0b42fbb2529cb254493e05b899146c3a) Importer(2089858483,b0f066a214c2f5e87bad3c948f4d605d)
Start importing Assets/mokrane/texture/Polo_Solid_Clean.png using Guid(0b42fbb2529cb254493e05b899146c3a) Importer(2089858483,b0f066a214c2f5e87bad3c948f4d605d) (ScriptedImporter) -> (Import Result ID: '1b00507ec4186c5ceb025eded62b53b9') in 0.0087346 seconds [static and dynamic dependencies]. Details - ImportResultOutputID=431c7eeaa7a99128a845427fd87804d9 DependenciesID=2a76bdc2429503b9e09fe6aa13c71e74 StaticDependenciesID=2d26a99ef44252e1b89265d2ab070275 
Number of updated asset objects reloaded before import = 0Number of asset objects unloaded after import = 1

========================================================================
Received Import Request.
  Time since last request: 0.000089 seconds.
  path: Assets/AddressableAssetsData/AssetGroups/Schemas/e293c425bd8527844ad6f809d4806dd7_BundledAssetGroupSchema.asset
  importAddress: Guid(48662441bf1a8334b82d55940bbe2b40) Importer(2089858483,b0f066a214c2f5e87bad3c948f4d605d)
Start importing Assets/AddressableAssetsData/AssetGroups/Schemas/e293c425bd8527844ad6f809d4806dd7_BundledAssetGroupSchema.asset using Guid(48662441bf1a8334b82d55940bbe2b40) Importer(2089858483,b0f066a214c2f5e87bad3c948f4d605d) (ScriptedImporter) -> (Import Result ID: '130d5db9f875165391998ecc64ade2e1') in 0.003881 seconds [static and dynamic dependencies]. Details - ImportResultOutputID=f6e053821ed0bc0ff9e07f3ba065a398 DependenciesID=756de294df8f25961981787e05d31bd3 StaticDependenciesID=0d6d1e3337fda8d3bfe72a731514aa6b 
Number of updated asset objects reloaded before import = 0Number of asset objects unloaded after import = 1

========================================================================
Received Import Request.
  Time since last request: 0.000037 seconds.
  path: Assets/Models/NightTime/PipesNight.fbx
  importAddress: Guid(d92fea2124f46184a8108b072ccf6bcb) Importer(2089858483,b0f066a214c2f5e87bad3c948f4d605d)
Start importing Assets/Models/NightTime/PipesNight.fbx using Guid(d92fea2124f46184a8108b072ccf6bcb) Importer(2089858483,b0f066a214c2f5e87bad3c948f4d605d) (ScriptedImporter) -> (Import Result ID: '07545278449fc4cb408abb05d3b49ac3') in 0.012344 seconds [static and dynamic dependencies]. Details - ImportResultOutputID=3d268b8aed56d9574d64a1e77561e29d DependenciesID=dc162ef88ecfe48e8baa3b937dbc2b4b StaticDependenciesID=ce861940c4ffc8bdf97f6c4971e7924f 
Number of updated asset objects reloaded before import = 0Number of asset objects unloaded after import = 8

========================================================================
Received Import Request.
  Time since last request: 0.000022 seconds.
  path: Assets/StarterAssets/ThirdPersonController/Prefabs/NestedParentCapsule_Unpack.prefab
  importAddress: Guid(212907312655a4443a025a304442c17c) Importer(2089858483,b0f066a214c2f5e87bad3c948f4d605d)
Start importing Assets/StarterAssets/ThirdPersonController/Prefabs/NestedParentCapsule_Unpack.prefab using Guid(212907312655a4443a025a304442c17c) Importer(2089858483,b0f066a214c2f5e87bad3c948f4d605d) (ScriptedImporter) -> (Import Result ID: '0baa6c63b717461fe9be806760bdb18d') in 0.0093719 seconds [static and dynamic dependencies]. Details - ImportResultOutputID=e0f6b70a5bf5ff75c4dbaa39150ba6ea DependenciesID=8abb108e9aa7386cf04f3cd855e764f4 StaticDependenciesID=5115acc5f8e137208846e53d1dc4fe52 
Number of updated asset objects reloaded before import = 0Number of asset objects unloaded after import = 88

========================================================================
Received Import Request.
  Time since last request: 0.000038 seconds.
  path: Assets/Models/Daytime/ManHole.fbx
  importAddress: Guid(1c4f9075be7fa3d4aafdf183bb396b59) Importer(2089858483,b0f066a214c2f5e87bad3c948f4d605d)
Start importing Assets/Models/Daytime/ManHole.fbx using Guid(1c4f9075be7fa3d4aafdf183bb396b59) Importer(2089858483,b0f066a214c2f5e87bad3c948f4d605d) (ScriptedImporter) -> (Import Result ID: 'c529e49fb48908cd665630e67cfdf1ff') in 0.0180869 seconds [static and dynamic dependencies]. Details - ImportResultOutputID=effd54f7387a6b7b5de322e86c445d90 DependenciesID=aeb644f1a087b212fb7141ddc7420d68 StaticDependenciesID=bbf2ef79f616d2a28b4066412d196985 
Number of updated asset objects reloaded before import = 0Number of asset objects unloaded after import = 8

========================================================================
Received Import Request.
  Time since last request: 0.000016 seconds.
  path: Assets/TextMesh Pro/Shaders/TMP_SDF Overlay.shader
  importAddress: Guid(dd89cf5b9246416f84610a006f916af7) Importer(2089858483,b0f066a214c2f5e87bad3c948f4d605d)
Start importing Assets/TextMesh Pro/Shaders/TMP_SDF Overlay.shader using Guid(dd89cf5b9246416f84610a006f916af7) Importer(2089858483,b0f066a214c2f5e87bad3c948f4d605d) (ScriptedImporter) -> (Import Result ID: '248ce63c1965548b255529f21603ad35') in 0.0042859 seconds [static and dynamic dependencies]. Details - ImportResultOutputID=8d457792d5b9ee227ed66726bcdc0558 DependenciesID=56bdc6073553dd30b3a4bb55d42cc663 StaticDependenciesID=086b5680e33efca1bae2e5551aec11b8 
Number of updated asset objects reloaded before import = 0Number of asset objects unloaded after import = 1

========================================================================
Received Import Request.
  Time since last request: 0.000020 seconds.
  path: Assets/Models/Daytime/SkipYellow.fbx
  importAddress: Guid(da3032cd876a05844b3a19acee60b620) Importer(2089858483,b0f066a214c2f5e87bad3c948f4d605d)
Start importing Assets/Models/Daytime/SkipYellow.fbx using Guid(da3032cd876a05844b3a19acee60b620) Importer(2089858483,b0f066a214c2f5e87bad3c948f4d605d) (ScriptedImporter) -> (Import Result ID: '5c171e50a239b27d78ac41c7750a2ebb') in 0.0173198 seconds [static and dynamic dependencies]. Details - ImportResultOutputID=90269ae79ab7682cac5c3c1726ed7c44 DependenciesID=72e34f661a66dab0c651bfe44629f463 StaticDependenciesID=bb58c7389263bcebe24c5ab4868e8754 
Number of updated asset objects reloaded before import = 0Number of asset objects unloaded after import = 9

========================================================================
Received Import Request.
  Time since last request: 0.000016 seconds.
  path: Assets/StarterAssets/Environment/Prefabs/Stairs_200x100x200_Prefab.prefab
  importAddress: Guid(466621a4836aa504c87c15d88722d465) Importer(2089858483,b0f066a214c2f5e87bad3c948f4d605d)
Start importing Assets/StarterAssets/Environment/Prefabs/Stairs_200x100x200_Prefab.prefab using Guid(466621a4836aa504c87c15d88722d465) Importer(2089858483,b0f066a214c2f5e87bad3c948f4d605d) (ScriptedImporter) -> (Import Result ID: '80df38df4881b0ff47cda4947eca2675') in 0.0107285 seconds [static and dynamic dependencies]. Details - ImportResultOutputID=0b3b2bcda2b40cd8a9ae6c286fc84678 DependenciesID=ed732e4fb6d46b132ec4a2a5300fca99 StaticDependenciesID=562b46f3cce9f1eee1fa0c4540f8d5fa 
Number of updated asset objects reloaded before import = 0Number of asset objects unloaded after import = 10

========================================================================
Received Import Request.
  Time since last request: 0.000018 seconds.
  path: Assets/Models/Daytime/Garage02.fbx
  importAddress: Guid(af8c8e7902606fc41be5a1fc629dce4a) Importer(2089858483,b0f066a214c2f5e87bad3c948f4d605d)
Start importing Assets/Models/Daytime/Garage02.fbx using Guid(af8c8e7902606fc41be5a1fc629dce4a) Importer(2089858483,b0f066a214c2f5e87bad3c948f4d605d) (ScriptedImporter) -> (Import Result ID: 'b5825b0c173a5d00815925f699a15613') in 0.0131096 seconds [static and dynamic dependencies]. Details - ImportResultOutputID=034448f98a4bb5ff683c46edb248360c DependenciesID=17d94eb32defa3a96dffa47f208c34c6 StaticDependenciesID=0b008c7be04e6a20351476bf04ca3d78 
Number of updated asset objects reloaded before import = 0Number of asset objects unloaded after import = 9

========================================================================
Received Import Request.
  Time since last request: 0.000021 seconds.
  path: Assets/TextMesh Pro/Resources/TMP Settings.asset
  importAddress: Guid(3f5b5dff67a942289a9defa416b206f3) Importer(2089858483,b0f066a214c2f5e87bad3c948f4d605d)
Start importing Assets/TextMesh Pro/Resources/TMP Settings.asset using Guid(3f5b5dff67a942289a9defa416b206f3) Importer(2089858483,b0f066a214c2f5e87bad3c948f4d605d) (ScriptedImporter) -> (Import Result ID: 'e25b6a78b3d9dea28dd0af0041bad78e') in 0.0034942 seconds [static and dynamic dependencies]. Details - ImportResultOutputID=c3057f4a22430d3d29a105eca19255aa DependenciesID=916a91fe0bfe0cce19f3ffce85d0a874 StaticDependenciesID=c8804b8a5531bf9630cbb1cba09eb58a 
Number of updated asset objects reloaded before import = 0Number of asset objects unloaded after import = 1

========================================================================
Received Import Request.
  Time since last request: 0.000054 seconds.
  path: Assets/Prefabs/Powerup/ScoreMultiplier.prefab
  importAddress: Guid(1269ce00623d4694f927c463dd3be44a) Importer(2089858483,b0f066a214c2f5e87bad3c948f4d605d)
Start importing Assets/Prefabs/Powerup/ScoreMultiplier.prefab using Guid(1269ce00623d4694f927c463dd3be44a) Importer(2089858483,b0f066a214c2f5e87bad3c948f4d605d) (ScriptedImporter) -> (Import Result ID: 'f2dbbe34b566a9a44a86d8cc83a0130a') in 0.0081531 seconds [static and dynamic dependencies]. Details - ImportResultOutputID=bea121e8b50bc4bf701c5ae758241a96 DependenciesID=331f53acb8fc463406d0d61cda127f58 StaticDependenciesID=01be2e7a5073e629400b7da071851d86 
Number of updated asset objects reloaded before import = 0Number of asset objects unloaded after import = 21

========================================================================
Received Import Request.
  Time since last request: 0.000021 seconds.
  path: Assets/TextMesh Pro/Shaders/TMP_Bitmap.shader
  importAddress: Guid(128e987d567d4e2c824d754223b3f3b0) Importer(2089858483,b0f066a214c2f5e87bad3c948f4d605d)
Start importing Assets/TextMesh Pro/Shaders/TMP_Bitmap.shader using Guid(128e987d567d4e2c824d754223b3f3b0) Importer(2089858483,b0f066a214c2f5e87bad3c948f4d605d) (ScriptedImporter) -> (Import Result ID: '640719659139446c069252ab9446ca20') in 0.0044897 seconds [static and dynamic dependencies]. Details - ImportResultOutputID=cf53cb1c8f63468a861527c4bb470991 DependenciesID=7d77b5e9fe754698ef1729636c2edc2b StaticDependenciesID=54796b178d1ac5560e8bbc383702abfe 
Number of updated asset objects reloaded before import = 0Number of asset objects unloaded after import = 1

========================================================================
Received Import Request.
  Time since last request: 0.000016 seconds.
  path: Assets/Bundles/Themes/Default/Urban/UrbanBrickWalls03.prefab
  importAddress: Guid(627ea187cfa7b524482f0725ce9ffafe) Importer(2089858483,b0f066a214c2f5e87bad3c948f4d605d)
Start importing Assets/Bundles/Themes/Default/Urban/UrbanBrickWalls03.prefab using Guid(627ea187cfa7b524482f0725ce9ffafe) Importer(2089858483,b0f066a214c2f5e87bad3c948f4d605d) (ScriptedImporter) -> (Import Result ID: '433c0aaad22fbb8e6cd2366fb1d6f54f') in 0.0126385 seconds [static and dynamic dependencies]. Details - ImportResultOutputID=9e680138314e8bb4744e40370e757b97 DependenciesID=a7f3996615d286d8e43e987fecef9883 StaticDependenciesID=d5d53de939d5694864d2ecadf6635f27 
Number of updated asset objects reloaded before import = 0Number of asset objects unloaded after import = 42

========================================================================
Received Import Request.
  Time since last request: 0.000016 seconds.
  path: Assets/Models/NightTime/SkyNight.fbx
  importAddress: Guid(fc2e45f7433c13741aaad00729ca807f) Importer(2089858483,b0f066a214c2f5e87bad3c948f4d605d)
Start importing Assets/Models/NightTime/SkyNight.fbx using Guid(fc2e45f7433c13741aaad00729ca807f) Importer(2089858483,b0f066a214c2f5e87bad3c948f4d605d) (ScriptedImporter) -> (Import Result ID: '2c4e462f6635edf4ccec03a040f8c176') in 0.0125221 seconds [static and dynamic dependencies]. Details - ImportResultOutputID=dc2dc3018a0b5aadc29d3cb16a638a86 DependenciesID=b3a1fb57ba88dd9883717e52045073cd StaticDependenciesID=43b295bcee46a4c7a7d2853d0e8f8ef9 
Number of updated asset objects reloaded before import = 0Number of asset objects unloaded after import = 8

========================================================================
Received Import Request.
  Time since last request: 0.000023 seconds.
  path: Assets/StarterAssets/ThirdPersonController/Scenes/Playground/ReflectionProbe-1.exr
  importAddress: Guid(1b8a4de7469ad774c80dd6678d94e6b9) Importer(2089858483,b0f066a214c2f5e87bad3c948f4d605d)
Start importing Assets/StarterAssets/ThirdPersonController/Scenes/Playground/ReflectionProbe-1.exr using Guid(1b8a4de7469ad774c80dd6678d94e6b9) Importer(2089858483,b0f066a214c2f5e87bad3c948f4d605d) (ScriptedImporter) -> (Import Result ID: '129936e74210eb7b349bdff6509e6832') in 0.0103794 seconds [static and dynamic dependencies]. Details - ImportResultOutputID=c168bd9113bf99d450de325fea72debf DependenciesID=aec2c1b95c2a5df10811d4301437ec05 StaticDependenciesID=39392ff53ee1adb0da97001eb893050d 
Number of updated asset objects reloaded before import = 0Number of asset objects unloaded after import = 1

========================================================================
Received Import Request.
  Time since last request: 0.000066 seconds.
  path: Assets/StarterAssets/ThirdPersonController/Scenes/Playground/ReflectionProbe-0.exr
  importAddress: Guid(b65762d7243eb714e903b585ed68a576) Importer(2089858483,b0f066a214c2f5e87bad3c948f4d605d)
Start importing Assets/StarterAssets/ThirdPersonController/Scenes/Playground/ReflectionProbe-0.exr using Guid(b65762d7243eb714e903b585ed68a576) Importer(2089858483,b0f066a214c2f5e87bad3c948f4d605d) (ScriptedImporter) -> (Import Result ID: '59186fe93cdf349486a91423c2994808') in 0.0088615 seconds [static and dynamic dependencies]. Details - ImportResultOutputID=3333bd6017021d307b8aba80a65e1581 DependenciesID=bf3785652a5d7b78fab8c8d0b48a3ea2 StaticDependenciesID=bd4129bbb67a7da9923e4ac917b41917 
Number of updated asset objects reloaded before import = 0Number of asset objects unloaded after import = 1

========================================================================
Received Import Request.
  Time since last request: 0.000061 seconds.
  path: Assets/Animation/Tutorial/slideAnimationDown.anim
  importAddress: Guid(f1690e43874cf4c4291ca574380acc32) Importer(2089858483,b0f066a214c2f5e87bad3c948f4d605d)
Start importing Assets/Animation/Tutorial/slideAnimationDown.anim using Guid(f1690e43874cf4c4291ca574380acc32) Importer(2089858483,b0f066a214c2f5e87bad3c948f4d605d) (ScriptedImporter) -> (Import Result ID: 'cd66844feb1e06c1d2b0261503e24c6c') in 0.0049756 seconds [static and dynamic dependencies]. Details - ImportResultOutputID=15f94ee788df35e3568a9643b3deeee2 DependenciesID=ba5165479ae820de893b7ac629bbc63f StaticDependenciesID=bbfc14acaec41ca08df7314ed9eb036e 
Number of updated asset objects reloaded before import = 0Number of asset objects unloaded after import = 1

========================================================================
Received Import Request.
  Time since last request: 0.000038 seconds.
  path: Assets/Models/Daytime/Cloud01.fbx
  importAddress: Guid(f04f128ee146c7047a6a4a0ccc4a1bdc) Importer(2089858483,b0f066a214c2f5e87bad3c948f4d605d)
Start importing Assets/Models/Daytime/Cloud01.fbx using Guid(f04f128ee146c7047a6a4a0ccc4a1bdc) Importer(2089858483,b0f066a214c2f5e87bad3c948f4d605d) (ScriptedImporter) -> (Import Result ID: '1389744ca9048280a44a3785929fe67f') in 0.0147678 seconds [static and dynamic dependencies]. Details - ImportResultOutputID=ce164ac665049c034989dba44424e0fc DependenciesID=548a3b54a68ffb5c9f4555d9b201f4d3 StaticDependenciesID=b22a211ba03d802d4497d4adc6bb52bf 
Number of updated asset objects reloaded before import = 0Number of asset objects unloaded after import = 9

========================================================================
Received Import Request.
  Time since last request: 0.000022 seconds.
  path: Assets/AddressableAssetsData/AssetGroups/Default-Sky.asset
  importAddress: Guid(29cf561e1871fa543adc83369c628ce2) Importer(2089858483,b0f066a214c2f5e87bad3c948f4d605d)
Start importing Assets/AddressableAssetsData/AssetGroups/Default-Sky.asset using Guid(29cf561e1871fa543adc83369c628ce2) Importer(2089858483,b0f066a214c2f5e87bad3c948f4d605d) (ScriptedImporter) -> (Import Result ID: '7e7109a403a20db48c88c4d5b493bc84') in 0.0038088 seconds [static and dynamic dependencies]. Details - ImportResultOutputID=97498110d96db81e7342e9a419de099a DependenciesID=c0668b37946568991b2df34e7de88ed7 StaticDependenciesID=f017c8ebc7f95b318aedefaeea3ea3f1 
Number of updated asset objects reloaded before import = 0Number of asset objects unloaded after import = 1

========================================================================
Received Import Request.
  Time since last request: 0.000020 seconds.
  path: Assets/Models/Daytime/Sky.fbx
  importAddress: Guid(0fd40b0b70fef064c9b7e20779b1f8ec) Importer(2089858483,b0f066a214c2f5e87bad3c948f4d605d)
Start importing Assets/Models/Daytime/Sky.fbx using Guid(0fd40b0b70fef064c9b7e20779b1f8ec) Importer(2089858483,b0f066a214c2f5e87bad3c948f4d605d) (ScriptedImporter) -> (Import Result ID: 'c96c29d7bee3308088a2c9e59eb24cbb') in 0.0092332 seconds [static and dynamic dependencies]. Details - ImportResultOutputID=d7938dee8134fc102d6baf6da3abe69e DependenciesID=0b3925a0f1797946bfaa4cf4c6ba9eb9 StaticDependenciesID=b3d48a2a64fe16e0270cdd74f67b985c 
Number of updated asset objects reloaded before import = 0Number of asset objects unloaded after import = 8

========================================================================
Received Import Request.
  Time since last request: 0.000016 seconds.
  path: Assets/mokrane/Animations/Mokrane_Walking.fbx
  importAddress: Guid(e962547cff1da4a45badfa558df2855e) Importer(2089858483,b0f066a214c2f5e87bad3c948f4d605d)
Start importing Assets/mokrane/Animations/Mokrane_Walking.fbx using Guid(e962547cff1da4a45badfa558df2855e) Importer(2089858483,b0f066a214c2f5e87bad3c948f4d605d) (ScriptedImporter) -> (Import Result ID: '5a8231d767b16895a2afa98c5389bec3') in 0.0118199 seconds [static and dynamic dependencies]. Details - ImportResultOutputID=32a4521ba50819909383bf14129b421c DependenciesID=addce02fa340173344f95482950dca73 StaticDependenciesID=6a9d71283c4e9664793670dfd52e4281 
Number of updated asset objects reloaded before import = 0Number of asset objects unloaded after import = 137

========================================================================
Received Import Request.
  Time since last request: 0.000022 seconds.
  path: Assets/TextMesh Pro/Examples & Extras/Fonts/Electronic Highway Sign.TTF
  importAddress: Guid(8a2b9e2a607dd2143b58c44bc32410b4) Importer(2089858483,b0f066a214c2f5e87bad3c948f4d605d)
Start importing Assets/TextMesh Pro/Examples & Extras/Fonts/Electronic Highway Sign.TTF using Guid(8a2b9e2a607dd2143b58c44bc32410b4) Importer(2089858483,b0f066a214c2f5e87bad3c948f4d605d) (ScriptedImporter) -> (Import Result ID: '744eade34194d81ac29aa9044cb71514') in 0.0085149 seconds [static and dynamic dependencies]. Details - ImportResultOutputID=3f9fcf065e1775e9d9f5dfa7ca1e24f8 DependenciesID=2c712c4cc6bb86c94c714d8f30eebe9a StaticDependenciesID=3d129efdb76da888b9de9110c0cf39b9 
Number of updated asset objects reloaded before import = 0Number of asset objects unloaded after import = 3

========================================================================
Received Import Request.
  Time since last request: 0.000078 seconds.
  path: Assets/Animation/Animators/Fishbone.controller
  importAddress: Guid(420ad091cd27d6649b82cb61b4e1e804) Importer(2089858483,b0f066a214c2f5e87bad3c948f4d605d)
Start importing Assets/Animation/Animators/Fishbone.controller using Guid(420ad091cd27d6649b82cb61b4e1e804) Importer(2089858483,b0f066a214c2f5e87bad3c948f4d605d) (ScriptedImporter) -> (Import Result ID: '118140265dfe17f2fd5d3f16c30c3b40') in 0.0045682 seconds [static and dynamic dependencies]. Details - ImportResultOutputID=fb74dbaa68bada10cd3c0dc60a02c5bc DependenciesID=21f82b84bf6b55a1242e2b8e727902c7 StaticDependenciesID=56cb184e533e390ee843958080a273e5 
Number of updated asset objects reloaded before import = 0Number of asset objects unloaded after import = 4

========================================================================
Received Import Request.
  Time since last request: 0.000021 seconds.
  path: Assets/Textures/Graffiti/Graffiti07.png
  importAddress: Guid(913d0a2c575c9bf42b172000a39bcfc0) Importer(2089858483,b0f066a214c2f5e87bad3c948f4d605d)
Start importing Assets/Textures/Graffiti/Graffiti07.png using Guid(913d0a2c575c9bf42b172000a39bcfc0) Importer(2089858483,b0f066a214c2f5e87bad3c948f4d605d) (ScriptedImporter) -> (Import Result ID: '88b576e3fe3d9f174a5ee0f6baec5cab') in 0.0087253 seconds [static and dynamic dependencies]. Details - ImportResultOutputID=8ab8f412ca676266da87e0676b9b4766 DependenciesID=b3845e305585ff4736501ecce7fa5f28 StaticDependenciesID=e681e461cdb26e804cfe434e18b8d584 
Number of updated asset objects reloaded before import = 0Number of asset objects unloaded after import = 3

========================================================================
Received Import Request.
  Time since last request: 0.000018 seconds.
  path: Assets/Scripts/Characters/RandomAnimation.cs
  importAddress: Guid(92346bfd13418574799dcdae1ea13a4e) Importer(2089858483,b0f066a214c2f5e87bad3c948f4d605d)
Start importing Assets/Scripts/Characters/RandomAnimation.cs using Guid(92346bfd13418574799dcdae1ea13a4e) Importer(2089858483,b0f066a214c2f5e87bad3c948f4d605d) (ScriptedImporter) -> (Import Result ID: '089c8eac867cf9c6a270ab33ba6a8479') in 0.003022 seconds [static and dynamic dependencies]. Details - ImportResultOutputID=6c13ae6c637418cb395b0a50d303d372 DependenciesID=df2c35593bf2c20edcf45e4a9ee8cd66 StaticDependenciesID=486f41204ee54f2ae52ce6c9ecf88245 
Number of updated asset objects reloaded before import = 0Number of asset objects unloaded after import = 0

========================================================================
Received Import Request.
  Time since last request: 0.000030 seconds.
  path: Assets/AddressableAssetsData/AssetGroupTemplates/Packed Assets.asset
  importAddress: Guid(11229673ec6cea44facba91b6ff14f06) Importer(2089858483,b0f066a214c2f5e87bad3c948f4d605d)
Start importing Assets/AddressableAssetsData/AssetGroupTemplates/Packed Assets.asset using Guid(11229673ec6cea44facba91b6ff14f06) Importer(2089858483,b0f066a214c2f5e87bad3c948f4d605d) (ScriptedImporter) -> (Import Result ID: 'bdedf690e6fa0dfd18c07bd519002e36') in 0.0039648 seconds [static and dynamic dependencies]. Details - ImportResultOutputID=e28bc8b5ca60e9cb93bf13ac168c1250 DependenciesID=c3a361d01a1fa7a3babe66b583e62242 StaticDependenciesID=fd0e3d6fe905506fe14155a56a26a61b 
Number of updated asset objects reloaded before import = 0Number of asset objects unloaded after import = 1

========================================================================
Received Import Request.
  Time since last request: 0.000059 seconds.
  path: Assets/ALP_Assets/country house01/Textures/glass_S.tga
  importAddress: Guid(f7dc75b80319a6c4f8f3a3bea9c35f72) Importer(2089858483,b0f066a214c2f5e87bad3c948f4d605d)
Start importing Assets/ALP_Assets/country house01/Textures/glass_S.tga using Guid(f7dc75b80319a6c4f8f3a3bea9c35f72) Importer(2089858483,b0f066a214c2f5e87bad3c948f4d605d) (ScriptedImporter) -> (Import Result ID: '6479343bd506baa256c82a87b28e5056') in 0.0100869 seconds [static and dynamic dependencies]. Details - ImportResultOutputID=7f010edeaa96d089609c595f946e88ef DependenciesID=bb06776643297ffa238b509809f3c6e8 StaticDependenciesID=a3064ec4486af394b9edd126835125b6 
Number of updated asset objects reloaded before import = 0Number of asset objects unloaded after import = 1

========================================================================
Received Import Request.
  Time since last request: 63.239281 seconds.
  path: Assets/Scenes/Start/ReflectionProbe-0.exr
  importAddress: Guid(05a158d31f80f9f419014810e03c30ca) Importer(815301076,1909f56bfc062723c751e8b465ee728b)
Start importing Assets/Scenes/Start/ReflectionProbe-0.exr using Guid(05a158d31f80f9f419014810e03c30ca) Importer(815301076,1909f56bfc062723c751e8b465ee728b) (PreviewImporter) -> (Import Result ID: '5b3a2273e02bcfcdb0768515feb9c3b4') in 0.0610606 seconds [static and dynamic dependencies]. Details - ImportResultOutputID=532d2cbf70f6964bca80ab52b8f28e0d DependenciesID=1b9ecdd49b897c2ca7483385e2f60c2f StaticDependenciesID=944c7867ce7582dd1976b7d44c6ada96 
Number of updated asset objects reloaded before import = 0Number of asset objects unloaded after import = 1

