[Licensing::Module] Trying to connect to existing licensing client channel...
Built from '6000.4/staging' branch; Version is '6000.4.1f1 (8535861f39e1) revision 8729990'; Using compiler version '194234433'; Build Type 'Release'
[Licensing::IpcConnector] Successfully connected to: "LicenseClient-Dell" at "2026-04-29T23:38:41.2718594Z"
OS: 'Windows 11  (10.0.26200) Professional' Language: 'fr' Physical Memory: 15761 MB
BatchMode: 1, IsHumanControllingUs: 0, StartBugReporterOnCrash: 0, Is64bit: 1
System  architecture: x64
Process architecture: x64
Date: 2026-04-29T23:38:41Z

COMMAND LINE ARGUMENTS:
C:\Program Files\Unity\Hub\Editor\6000.4.1f1\Editor\Unity.exe
-adb2
-batchMode
-noUpm
-name
AssetImportWorker0
-projectPath
C:/Users/Dell/OneDrive/Bureau/My project/Assets
-logFile
Logs/AssetImportWorker0.log
-srvPort
57141
-force-d3d12
-job-worker-count
3
-background-job-worker-count
8
-gc-helper-count
1
-name
AssetImport
Successfully changed project path to: C:/Users/Dell/OneDrive/Bureau/My project/Assets
C:/Users/Dell/OneDrive/Bureau/My project/Assets
[UnityMemory] Configuration Parameters - Can be set up in boot.config
    "memorysetup-temp-allocator-size-gi-baking-worker=262144"
    "memorysetup-temp-allocator-size-gi-baking-worker=262144"
    "memorysetup-temp-allocator-size-gi-baking-worker=262144"
    "memorysetup-temp-allocator-size-gi-baking-worker=262144"
    "memorysetup-temp-allocator-size-gi-baking-worker=262144"
    "memorysetup-temp-allocator-size-nav-mesh-worker=65536"
    "memorysetup-temp-allocator-size-audio-worker=65536"
    "memorysetup-temp-allocator-size-cloud-worker=32768"
    "memorysetup-temp-allocator-size-gfx=262144"
    "memorysetup-temp-allocator-size-preload-manager=33554432"
    "memorysetup-temp-allocator-size-job-worker=262144"
    "memorysetup-temp-allocator-size-background-worker=32768"
    "memorysetup-allocator-temp-initial-block-size-main=262144"
    "memorysetup-allocator-temp-initial-block-size-worker=262144"
    "memorysetup-bucket-allocator-granularity=16"
    "memorysetup-bucket-allocator-bucket-count=8"
    "memorysetup-bucket-allocator-block-size=33554432"
    "memorysetup-bucket-allocator-block-count=8"
    "memorysetup-main-allocator-block-size=16777216"
    "memorysetup-thread-allocator-block-size=16777216"
    "memorysetup-gfx-main-allocator-block-size=16777216"
    "memorysetup-gfx-thread-allocator-block-size=16777216"
    "memorysetup-cache-allocator-block-size=4194304"
    "memorysetup-typetree-allocator-block-size=2097152"
    "memorysetup-profiler-bucket-allocator-granularity=16"
    "memorysetup-profiler-bucket-allocator-bucket-count=8"
    "memorysetup-profiler-bucket-allocator-block-size=33554432"
    "memorysetup-profiler-bucket-allocator-block-count=8"
    "memorysetup-profiler-allocator-block-size=16777216"
    "memorysetup-profiler-editor-allocator-block-size=1048576"
    "memorysetup-temp-allocator-size-main=16777216"
    "memorysetup-job-temp-allocator-block-size=2097152"
    "memorysetup-job-temp-allocator-block-size-background=1048576"
    "memorysetup-job-temp-allocator-reduction-small-platforms=262144"
Player connection [26296]  Target information:

Player connection [26296]  * "[IP] 192.168.100.13 [Port] 0 [Flags] 2 [Guid] 43261770 [EditorId] 43261770 [Version] 1048832 [Id] WindowsEditor(7,DESKTOP-3PC42NO) [Debug] 1 [PackageName] WindowsEditor [ProjectName] Editor" 

Player connection [26296] Host joined multi-casting on [225.0.0.222:54997]...
Player connection [26296] Host joined alternative multi-casting on [225.0.0.222:34997]...
JobSystem: Creating JobQueue using job-worker-count value 3
Input System module state changed to: Initialized.
[Physics::Module] Initialized fallback backend.
[Physics::Module] Id: 0xdecafbad
Library Redirect Path: Library/
[Physics::Module] Selected backend.
[Physics::Module] Name: PhysX
[Physics::Module] Id: 0xf2b8ea05
[Physics::Module] SDK Version: 4.1.2
[Physics::Module] Integration Version: 1.0.0
[Physics::Module] Threading Mode: Multi-Threaded
Initialize engine version: 6000.4.1f1 (8535861f39e1)
[Subsystems] Discovering subsystems at path C:/Program Files/Unity/Hub/Editor/6000.4.1f1/Editor/Data/Resources/UnitySubsystems
[Subsystems] Discovering subsystems at path C:/Users/Dell/OneDrive/Bureau/My project/Assets/Assets
Forcing GfxDevice: Direct3D 12
GfxDevice: creating device client; kGfxThreadingModeNonThreaded
d3d12: failed to query info queue interface (0x80004002).
Direct3D:
    Version:         Direct3D 12 [level 12.1]
    Renderer:        Intel(R) Iris(R) Xe Graphics (ID=0x9a49)
    Vendor:          Intel
    VRAM:            7880 MB
    App VRAM Budget: 7230 MB
    Driver:          32.0.101.7080
    Unified Memory Architecture
    Cache Coherent UMA
Shader 'TextMeshPro/Distance Field': fallback shader 'TextMeshPro/Mobile/Distance Field' not found
Shader 'TextMeshPro/Distance Field SSD': fallback shader 'TextMeshPro/Mobile/Distance Field' not found
Shader 'TextMeshPro/Distance Field Overlay': fallback shader 'TextMeshPro/Mobile/Distance Field' not found
Initialize mono
Mono path[0] = 'C:/Program Files/Unity/Hub/Editor/6000.4.1f1/Editor/Data/Managed'
Mono path[1] = 'C:/Program Files/Unity/Hub/Editor/6000.4.1f1/Editor/Data/MonoBleedingEdge/lib/mono/unityjit-win32'
Mono config path = 'C:/Program Files/Unity/Hub/Editor/6000.4.1f1/Editor/Data/MonoBleedingEdge/etc'
Using monoOptions --debugger-agent=transport=dt_socket,embedding=1,server=y,suspend=n,address=127.0.0.1:56164
CodeReloadManager initialized
Begin MonoManager ReloadAssembly
Registering precompiled unity dll's ...
Register platform support module: C:/Program Files/Unity/Hub/Editor/6000.4.1f1/Editor/Data/PlaybackEngines/WebGLSupport/UnityEditor.WebGL.Extensions.dll
Register platform support module: C:/Program Files/Unity/Hub/Editor/6000.4.1f1/Editor/Data/PlaybackEngines/WindowsStandaloneSupport/UnityEditor.WindowsStandalone.Extensions.dll
Registered in 0.004456 seconds.
[Licensing::Client] Handshaking with LicensingClient:
  Version:                 1.18.1+9fbee8e
  Session Id:              a07632c9c49349548c43355cffa51454
  Correlation Id:          09d3e01cd008328d64c80fff62c95d4f
  External correlation Id: 8397610195423487654
  Machine Id:              xKbzxSdpglpEtl15dAti4x7eZyg=
[Licensing::Module] Successfully connected to LicensingClient on channel: "LicenseClient-Dell" (connect: 0.00s, validation: 0.00s, handshake: 1.89s)
[Licensing::IpcConnector] Successfully connected to: "LicenseClient-Dell-notifications" at "2026-04-29T23:38:43.1639095Z"
[Licensing::Module] Licensing Background thread has ended after 1.89s
Native extension for WindowsStandalone target not found
Native extension for WebGL target not found
Package Manager log level set to [2]
[Package Manager] Failed to launch server process. Reason: Unity was launched with the -noUpm command-line argument
[Package Manager] Unable to send message (not connected to server process).
[Package Manager] Cannot connect to Unity Package Manager local server
ScheduleIndexationOnStartup MainProcess:False IndexOnStartup:True
Mono: successfully reloaded assembly
- Finished resetting the current domain, in  0.673 seconds
Domain Reload Profiling: 1589ms
	BeginReloadAssembly (317ms)
	RebuildCommonClasses (71ms)
	RebuildNativeTypeToScriptingClass (59ms)
	initialDomainReloadingComplete (128ms)
	LoadAllAssembliesAndSetupDomain (337ms)
		LoadAssemblies (310ms)
		AnalyzeDomain (322ms)
			TypeCache.Refresh (319ms)
				TypeCache.ScanAssembly (296ms)
	FinalizeReload (676ms)
		SetupLoadedEditorAssemblies (0ms)
			InitializePlatformSupportModulesInManaged (92ms)
			BeforeProcessingInitializeOnLoad (156ms)
			ProcessInitializeOnLoadAttributes (177ms)
			ProcessInitializeOnLoadMethodAttributes (137ms)
========================================================================
Worker process is ready to serve import requests
Import Worker Mode flag is 0x00
Begin MonoManager ReloadAssembly
[Licensing::Client] Successfully resolved entitlement details
[Licensing::Module] License group:
  Id: 11270658791115-UnityPersXXXX
  Product: Unity Personal
  Type: Assigned
  Expiration: Unlimited
Assembly Assembly-CSharp-Editor-firstpass.dll at Library/ScriptAssemblies/Assembly-CSharp-Editor-firstpass.dll not valid. Loading of assembly skipped.
Assembly Assembly-CSharp-Editor.dll at Library/ScriptAssemblies/Assembly-CSharp-Editor.dll not valid. Loading of assembly skipped.
Assembly Assembly-CSharp-firstpass.dll at Library/ScriptAssemblies/Assembly-CSharp-firstpass.dll not valid. Loading of assembly skipped.
Assembly Assembly-CSharp.dll at Library/ScriptAssemblies/Assembly-CSharp.dll not valid. Loading of assembly skipped.
Assembly Unity.Multiplayer.Center.Editor.Tests.dll at Library/ScriptAssemblies/Unity.Multiplayer.Center.Editor.Tests.dll not valid. Loading of assembly skipped.
Assembly Unity.Multiplayer.Center.Tests.dll at Library/ScriptAssemblies/Unity.Multiplayer.Center.Tests.dll not valid. Loading of assembly skipped.
Native extension for WindowsStandalone target not found
Native extension for WebGL target not found
[Package Manager] Failed to launch server process. Reason: Unity was launched with the -noUpm command-line argument
[Package Manager] Unable to send message (not connected to server process).
[Package Manager] Cannot connect to Unity Package Manager local server
ScheduleIndexationOnStartup MainProcess:False IndexOnStartup:True
Mono: successfully reloaded assembly
- Finished resetting the current domain, in  0.653 seconds
Domain Reload Profiling: 1339ms
	BeginReloadAssembly (311ms)
		DisableScriptedObjects (7ms)
		CreateAndSetChildDomain (43ms)
	RebuildCommonClasses (65ms)
	RebuildNativeTypeToScriptingClass (22ms)
	initialDomainReloadingComplete (82ms)
	LoadAllAssembliesAndSetupDomain (207ms)
		LoadAssemblies (365ms)
		AnalyzeDomain (21ms)
			TypeCache.Refresh (17ms)
				TypeCache.ScanAssembly (8ms)
	FinalizeReload (654ms)
		SetupLoadedEditorAssemblies (0ms)
			InitializePlatformSupportModulesInManaged (3ms)
			BeforeProcessingInitializeOnLoad (149ms)
			ProcessInitializeOnLoadAttributes (220ms)
			ProcessInitializeOnLoadMethodAttributes (62ms)
			AfterProcessingInitializeOnLoad (10ms)
		AwakeInstancesAfterBackupRestoration (12ms)
Launched and connected shader compiler UnityShaderCompiler.exe after 0.02 seconds
Unloading 0 Unused Serialized files (Serialized files now loaded: 0)
Unloading 181 unused Assets / (36.4 KB). Loaded Objects now: 809.
Memory consumption went from 67.2 MB to 67.2 MB.
Total: 6.871800 ms (FindLiveObjects: 0.107000 ms CreateObjectMapping: 0.019900 ms MarkObjects: 6.537700 ms  DeleteObjects: 0.202500 ms)

========================================================================
Received Import Request.
  Time since last request: 4293.756073 seconds.
  path: Assets/AddressableAssetsData/DefaultObject.asset
  importAddress: Guid(b326c184dbebf6b4e8e5be689c39d470) Importer(2089858483,b0f066a214c2f5e87bad3c948f4d605d)
Start importing Assets/AddressableAssetsData/DefaultObject.asset using Guid(b326c184dbebf6b4e8e5be689c39d470) Importer(2089858483,b0f066a214c2f5e87bad3c948f4d605d) (ScriptedImporter) -> (Import Result ID: '94a3b380fac722d7403748a83f2e30aa') in 0.0725808 seconds [static and dynamic dependencies]. Details - ImportResultOutputID=680650b1ab226346615cde2b61892d3b DependenciesID=15987106bf6fc0ee10823f8c21c20244 StaticDependenciesID=81b026fc51763c1d29ba2f0567596694 
Number of updated asset objects reloaded before import = 0Number of asset objects unloaded after import = 1

========================================================================
Received Import Request.
  Time since last request: 0.000024 seconds.
  path: Assets/Materials/Grass.mat
  importAddress: Guid(b377babdac9686b4690150883dbaedca) Importer(2089858483,b0f066a214c2f5e87bad3c948f4d605d)
Start importing Assets/Materials/Grass.mat using Guid(b377babdac9686b4690150883dbaedca) Importer(2089858483,b0f066a214c2f5e87bad3c948f4d605d) (ScriptedImporter) -> (Import Result ID: '1d96a4df4af21116d17c843330ea4ee8') in 0.0585679 seconds [static and dynamic dependencies]. Details - ImportResultOutputID=4cb2193e0ec3f28a5a4066e1d85f063c DependenciesID=577d28040c91f27666b0ec2bced9c6bf StaticDependenciesID=3d73221f345f6e04071658cf9ecb3652 
Number of updated asset objects reloaded before import = 0Number of asset objects unloaded after import = 2

========================================================================
Received Import Request.
  Time since last request: 0.000037 seconds.
  path: Assets/Materials/ConstructionGear.mat
  importAddress: Guid(46634ac69176c504294d6187d01ffcba) Importer(2089858483,b0f066a214c2f5e87bad3c948f4d605d)
Start importing Assets/Materials/ConstructionGear.mat using Guid(46634ac69176c504294d6187d01ffcba) Importer(2089858483,b0f066a214c2f5e87bad3c948f4d605d) (ScriptedImporter) -> (Import Result ID: '1893f69752050c81061e3522c51ada2a') in 0.0107068 seconds [static and dynamic dependencies]. Details - ImportResultOutputID=13dfbc10e684f3cba0342a6c2b2ded1c DependenciesID=5963e4bcdab55de0a9e888f71bb679fe StaticDependenciesID=12c3553db8229f406d376a231d8f90e4 
Number of updated asset objects reloaded before import = 0Number of asset objects unloaded after import = 2

========================================================================
Received Import Request.
  Time since last request: 0.000023 seconds.
  path: Assets/Animation/Cat_Idle1.fbx
  importAddress: Guid(f7d19891501c4cb4987d62dadf321c29) Importer(2089858483,b0f066a214c2f5e87bad3c948f4d605d)
Start importing Assets/Animation/Cat_Idle1.fbx using Guid(f7d19891501c4cb4987d62dadf321c29) Importer(2089858483,b0f066a214c2f5e87bad3c948f4d605d) (ScriptedImporter) -> (Import Result ID: '4793cc1978a75840abed0142fbdc40bc') in 0.0748259 seconds [static and dynamic dependencies]. Details - ImportResultOutputID=9fcf866f73c1b89f19de1e866f8b2be6 DependenciesID=cdb40db6783a4271d3a8839ec104d741 StaticDependenciesID=a987ae7ae8ab116ad54c75bbba9ecfe7 
Number of updated asset objects reloaded before import = 0Number of asset objects unloaded after import = 99

========================================================================
Received Import Request.
  Time since last request: 0.000024 seconds.
  path: Assets/Animation/KO.anim
  importAddress: Guid(3ce4a1fa05befd54f85bfa2e9043bfee) Importer(2089858483,b0f066a214c2f5e87bad3c948f4d605d)
Start importing Assets/Animation/KO.anim using Guid(3ce4a1fa05befd54f85bfa2e9043bfee) Importer(2089858483,b0f066a214c2f5e87bad3c948f4d605d) (ScriptedImporter) -> (Import Result ID: 'c29ef0706b5fa57810a8c6e334c75395') in 0.0095051 seconds [static and dynamic dependencies]. Details - ImportResultOutputID=16a85ad7d4afc1e9a87827bdf97f6b3b DependenciesID=56cc1d15c5026fdfce46d5ba6b1bbcbb StaticDependenciesID=831c7f1ae4e354bc2a2ca27a24f3fb20 
Number of updated asset objects reloaded before import = 0Number of asset objects unloaded after import = 1

========================================================================
Received Import Request.
  Time since last request: 0.000063 seconds.
  path: Assets/RenderingPipeline.asset
  importAddress: Guid(ccdbdba252991284fa9a2e2dc349537d) Importer(2089858483,b0f066a214c2f5e87bad3c948f4d605d)
Start importing Assets/RenderingPipeline.asset using Guid(ccdbdba252991284fa9a2e2dc349537d) Importer(2089858483,b0f066a214c2f5e87bad3c948f4d605d) (ScriptedImporter) -> (Import Result ID: '5abee50aa7ca8890458e9bb760de35a2') in 0.0041966 seconds [static and dynamic dependencies]. Details - ImportResultOutputID=468d06003bcc0186340f5caa25844313 DependenciesID=f7bc9a8c2d1f13035fec7bf5cfceac4b StaticDependenciesID=b99fa8a606c1b5686621cb23f3fbb4e4 
Number of updated asset objects reloaded before import = 0Number of asset objects unloaded after import = 1

========================================================================
Received Import Request.
  Time since last request: 0.000150 seconds.
  path: Assets/Animation/Cat_HitHighWall.fbx
  importAddress: Guid(f98d5050f70fc7f479df8195dac6cdc1) Importer(2089858483,b0f066a214c2f5e87bad3c948f4d605d)
Start importing Assets/Animation/Cat_HitHighWall.fbx using Guid(f98d5050f70fc7f479df8195dac6cdc1) Importer(2089858483,b0f066a214c2f5e87bad3c948f4d605d) (ScriptedImporter) -> (Import Result ID: '86d9b848a0a5e37ca26261ad1b09b5b1') in 0.0202081 seconds [static and dynamic dependencies]. Details - ImportResultOutputID=1aad7e9ff9299d084a960fff553f7161 DependenciesID=7dcd38a18f95462973929047b13010b3 StaticDependenciesID=32657484c077835c2deed9ca529703a0 
Number of updated asset objects reloaded before import = 0Number of asset objects unloaded after import = 99

========================================================================
Received Import Request.
  Time since last request: 0.000076 seconds.
  path: Assets/Materials/BinNight.mat
  importAddress: Guid(f032c1b912f07aa499bc86208c214db8) Importer(2089858483,b0f066a214c2f5e87bad3c948f4d605d)
Start importing Assets/Materials/BinNight.mat using Guid(f032c1b912f07aa499bc86208c214db8) Importer(2089858483,b0f066a214c2f5e87bad3c948f4d605d) (ScriptedImporter) -> (Import Result ID: '804fd51f87326fd230b2519051e55c35') in 0.0115104 seconds [static and dynamic dependencies]. Details - ImportResultOutputID=07ec9cb3173c46fc704be3a06551e7b8 DependenciesID=c49b386c6452a7bb3b4bfe881412511a StaticDependenciesID=beb33c842fbb6ee7ce3ac71551529ddc 
Number of updated asset objects reloaded before import = 0Number of asset objects unloaded after import = 2

========================================================================
Received Import Request.
  Time since last request: 0.000035 seconds.
  path: Assets/Animation/Dog_Run.fbx
  importAddress: Guid(61d4460f2263ab949964c65bf9dbfb8e) Importer(2089858483,b0f066a214c2f5e87bad3c948f4d605d)
Start importing Assets/Animation/Dog_Run.fbx using Guid(61d4460f2263ab949964c65bf9dbfb8e) Importer(2089858483,b0f066a214c2f5e87bad3c948f4d605d) (ScriptedImporter)MaterialLocation.External is obsolete. External Material Location is no longer supported. (Assets/Animation/Dog_Run.fbx)
 -> (Import Result ID: 'b7fdc7ad38b44554e7d61313cd786440') in 0.0185185 seconds [static and dynamic dependencies]. Details - ImportResultOutputID=0abfe7c4e46731966f34aeb05891624f DependenciesID=236ed2d504b81b76bd32985ca72d2af5 StaticDependenciesID=e8e196762361c8b6010761ae47845d8c 
Number of updated asset objects reloaded before import = 0Number of asset objects unloaded after import = 87

========================================================================
Received Import Request.
  Time since last request: 0.000069 seconds.
  path: Assets/Materials/LightPool.mat
  importAddress: Guid(58fe4014eb2279041837044e643ef98f) Importer(2089858483,b0f066a214c2f5e87bad3c948f4d605d)
Start importing Assets/Materials/LightPool.mat using Guid(58fe4014eb2279041837044e643ef98f) Importer(2089858483,b0f066a214c2f5e87bad3c948f4d605d) (ScriptedImporter) -> (Import Result ID: '1fc18f59027e60d36da10736425befce') in 0.0091496 seconds [static and dynamic dependencies]. Details - ImportResultOutputID=a1dffb1e5a0a2aca300052e74e9df702 DependenciesID=8c9aa92d8e00b8e4ca42125d2476106f StaticDependenciesID=98af6615e0e5eb21c6929e06f41702ef 
Number of updated asset objects reloaded before import = 0Number of asset objects unloaded after import = 2

========================================================================
Received Import Request.
  Time since last request: 0.000023 seconds.
  path: Assets/Materials/BackgroundCircle.mat
  importAddress: Guid(d34289ce016bed842aedd82ddadb5e50) Importer(2089858483,b0f066a214c2f5e87bad3c948f4d605d)
Start importing Assets/Materials/BackgroundCircle.mat using Guid(d34289ce016bed842aedd82ddadb5e50) Importer(2089858483,b0f066a214c2f5e87bad3c948f4d605d) (ScriptedImporter) -> (Import Result ID: '97f721a9abe20d55d8a0338ab73a867a') in 0.0068126 seconds [static and dynamic dependencies]. Details - ImportResultOutputID=dc69664c1df9ed2b8b448b3944a8e227 DependenciesID=27ceec5c4b4ca0a95a20e72c1715aa64 StaticDependenciesID=fd60f731bf9d233bc98c1b582852e9dd 
Number of updated asset objects reloaded before import = 0Number of asset objects unloaded after import = 1

========================================================================
Received Import Request.
  Time since last request: 0.000027 seconds.
  path: Assets/back.png
  importAddress: Guid(b06b00b8252d5a54298e7b2814deebd3) Importer(815301076,1909f56bfc062723c751e8b465ee728b)
Start importing Assets/back.png using Guid(b06b00b8252d5a54298e7b2814deebd3) Importer(815301076,1909f56bfc062723c751e8b465ee728b) (PreviewImporter) -> (Import Result ID: 'a195af1714b10f7d1bb5b6d46c5aca16') in 0.1058855 seconds [static and dynamic dependencies]. Details - ImportResultOutputID=ff65c9d3c07c6d1923db39986e248720 DependenciesID=99cdef3d2689e0dbcd362bf4cae3c268 StaticDependenciesID=0977bd300e0e0adc9a2f2d44e25faa4c 
Number of updated asset objects reloaded before import = 0Number of asset objects unloaded after import = 2

========================================================================
Received Import Request.
  Time since last request: 0.000027 seconds.
  path: Assets/Materials/FishBoneParticle.mat
  importAddress: Guid(2c69405ac74a42949b5bffb776f6ad62) Importer(2089858483,b0f066a214c2f5e87bad3c948f4d605d)
Start importing Assets/Materials/FishBoneParticle.mat using Guid(2c69405ac74a42949b5bffb776f6ad62) Importer(2089858483,b0f066a214c2f5e87bad3c948f4d605d) (ScriptedImporter) -> (Import Result ID: '4c31aee8f95459efde7f12f64ad6d8cc') in 0.0083872 seconds [static and dynamic dependencies]. Details - ImportResultOutputID=0b0f1b8a007cd78478eef162b9b2d80e DependenciesID=8f1716bf3a9f7ae0f9ebeaef51052c7b StaticDependenciesID=781f2b33ebd414c430bbf66d9f9c71eb 
Number of updated asset objects reloaded before import = 0Number of asset objects unloaded after import = 2

========================================================================
Received Import Request.
  Time since last request: 0.000047 seconds.
  path: Assets/AddressableAssetsData/addressables_content_state.bin
  importAddress: Guid(c81029b2739af3b4daa2eb9449c7b94d) Importer(2089858483,b0f066a214c2f5e87bad3c948f4d605d)
Start importing Assets/AddressableAssetsData/addressables_content_state.bin using Guid(c81029b2739af3b4daa2eb9449c7b94d) Importer(2089858483,b0f066a214c2f5e87bad3c948f4d605d) (ScriptedImporter) -> (Import Result ID: '1f8ca4507c8058cc4dd0ba1580557f14') in 0.0062406 seconds [static and dynamic dependencies]. Details - ImportResultOutputID=89b92f429902ba72f30e3ddf29083996 DependenciesID=f5d3745178b7b0a1992ac108eee87c52 StaticDependenciesID=ecc772c6c0c4cb0ee55ddb1f2e13350a 
Number of updated asset objects reloaded before import = 0Number of asset objects unloaded after import = 1

========================================================================
Received Import Request.
  Time since last request: 0.000158 seconds.
  path: Assets/Materials/Heart.mat
  importAddress: Guid(142f6f14a44bc3c4c90d45c416f81fca) Importer(2089858483,b0f066a214c2f5e87bad3c948f4d605d)
Start importing Assets/Materials/Heart.mat using Guid(142f6f14a44bc3c4c90d45c416f81fca) Importer(2089858483,b0f066a214c2f5e87bad3c948f4d605d) (ScriptedImporter) -> (Import Result ID: 'e678c1727254d003e16e68f37980ecd5') in 0.0071019 seconds [static and dynamic dependencies]. Details - ImportResultOutputID=aebd30c3c2afbffedadaf846f9192aaf DependenciesID=e0c34d4353be5ef82fe0d7172c5953f4 StaticDependenciesID=fc16e71ba4e4b8b426414f6ec04c77f1 
Number of updated asset objects reloaded before import = 0Number of asset objects unloaded after import = 2

========================================================================
Received Import Request.
  Time since last request: 0.000038 seconds.
  path: Assets/Animation/Cat_RunLong.fbx
  importAddress: Guid(b5d2ede1140b4a34eb5f4d7569a2f986) Importer(2089858483,b0f066a214c2f5e87bad3c948f4d605d)
Start importing Assets/Animation/Cat_RunLong.fbx using Guid(b5d2ede1140b4a34eb5f4d7569a2f986) Importer(2089858483,b0f066a214c2f5e87bad3c948f4d605d) (ScriptedImporter) -> (Import Result ID: 'd2789aa4e53ac105db56ec8b59f92e66') in 0.0245688 seconds [static and dynamic dependencies]. Details - ImportResultOutputID=807e74707ba8201a82285ed408251376 DependenciesID=6ef6f45013bb2844475199b86e7444e7 StaticDependenciesID=1eea1002a752aede6c77ba6cc754efa1 
Number of updated asset objects reloaded before import = 0Number of asset objects unloaded after import = 99

========================================================================
Received Import Request.
  Time since last request: 0.000035 seconds.
  path: Assets/INSTRUCTIONS.txt
  importAddress: Guid(866745d84419a4c4aa6f1e1fb17aaafd) Importer(2089858483,b0f066a214c2f5e87bad3c948f4d605d)
Start importing Assets/INSTRUCTIONS.txt using Guid(866745d84419a4c4aa6f1e1fb17aaafd) Importer(2089858483,b0f066a214c2f5e87bad3c948f4d605d) (ScriptedImporter) -> (Import Result ID: '41786f8727c39ca8aca4b7a5d8582984') in 0.0060612 seconds [static and dynamic dependencies]. Details - ImportResultOutputID=9105558f1e04b2a9e3f918440002f5c8 DependenciesID=f23aa488a6c52addfce8abdf243d64bd StaticDependenciesID=64a856d588a62aeb60baf79eb35fe648 
Number of updated asset objects reloaded before import = 0Number of asset objects unloaded after import = 1

========================================================================
Received Import Request.
  Time since last request: 0.000086 seconds.
  path: Assets/Animation/Image.controller
  importAddress: Guid(c204816c584e8fd48a9e5c55a4d559b0) Importer(2089858483,b0f066a214c2f5e87bad3c948f4d605d)
Start importing Assets/Animation/Image.controller using Guid(c204816c584e8fd48a9e5c55a4d559b0) Importer(2089858483,b0f066a214c2f5e87bad3c948f4d605d) (ScriptedImporter) -> (Import Result ID: '867394384003fee7323eb329d5fb9abb') in 0.0085667 seconds [static and dynamic dependencies]. Details - ImportResultOutputID=cb8f97749e95828f5ff5ae465cb607df DependenciesID=3e0ca34fb2df7b1d2f269506bb176159 StaticDependenciesID=d48abcd7a3461f7fc41077aaf2793723 
Number of updated asset objects reloaded before import = 0Number of asset objects unloaded after import = 4

========================================================================
Received Import Request.
  Time since last request: 0.000026 seconds.
  path: Assets/Animation/MenuEnvironmentProps.fbx
  importAddress: Guid(767e4364a0b09234298acaeb98f0ad13) Importer(2089858483,b0f066a214c2f5e87bad3c948f4d605d)
Start importing Assets/Animation/MenuEnvironmentProps.fbx using Guid(767e4364a0b09234298acaeb98f0ad13) Importer(2089858483,b0f066a214c2f5e87bad3c948f4d605d) (ScriptedImporter) -> (Import Result ID: '7a50e14a08bff934d44eed319d96487d') in 0.0777078 seconds [static and dynamic dependencies]. Details - ImportResultOutputID=f9547738beba87d1082d8e8ba0ad0fa8 DependenciesID=6e6cdf77ca7a82de5a1d9b607ea40346 StaticDependenciesID=adf7ae0718dc014efd682c711a292325 
Number of updated asset objects reloaded before import = 0Number of asset objects unloaded after import = 194

========================================================================
Received Import Request.
  Time since last request: 0.000030 seconds.
  path: Assets/DefaultVolumeProfile.asset
  importAddress: Guid(78c3dd162e803144484a8ad283af2a77) Importer(2089858483,b0f066a214c2f5e87bad3c948f4d605d)
Start importing Assets/DefaultVolumeProfile.asset using Guid(78c3dd162e803144484a8ad283af2a77) Importer(2089858483,b0f066a214c2f5e87bad3c948f4d605d) (ScriptedImporter) -> (Import Result ID: '9693c5209c897dc9eff64e5687fa342e') in 0.0083614 seconds [static and dynamic dependencies]. Details - ImportResultOutputID=a3ed50d2c1b3dbcad75e7e83f7c507bb DependenciesID=a51a57c4604b7e9f10277dcbce03f414 StaticDependenciesID=b0d26d5aeedcaa5e2a7bc1fdc811f889 
Number of updated asset objects reloaded before import = 0Number of asset objects unloaded after import = 1

========================================================================
Received Import Request.
  Time since last request: 0.000035 seconds.
  path: Assets/ThirdPersonPlayerController.cs
  importAddress: Guid(a7e2ea571e6f1fc44be77b3ca7e797d3) Importer(2089858483,b0f066a214c2f5e87bad3c948f4d605d)
Start importing Assets/ThirdPersonPlayerController.cs using Guid(a7e2ea571e6f1fc44be77b3ca7e797d3) Importer(2089858483,b0f066a214c2f5e87bad3c948f4d605d) (ScriptedImporter) -> (Import Result ID: '8db3e766ff3ba4047dc68b1e0a69541e') in 0.0055416 seconds [static and dynamic dependencies]. Details - ImportResultOutputID=ed74dadb84c4e0d269a677585b4822ed DependenciesID=3d5c8fd06763194e44505ca82f08b145 StaticDependenciesID=7c0dd730c2cd01c34a7e86fa64d3db77 
Number of updated asset objects reloaded before import = 0Number of asset objects unloaded after import = 0

========================================================================
Received Import Request.
  Time since last request: 0.000095 seconds.
  path: Assets/Animation/MenuActors.fbx
  importAddress: Guid(4f0bdd1a545262546a88cd46d13156f8) Importer(2089858483,b0f066a214c2f5e87bad3c948f4d605d)
Start importing Assets/Animation/MenuActors.fbx using Guid(4f0bdd1a545262546a88cd46d13156f8) Importer(2089858483,b0f066a214c2f5e87bad3c948f4d605d) (ScriptedImporter)MaterialLocation.External is obsolete. External Material Location is no longer supported. (Assets/Animation/MenuActors.fbx)
 -> (Import Result ID: 'df5b627df713ebaf366965e6d94bdf21') in 0.0623214 seconds [static and dynamic dependencies]. Details - ImportResultOutputID=ac8c876fb4f970886dc60630715ce460 DependenciesID=9d388d5e0db687c745d4af720a1036f9 StaticDependenciesID=e8ddaf2d89d8cb2078d1f41fb2d3fdc9 
Number of updated asset objects reloaded before import = 0Number of asset objects unloaded after import = 267

========================================================================
Received Import Request.
  Time since last request: 0.000036 seconds.
  path: Assets/Animation/Cat_HappyDance.fbx
  importAddress: Guid(f654e2100b850f7459ae92b11f5a3e2d) Importer(2089858483,b0f066a214c2f5e87bad3c948f4d605d)
Start importing Assets/Animation/Cat_HappyDance.fbx using Guid(f654e2100b850f7459ae92b11f5a3e2d) Importer(2089858483,b0f066a214c2f5e87bad3c948f4d605d) (ScriptedImporter) -> (Import Result ID: 'b5405f7084bb58fcd0db87b1b7795808') in 0.0272775 seconds [static and dynamic dependencies]. Details - ImportResultOutputID=2051a975ed078952536bef9880c04e16 DependenciesID=bde3de6698443b0b1c1efc1b4c9f1786 StaticDependenciesID=4f1d4d68fb24616645b788f8b036c494 
Number of updated asset objects reloaded before import = 0Number of asset objects unloaded after import = 99

========================================================================
Received Import Request.
  Time since last request: 0.000028 seconds.
  path: Assets/UniversalRenderPipelineGlobalSettings.asset
  importAddress: Guid(3ae9f5699a7e0094189ff4a45fb7f784) Importer(2089858483,b0f066a214c2f5e87bad3c948f4d605d)
Start importing Assets/UniversalRenderPipelineGlobalSettings.asset using Guid(3ae9f5699a7e0094189ff4a45fb7f784) Importer(2089858483,b0f066a214c2f5e87bad3c948f4d605d) (ScriptedImporter) -> (Import Result ID: 'f2f13a13450747298a2d6cff9673c16f') in 0.022746 seconds [static and dynamic dependencies]. Details - ImportResultOutputID=99fbb301384564762b6608085c31dc93 DependenciesID=1aa20194202cf04fe8d0e1e8d037917b StaticDependenciesID=da54882d1fbb85a508691dfc5ea7b36c 
Number of updated asset objects reloaded before import = 0Number of asset objects unloaded after import = 1

========================================================================
Received Import Request.
  Time since last request: 0.000151 seconds.
  path: Assets/Materials/Magnet.mat
  importAddress: Guid(c29c3d6edae27f74abbf2babbbdf4b9f) Importer(2089858483,b0f066a214c2f5e87bad3c948f4d605d)
Start importing Assets/Materials/Magnet.mat using Guid(c29c3d6edae27f74abbf2babbbdf4b9f) Importer(2089858483,b0f066a214c2f5e87bad3c948f4d605d) (ScriptedImporter) -> (Import Result ID: 'a665b75050b6fdb31a7325e46a4343fe') in 0.0092392 seconds [static and dynamic dependencies]. Details - ImportResultOutputID=a4c3e64a3f2e7c8cb7e2cf7caf167352 DependenciesID=83099724804629f57b8d826d1be1749e StaticDependenciesID=663d5e3dbb273833a74383fda824ffe9 
Number of updated asset objects reloaded before import = 0Number of asset objects unloaded after import = 2

========================================================================
Received Import Request.
  Time since last request: 0.000041 seconds.
  path: Assets/Materials/Dog.mat
  importAddress: Guid(77b24526fea2ba6409c54ea3e9a43332) Importer(2089858483,b0f066a214c2f5e87bad3c948f4d605d)
Start importing Assets/Materials/Dog.mat using Guid(77b24526fea2ba6409c54ea3e9a43332) Importer(2089858483,b0f066a214c2f5e87bad3c948f4d605d) (ScriptedImporter) -> (Import Result ID: '583bd0db1ede58a29125a3b9c65dd898') in 0.0109188 seconds [static and dynamic dependencies]. Details - ImportResultOutputID=c3ff81582e3ffc7a1619251b776675fa DependenciesID=a92d63c4ccfd59abe0dc238771564ef9 StaticDependenciesID=5dc3f8cd3208705cc0e235faf1e2ee8f 
Number of updated asset objects reloaded before import = 0Number of asset objects unloaded after import = 2

========================================================================
Received Import Request.
  Time since last request: 0.000080 seconds.
  path: Assets/Link.xml
  importAddress: Guid(fc51a672be47e0c43aa6b2f54fbee706) Importer(2089858483,b0f066a214c2f5e87bad3c948f4d605d)
Start importing Assets/Link.xml using Guid(fc51a672be47e0c43aa6b2f54fbee706) Importer(2089858483,b0f066a214c2f5e87bad3c948f4d605d) (ScriptedImporter) -> (Import Result ID: '13866914f6af5c897836cddfc12d6cd7') in 0.005283 seconds [static and dynamic dependencies]. Details - ImportResultOutputID=de0456fb856faa58b801561b1d57f91f DependenciesID=a9dbdd9dfeb90ab617becce4b18c9b35 StaticDependenciesID=fafe062bf3016f73848fc007459cf283 
Number of updated asset objects reloaded before import = 0Number of asset objects unloaded after import = 1

========================================================================
Received Import Request.
  Time since last request: 0.000026 seconds.
  path: Assets/Materials/Plaster.mat
  importAddress: Guid(540c9cb7b5d464f44b60de14713427a3) Importer(2089858483,b0f066a214c2f5e87bad3c948f4d605d)
Start importing Assets/Materials/Plaster.mat using Guid(540c9cb7b5d464f44b60de14713427a3) Importer(2089858483,b0f066a214c2f5e87bad3c948f4d605d) (ScriptedImporter) -> (Import Result ID: '3584c364c0d1866c1b04afe9f8efb415') in 0.0109873 seconds [static and dynamic dependencies]. Details - ImportResultOutputID=c292ea12e3171eb709bd072e977a4389 DependenciesID=6c341bc52f7eb3cf97f318c292944788 StaticDependenciesID=2e63570282546879fbc3eba2d83a00f6 
Number of updated asset objects reloaded before import = 0Number of asset objects unloaded after import = 2

========================================================================
Received Import Request.
  Time since last request: 0.000098 seconds.
  path: Assets/Readme.asset
  importAddress: Guid(2fed4f021c795ff4ca96d9d9c3deaa1d) Importer(2089858483,b0f066a214c2f5e87bad3c948f4d605d)
Start importing Assets/Readme.asset using Guid(2fed4f021c795ff4ca96d9d9c3deaa1d) Importer(2089858483,b0f066a214c2f5e87bad3c948f4d605d) (ScriptedImporter) -> (Import Result ID: '3f781f69abdbe1897c6858911092fd9c') in 0.0045688 seconds [static and dynamic dependencies]. Details - ImportResultOutputID=80c48e52844b030b5c8c003f89be94dd DependenciesID=87045a2517b7b8bb18b54fa9c1d2fae9 StaticDependenciesID=fdf3abfc33c019e355a8513edad83990 
Number of updated asset objects reloaded before import = 0Number of asset objects unloaded after import = 1

========================================================================
Received Import Request.
  Time since last request: 0.000074 seconds.
  path: Assets/UIRenderer.asset
  importAddress: Guid(45e4c9a2a5aaef0409ca1edd4a368fc6) Importer(2089858483,b0f066a214c2f5e87bad3c948f4d605d)
Start importing Assets/UIRenderer.asset using Guid(45e4c9a2a5aaef0409ca1edd4a368fc6) Importer(2089858483,b0f066a214c2f5e87bad3c948f4d605d) (ScriptedImporter) -> (Import Result ID: '556cb3ad247c6aae890ec80f0903c910') in 0.0074053 seconds [static and dynamic dependencies]. Details - ImportResultOutputID=8789289cdb450273605c5bc82f4b7697 DependenciesID=edac56fa9a756066af56899ba4709a0c StaticDependenciesID=6666d5d5c0471e7e76b0059fb2c8bfce 
Number of updated asset objects reloaded before import = 0Number of asset objects unloaded after import = 1

========================================================================
Received Import Request.
  Time since last request: 0.000151 seconds.
  path: Assets/MokraneController.controller
  importAddress: Guid(ff856ba7355a2f3489a310578c5b82cf) Importer(2089858483,b0f066a214c2f5e87bad3c948f4d605d)
Start importing Assets/MokraneController.controller using Guid(ff856ba7355a2f3489a310578c5b82cf) Importer(2089858483,b0f066a214c2f5e87bad3c948f4d605d) (ScriptedImporter) -> (Import Result ID: '710f07eb4cef5f91809c6d377c2fc0f0') in 0.0322551 seconds [static and dynamic dependencies]. Details - ImportResultOutputID=d8f64508e544019c7db017d89a66f883 DependenciesID=c79b16b1d467b88b7983f94c3f6e5af5 StaticDependenciesID=919c12f2d1c95ac2525b89d172043967 
Number of updated asset objects reloaded before import = 0Number of asset objects unloaded after import = 64

========================================================================
Received Import Request.
  Time since last request: 0.000037 seconds.
  path: Assets/Materials/DogNight.mat
  importAddress: Guid(ead65696b3f69334fa5ec74c17f175be) Importer(2089858483,b0f066a214c2f5e87bad3c948f4d605d)
Start importing Assets/Materials/DogNight.mat using Guid(ead65696b3f69334fa5ec74c17f175be) Importer(2089858483,b0f066a214c2f5e87bad3c948f4d605d) (ScriptedImporter) -> (Import Result ID: 'c943b0521016375f2de8929826b9e8ee') in 0.0081032 seconds [static and dynamic dependencies]. Details - ImportResultOutputID=335daa388e3b4575397df7950cc659f9 DependenciesID=244fc3b8b911999f0488f4661be7ed0d StaticDependenciesID=9ddc719bdd6e147047a1865f5a7977ae 
Number of updated asset objects reloaded before import = 0Number of asset objects unloaded after import = 2

========================================================================
Received Import Request.
  Time since last request: 0.000023 seconds.
  path: Assets/Animation/Cat_IdleHappy.fbx
  importAddress: Guid(4aedf45fe7389f6499430917841b9c9b) Importer(2089858483,b0f066a214c2f5e87bad3c948f4d605d)
Start importing Assets/Animation/Cat_IdleHappy.fbx using Guid(4aedf45fe7389f6499430917841b9c9b) Importer(2089858483,b0f066a214c2f5e87bad3c948f4d605d) (ScriptedImporter) -> (Import Result ID: '351d5fbc4dcc69be2019518313a01a07') in 0.0169487 seconds [static and dynamic dependencies]. Details - ImportResultOutputID=f1accb9d5dd4f419a2878f8cd9783065 DependenciesID=0eb877b70d2a4fa9f965f44123603650 StaticDependenciesID=eb7f6db3e2edc93471aedddf7f38409e 
Number of updated asset objects reloaded before import = 0Number of asset objects unloaded after import = 99

========================================================================
Received Import Request.
  Time since last request: 0.000023 seconds.
  path: Assets/Animation/Dog_Idle.fbx
  importAddress: Guid(c6c6236ffea8b3b49862086c2f48a875) Importer(2089858483,b0f066a214c2f5e87bad3c948f4d605d)
Start importing Assets/Animation/Dog_Idle.fbx using Guid(c6c6236ffea8b3b49862086c2f48a875) Importer(2089858483,b0f066a214c2f5e87bad3c948f4d605d) (ScriptedImporter) -> (Import Result ID: '012cd039e8c8922b4e90ce3c036bf6fe') in 0.0188827 seconds [static and dynamic dependencies]. Details - ImportResultOutputID=19e11aa9a4873dcf2c2d21e42069fe4e DependenciesID=468cf98fe3c86f9778260d4497d0c24e StaticDependenciesID=6df91a0b8ee4ec618453e15ad94f5e4b 
Number of updated asset objects reloaded before import = 0Number of asset objects unloaded after import = 87

========================================================================
Received Import Request.
  Time since last request: 0.000036 seconds.
  path: Assets/Animation/Rat_Run.fbx
  importAddress: Guid(1fa0d134c763a194ea3daba8ff85489a) Importer(2089858483,b0f066a214c2f5e87bad3c948f4d605d)
Start importing Assets/Animation/Rat_Run.fbx using Guid(1fa0d134c763a194ea3daba8ff85489a) Importer(2089858483,b0f066a214c2f5e87bad3c948f4d605d) (ScriptedImporter) -> (Import Result ID: '526c1fa5ec236e1e5e3f801924ae4d50') in 0.0248816 seconds [static and dynamic dependencies]. Details - ImportResultOutputID=af8eb275ea05b0944b0c5dc9d2ae691f DependenciesID=ad8bb656f18373506e8896d0748161dd StaticDependenciesID=5cef76cc96edff1a18ef0c219cbb1f3b 
Number of updated asset objects reloaded before import = 0Number of asset objects unloaded after import = 79

========================================================================
Received Import Request.
  Time since last request: 0.000021 seconds.
  path: Assets/Animation/ObstacleRoadWorksBarrierLow_Death.fbx
  importAddress: Guid(9b635fbb467c2e84f9b8b0d2cc7a19fd) Importer(2089858483,b0f066a214c2f5e87bad3c948f4d605d)
Start importing Assets/Animation/ObstacleRoadWorksBarrierLow_Death.fbx using Guid(9b635fbb467c2e84f9b8b0d2cc7a19fd) Importer(2089858483,b0f066a214c2f5e87bad3c948f4d605d) (ScriptedImporter) -> (Import Result ID: '2aae22d43499b1fb06c7add5043c5568') in 0.0468463 seconds [static and dynamic dependencies]. Details - ImportResultOutputID=461286991d7c7b5f4431973d4f150f4f DependenciesID=efcee135b9642c7c2a4317010ac1d75f StaticDependenciesID=6dfae9d6d3f4b8b268f3e8fe5a7b68b9 
Number of updated asset objects reloaded before import = 0Number of asset objects unloaded after import = 10

========================================================================
Received Import Request.
  Time since last request: 0.000029 seconds.
  path: Assets/Materials/CorrugatedMetal.mat
  importAddress: Guid(98bdd2e108de67d439c390dc7cb78caa) Importer(2089858483,b0f066a214c2f5e87bad3c948f4d605d)
Start importing Assets/Materials/CorrugatedMetal.mat using Guid(98bdd2e108de67d439c390dc7cb78caa) Importer(2089858483,b0f066a214c2f5e87bad3c948f4d605d) (ScriptedImporter) -> (Import Result ID: 'abb47d883789c62419f1689b32080fff') in 0.0100435 seconds [static and dynamic dependencies]. Details - ImportResultOutputID=a737ef1c152a8b9a2f34df49bcfdd9a9 DependenciesID=9465aca9e9805e645e19971f71df63ad StaticDependenciesID=32845668532b41112c1c0ffab7950b24 
Number of updated asset objects reloaded before import = 0Number of asset objects unloaded after import = 2

========================================================================
Received Import Request.
  Time since last request: 0.000041 seconds.
  path: Assets/EndlessRunner_Third-PartyNotice.txt
  importAddress: Guid(a12df369e0d571146987ada119f94ea6) Importer(2089858483,b0f066a214c2f5e87bad3c948f4d605d)
Start importing Assets/EndlessRunner_Third-PartyNotice.txt using Guid(a12df369e0d571146987ada119f94ea6) Importer(2089858483,b0f066a214c2f5e87bad3c948f4d605d) (ScriptedImporter) -> (Import Result ID: '7ff4240dc4da13b95c33d1944254c401') in 0.0113513 seconds [static and dynamic dependencies]. Details - ImportResultOutputID=e3a1524483d3a062bee01ed0213d7d36 DependenciesID=d7c729042d34c8ebb8ec07dd66e375a6 StaticDependenciesID=35bdf8a9b5482928cb1f5301bfe6dbaf 
Number of updated asset objects reloaded before import = 0Number of asset objects unloaded after import = 1

========================================================================
Received Import Request.
  Time since last request: 0.000135 seconds.
  path: Assets/Materials/MultiplierParticle.mat
  importAddress: Guid(8fe824c8cef63a544aeb15cf9049f672) Importer(2089858483,b0f066a214c2f5e87bad3c948f4d605d)
Start importing Assets/Materials/MultiplierParticle.mat using Guid(8fe824c8cef63a544aeb15cf9049f672) Importer(2089858483,b0f066a214c2f5e87bad3c948f4d605d) (ScriptedImporter) -> (Import Result ID: 'b93f3dfb29a98acb9f28b166dfbc82ac') in 0.012764 seconds [static and dynamic dependencies]. Details - ImportResultOutputID=ebee85d2c9088ce77b66600e0c6e4e64 DependenciesID=ee4da8f55d1d9d0ba40cb1cb93c65128 StaticDependenciesID=7b0fb8989dd7ece1f41c4114ba888d7a 
Number of updated asset objects reloaded before import = 0Number of asset objects unloaded after import = 2

========================================================================
Received Import Request.
  Time since last request: 0.000059 seconds.
  path: Assets/Animation/Cat_ForbiddenDance.fbx
  importAddress: Guid(71d992f52ae71374a9dc7c54ed7bfad7) Importer(2089858483,b0f066a214c2f5e87bad3c948f4d605d)
Start importing Assets/Animation/Cat_ForbiddenDance.fbx using Guid(71d992f52ae71374a9dc7c54ed7bfad7) Importer(2089858483,b0f066a214c2f5e87bad3c948f4d605d) (ScriptedImporter) -> (Import Result ID: 'cabf1d7bfede9449bdb561a47d59660f') in 0.0212117 seconds [static and dynamic dependencies]. Details - ImportResultOutputID=551959a28616b76f1c3a173d3ac50282 DependenciesID=7ddf008ae004e49f7bc568f1c836ccff StaticDependenciesID=6bab1773c600c64b0b149cfaa0f356d4 
Number of updated asset objects reloaded before import = 0Number of asset objects unloaded after import = 99

========================================================================
Received Import Request.
  Time since last request: 0.000023 seconds.
  path: Assets/Materials/CatOrange.mat
  importAddress: Guid(cb89294923508294fa35d858834725f7) Importer(2089858483,b0f066a214c2f5e87bad3c948f4d605d)
Start importing Assets/Materials/CatOrange.mat using Guid(cb89294923508294fa35d858834725f7) Importer(2089858483,b0f066a214c2f5e87bad3c948f4d605d) (ScriptedImporter) -> (Import Result ID: '0a0590b2d4d3beaa3d1aa2995c8fe192') in 0.0117541 seconds [static and dynamic dependencies]. Details - ImportResultOutputID=f48ced36bd8e59ca6d8fb4c7c696d485 DependenciesID=d24c44162c3e73d636cb774ca8b1c827 StaticDependenciesID=4feb0c5d9e801aa34c47566d2a034f66 
Number of updated asset objects reloaded before import = 0Number of asset objects unloaded after import = 2

========================================================================
Received Import Request.
  Time since last request: 0.000041 seconds.
  path: Assets/PlayerInteraction.cs
  importAddress: Guid(2c33fac1738b9c94593c5ed8db146541) Importer(2089858483,b0f066a214c2f5e87bad3c948f4d605d)
Start importing Assets/PlayerInteraction.cs using Guid(2c33fac1738b9c94593c5ed8db146541) Importer(2089858483,b0f066a214c2f5e87bad3c948f4d605d) (ScriptedImporter) -> (Import Result ID: '4d7702d5dbd4969f89330b31683539db') in 0.0104258 seconds [static and dynamic dependencies]. Details - ImportResultOutputID=6d1861830dd6d25360a81c27da8cbd5c DependenciesID=993c251adefc430ac7b86c7a0202822b StaticDependenciesID=c9eb13489501b1f0de8c701adda3c484 
Number of updated asset objects reloaded before import = 0Number of asset objects unloaded after import = 0

========================================================================
Received Import Request.
  Time since last request: 0.001011 seconds.
  path: Assets/Animation/Fishbones.anim
  importAddress: Guid(6c39a24db89f9b44f8cfbb1ee9d2bcd7) Importer(2089858483,b0f066a214c2f5e87bad3c948f4d605d)
Start importing Assets/Animation/Fishbones.anim using Guid(6c39a24db89f9b44f8cfbb1ee9d2bcd7) Importer(2089858483,b0f066a214c2f5e87bad3c948f4d605d) (ScriptedImporter) -> (Import Result ID: '40674018dba52baa09cdd186dfadfb1b') in 0.012322 seconds [static and dynamic dependencies]. Details - ImportResultOutputID=abb83e7cba6cb7fbacd2013561ccda1b DependenciesID=2c3a5b5aa9bf08bfe02683c57daa3ed7 StaticDependenciesID=fa57732f40c35895efd4ca22a20d9a1a 
Number of updated asset objects reloaded before import = 0Number of asset objects unloaded after import = 1

========================================================================
Received Import Request.
  Time since last request: 0.000034 seconds.
  path: Assets/Materials/MagnetSparks.mat
  importAddress: Guid(06d47b91464ba0548b33f8cf9caa4707) Importer(2089858483,b0f066a214c2f5e87bad3c948f4d605d)
Start importing Assets/Materials/MagnetSparks.mat using Guid(06d47b91464ba0548b33f8cf9caa4707) Importer(2089858483,b0f066a214c2f5e87bad3c948f4d605d) (ScriptedImporter) -> (Import Result ID: '45d28c6b1672a43cc4115c0560d72490') in 0.0107086 seconds [static and dynamic dependencies]. Details - ImportResultOutputID=eafd9c3a6568c2b75382113ef8f15566 DependenciesID=19a96dcc53b6e98b59b67d2183aa1708 StaticDependenciesID=9f74b6d25b084aea2efb587c4fe2f285 
Number of updated asset objects reloaded before import = 0Number of asset objects unloaded after import = 2

========================================================================
Received Import Request.
  Time since last request: 0.000035 seconds.
  path: Assets/Materials/Car01.mat
  importAddress: Guid(b7e8c93fba6557646bbe79ad80e49536) Importer(2089858483,b0f066a214c2f5e87bad3c948f4d605d)
Start importing Assets/Materials/Car01.mat using Guid(b7e8c93fba6557646bbe79ad80e49536) Importer(2089858483,b0f066a214c2f5e87bad3c948f4d605d) (ScriptedImporter) -> (Import Result ID: '012826cda83b65be1a1dbdab04a5682e') in 0.0133271 seconds [static and dynamic dependencies]. Details - ImportResultOutputID=20b89cf64497d5ba0ef0ad860617e79d DependenciesID=0c4bac1c8136ebcec3aa6645a4d4119e StaticDependenciesID=29118d7468820fdcec0980e5ec212396 
Number of updated asset objects reloaded before import = 0Number of asset objects unloaded after import = 2

========================================================================
Received Import Request.
  Time since last request: 0.000506 seconds.
  path: Assets/Font/LuckiestGuy.ttf
  importAddress: Guid(ab2cfde409d710b47b0b502877abb479) Importer(2089858483,b0f066a214c2f5e87bad3c948f4d605d)
Start importing Assets/Font/LuckiestGuy.ttf using Guid(ab2cfde409d710b47b0b502877abb479) Importer(2089858483,b0f066a214c2f5e87bad3c948f4d605d) (ScriptedImporter) -> (Import Result ID: 'e85feeee27e5bb24be13168da555f6b1') in 0.0477763 seconds [static and dynamic dependencies]. Details - ImportResultOutputID=7609a7d5fa67aad78007ccbe689fba42 DependenciesID=52347fb36efb6c3c5ca92c5c5698190d StaticDependenciesID=0d4e4c5452a7ebcc63469d3d9e7b542b 
Number of updated asset objects reloaded before import = 0Number of asset objects unloaded after import = 3

========================================================================
Received Import Request.
  Time since last request: 0.000024 seconds.
  path: Assets/InputSystem_Actions.inputactions
  importAddress: Guid(9fb91eb9949495045b9d0fd54078024a) Importer(2089858483,b0f066a214c2f5e87bad3c948f4d605d)
Start importing Assets/InputSystem_Actions.inputactions using Guid(9fb91eb9949495045b9d0fd54078024a) Importer(2089858483,b0f066a214c2f5e87bad3c948f4d605d) (ScriptedImporter) -> (Import Result ID: 'c7803b8cbb5bd62223b480b68580cb03') in 0.0062836 seconds [static and dynamic dependencies]. Details - ImportResultOutputID=59b66469722723730790ae0ec52d713e DependenciesID=e5bb8868b58a3d55ae2e23804912650f StaticDependenciesID=d38fcc5f819e3ff826245d579d0b14db 
Number of updated asset objects reloaded before import = 0Number of asset objects unloaded after import = 1

========================================================================
Received Import Request.
  Time since last request: 0.000037 seconds.
  path: Assets/back.png
  importAddress: Guid(b06b00b8252d5a54298e7b2814deebd3) Importer(2089858483,b0f066a214c2f5e87bad3c948f4d605d)
Start importing Assets/back.png using Guid(b06b00b8252d5a54298e7b2814deebd3) Importer(2089858483,b0f066a214c2f5e87bad3c948f4d605d) (ScriptedImporter) -> (Import Result ID: '3fcea87d9ff6028f410cdc54f734e2fd') in 0.0621748 seconds [static and dynamic dependencies]. Details - ImportResultOutputID=22f62e60c4b4bd2ba87ebf193bfeb026 DependenciesID=aa27238b93cd2034ed17ee6c3e3117d9 StaticDependenciesID=0930e5ab02565d03d01ad9793a9a431d 
Number of updated asset objects reloaded before import = 0Number of asset objects unloaded after import = 1

========================================================================
Received Import Request.
  Time since last request: 0.008774 seconds.
  path: Assets/DefaultVolumeProfile.asset
  importAddress: Guid(78c3dd162e803144484a8ad283af2a77) Importer(815301076,1909f56bfc062723c751e8b465ee728b)
Start importing Assets/DefaultVolumeProfile.asset using Guid(78c3dd162e803144484a8ad283af2a77) Importer(815301076,1909f56bfc062723c751e8b465ee728b) (PreviewImporter) -> (Import Result ID: '08d88e570fc7af59687e1545307dcd73') in 0.0021296 seconds [static and dynamic dependencies]. Details - ImportResultOutputID=de68cb845e2e365f7bec6e471868b24d DependenciesID=5e9798bc332aa327cd8847919fd6b0a4 StaticDependenciesID=ff62a471dd675c12d2661395a43138c4 
Number of updated asset objects reloaded before import = 0Number of asset objects unloaded after import = 1

========================================================================
Received Import Request.
  Time since last request: 0.000022 seconds.
  path: Assets/Animation/Magnet.anim
  importAddress: Guid(8838e486d47d98040adeaa7b200fb07f) Importer(2089858483,b0f066a214c2f5e87bad3c948f4d605d)
Start importing Assets/Animation/Magnet.anim using Guid(8838e486d47d98040adeaa7b200fb07f) Importer(2089858483,b0f066a214c2f5e87bad3c948f4d605d) (ScriptedImporter) -> (Import Result ID: '7363c6b3f3ccf63eefe7c672f31f6ff9') in 0.0096001 seconds [static and dynamic dependencies]. Details - ImportResultOutputID=4f2f31164fd224d4077a55c4395026f4 DependenciesID=df5106474ff196faf80457151548c387 StaticDependenciesID=1f4463c4498dd5b9fc043ba69a488fdb 
Number of updated asset objects reloaded before import = 0Number of asset objects unloaded after import = 1

========================================================================
Received Import Request.
  Time since last request: 0.000026 seconds.
  path: Assets/Animation/Cat_Death3.fbx
  importAddress: Guid(07bcfd54beda6dd42a225a00d5f2c1b7) Importer(2089858483,b0f066a214c2f5e87bad3c948f4d605d)
Start importing Assets/Animation/Cat_Death3.fbx using Guid(07bcfd54beda6dd42a225a00d5f2c1b7) Importer(2089858483,b0f066a214c2f5e87bad3c948f4d605d) (ScriptedImporter) -> (Import Result ID: 'da55519dcf76f97c0a18b841187cdd6c') in 0.0309028 seconds [static and dynamic dependencies]. Details - ImportResultOutputID=1342628bc78786b313a1538ccb8ae2a6 DependenciesID=d73b761005d7ee405af30cf5fddc0e1d StaticDependenciesID=247f95a7fd518841fc06f9a9d08ee99a 
Number of updated asset objects reloaded before import = 0Number of asset objects unloaded after import = 99

========================================================================
Received Import Request.
  Time since last request: 0.000042 seconds.
  path: Assets/Animation/Star.anim
  importAddress: Guid(fe2b5d4c5e9f2ab47a8b86613546eeee) Importer(2089858483,b0f066a214c2f5e87bad3c948f4d605d)
Start importing Assets/Animation/Star.anim using Guid(fe2b5d4c5e9f2ab47a8b86613546eeee) Importer(2089858483,b0f066a214c2f5e87bad3c948f4d605d) (ScriptedImporter) -> (Import Result ID: '45ba76fe3688b7b8a28c35d14637c7e8') in 0.0077308 seconds [static and dynamic dependencies]. Details - ImportResultOutputID=9437f1f92abe28479770c20e63538820 DependenciesID=d0e686d328f197a85a76acb25c8ee8a2 StaticDependenciesID=5b4a6d8942ea1c4336ef94cc8f22b7de 
Number of updated asset objects reloaded before import = 0Number of asset objects unloaded after import = 1

========================================================================
Received Import Request.
  Time since last request: 0.000019 seconds.
  path: Assets/Materials/StarInner.mat
  importAddress: Guid(ee7ef3320c6606b4f8856afbdabe7c14) Importer(2089858483,b0f066a214c2f5e87bad3c948f4d605d)
Start importing Assets/Materials/StarInner.mat using Guid(ee7ef3320c6606b4f8856afbdabe7c14) Importer(2089858483,b0f066a214c2f5e87bad3c948f4d605d) (ScriptedImporter) -> (Import Result ID: '2dccea843de9a5702951f27ddb89392e') in 0.010996 seconds [static and dynamic dependencies]. Details - ImportResultOutputID=fe848505288c4d0a7211ceb315586078 DependenciesID=6e9f403940ea3f420467ef6d74b4e629 StaticDependenciesID=18a9d0fa08f2fc788ea177e277562c2a 
Number of updated asset objects reloaded before import = 0Number of asset objects unloaded after import = 2

========================================================================
Received Import Request.
  Time since last request: 0.000091 seconds.
  path: Assets/Scripts/CoroutineHandler.cs
  importAddress: Guid(ab3a312ac373d7843b57ea964f17da77) Importer(2089858483,b0f066a214c2f5e87bad3c948f4d605d)
Start importing Assets/Scripts/CoroutineHandler.cs using Guid(ab3a312ac373d7843b57ea964f17da77) Importer(2089858483,b0f066a214c2f5e87bad3c948f4d605d) (ScriptedImporter) -> (Import Result ID: '801fcfa485186417f1f5ef63479923da') in 0.012439 seconds [static and dynamic dependencies]. Details - ImportResultOutputID=3a1ec0ff7ac8122ea441e82798dc9172 DependenciesID=e1699f9c249b9d26b70bec642e682a90 StaticDependenciesID=bf5ab367b54ca99d7a4b850e701d2aa7 
Number of updated asset objects reloaded before import = 0Number of asset objects unloaded after import = 0

========================================================================
Received Import Request.
  Time since last request: 0.000029 seconds.
  path: Assets/Prefabs/Explosion.prefab
  importAddress: Guid(fb0599b183d2df245a26655842165149) Importer(2089858483,b0f066a214c2f5e87bad3c948f4d605d)
Start importing Assets/Prefabs/Explosion.prefab using Guid(fb0599b183d2df245a26655842165149) Importer(2089858483,b0f066a214c2f5e87bad3c948f4d605d) (ScriptedImporter) -> (Import Result ID: 'e652281b7041de3fdcddaaa9d8d465db') in 0.0191375 seconds [static and dynamic dependencies]. Details - ImportResultOutputID=80a30ab8227229e80f36bd8db795f0c9 DependenciesID=7099e17cf35e042b87af78e6646c3b0f StaticDependenciesID=a576d1b5d4bc34959cfe8cb134c4ca25 
Number of updated asset objects reloaded before import = 0Number of asset objects unloaded after import = 8

========================================================================
Received Import Request.
  Time since last request: 0.000083 seconds.
  path: Assets/Models/Star.fbx
  importAddress: Guid(73874cb76131d954bbdbec46f14b6cb3) Importer(2089858483,b0f066a214c2f5e87bad3c948f4d605d)
Start importing Assets/Models/Star.fbx using Guid(73874cb76131d954bbdbec46f14b6cb3) Importer(2089858483,b0f066a214c2f5e87bad3c948f4d605d) (ScriptedImporter) -> (Import Result ID: '23d56085f9f130f66642865b4893cccc') in 0.0223603 seconds [static and dynamic dependencies]. Details - ImportResultOutputID=382e04a9c07d8fb141cccea5401016b0 DependenciesID=5fc006ff28856417ecc2af2113079212 StaticDependenciesID=c7605abe0894c6e8872560ec2ced141e 
Number of updated asset objects reloaded before import = 0Number of asset objects unloaded after import = 10

========================================================================
Received Import Request.
  Time since last request: 0.000026 seconds.
  path: Assets/Materials/Racoon.mat
  importAddress: Guid(fefa0546547167848be43384af1c0d43) Importer(2089858483,b0f066a214c2f5e87bad3c948f4d605d)
Start importing Assets/Materials/Racoon.mat using Guid(fefa0546547167848be43384af1c0d43) Importer(2089858483,b0f066a214c2f5e87bad3c948f4d605d) (ScriptedImporter) -> (Import Result ID: '62f2e0fd81ba20747177dc21f6dc2d74') in 0.0115368 seconds [static and dynamic dependencies]. Details - ImportResultOutputID=cbbe17f2232679c5d40c99346da8ea97 DependenciesID=6076b071fa718d5271889bffec02df37 StaticDependenciesID=c240182e78ab6e28f5154b6e0c044c28 
Number of updated asset objects reloaded before import = 0Number of asset objects unloaded after import = 2

========================================================================
Received Import Request.
  Time since last request: 0.000026 seconds.
  path: Assets/Models/Cat.fbx
  importAddress: Guid(2b755775ae966024fab169f5ae2e95d6) Importer(2089858483,b0f066a214c2f5e87bad3c948f4d605d)
Start importing Assets/Models/Cat.fbx using Guid(2b755775ae966024fab169f5ae2e95d6) Importer(2089858483,b0f066a214c2f5e87bad3c948f4d605d) (ScriptedImporter) -> (Import Result ID: '0b5795d0c8ce344403bc0883c42b393b') in 0.0247096 seconds [static and dynamic dependencies]. Details - ImportResultOutputID=d86534c65754cb2f7b33397d39d78e71 DependenciesID=259b1ab9ceb2793766418f80077c8435 StaticDependenciesID=2dbb4d6db9bb0b63ae7fcc8594e9731b 
Number of updated asset objects reloaded before import = 0Number of asset objects unloaded after import = 25

========================================================================
Received Import Request.
  Time since last request: 0.000023 seconds.
  path: Assets/mokrane/mo9ran1.mindfront_male_trousers_2.002.mat
  importAddress: Guid(92c6053020d2ff041b6dd097d71f3d35) Importer(2089858483,b0f066a214c2f5e87bad3c948f4d605d)
Start importing Assets/mokrane/mo9ran1.mindfront_male_trousers_2.002.mat using Guid(92c6053020d2ff041b6dd097d71f3d35) Importer(2089858483,b0f066a214c2f5e87bad3c948f4d605d) (ScriptedImporter) -> (Import Result ID: '30144e89f6737488178c26075e61c12d') in 0.0140603 seconds [static and dynamic dependencies]. Details - ImportResultOutputID=4943176f5cd98606082e946978c3ce82 DependenciesID=0a4c8be0036adb3202d361c9f5d45ede StaticDependenciesID=3f2f018473a9a0ee1cb279598deb2100 
Number of updated asset objects reloaded before import = 0Number of asset objects unloaded after import = 1

========================================================================
Received Import Request.
  Time since last request: 0.000064 seconds.
  path: Assets/mokrane/mo9ran1.namuhekam_male_polo_shirt.003.mat
  importAddress: Guid(f01b47dafeee08d41bc6f986bb631b2a) Importer(2089858483,b0f066a214c2f5e87bad3c948f4d605d)
Start importing Assets/mokrane/mo9ran1.namuhekam_male_polo_shirt.003.mat using Guid(f01b47dafeee08d41bc6f986bb631b2a) Importer(2089858483,b0f066a214c2f5e87bad3c948f4d605d) (ScriptedImporter) -> (Import Result ID: '0ca491143da4a3bc3af5b911dece0826') in 0.0081168 seconds [static and dynamic dependencies]. Details - ImportResultOutputID=b6bfbc1571b8e7e5bb78e217f231993e DependenciesID=1606dc2a1d1fbe56e119ec3e2cfb345b StaticDependenciesID=72882305e85f416be7767008b512be50 
Number of updated asset objects reloaded before import = 0Number of asset objects unloaded after import = 1

========================================================================
Received Import Request.
  Time since last request: 0.000026 seconds.
  path: Assets/Resources/IAPProductCatalog.json
  importAddress: Guid(74deb79d72470aa4cbee1fe03bdeca1d) Importer(2089858483,b0f066a214c2f5e87bad3c948f4d605d)
Start importing Assets/Resources/IAPProductCatalog.json using Guid(74deb79d72470aa4cbee1fe03bdeca1d) Importer(2089858483,b0f066a214c2f5e87bad3c948f4d605d) (ScriptedImporter) -> (Import Result ID: 'c0f088ddd6eedca4f814ef36cb7eb8d5') in 0.0081571 seconds [static and dynamic dependencies]. Details - ImportResultOutputID=e047f451717d5c42bf5309ec1acf6978 DependenciesID=ecccbcd0edcfc7792cc3af3aeee53457 StaticDependenciesID=2b86f29a986f07bbbbf33928d7b20a73 
Number of updated asset objects reloaded before import = 0Number of asset objects unloaded after import = 1

========================================================================
Received Import Request.
  Time since last request: 0.000075 seconds.
  path: Assets/Materials/Skip.mat
  importAddress: Guid(dc6dac39dcb64674aab03f9e54dae6f7) Importer(2089858483,b0f066a214c2f5e87bad3c948f4d605d)
Start importing Assets/Materials/Skip.mat using Guid(dc6dac39dcb64674aab03f9e54dae6f7) Importer(2089858483,b0f066a214c2f5e87bad3c948f4d605d) (ScriptedImporter) -> (Import Result ID: '60605d48d92b41d6ee9c2c6aea6cf252') in 0.0074591 seconds [static and dynamic dependencies]. Details - ImportResultOutputID=3ef61f23cfbf4ffefd4a2e32977c1e06 DependenciesID=1d3ce7e2474031fc758a127677e16cff StaticDependenciesID=c8c9540856d85be823076d0785f3b8b2 
Number of updated asset objects reloaded before import = 0Number of asset objects unloaded after import = 2

========================================================================
Received Import Request.
  Time since last request: 0.000037 seconds.
  path: Assets/Resources/BillingMode.json
  importAddress: Guid(1f1d92092aef7cf42a6d9e95e9dda39f) Importer(2089858483,b0f066a214c2f5e87bad3c948f4d605d)
Start importing Assets/Resources/BillingMode.json using Guid(1f1d92092aef7cf42a6d9e95e9dda39f) Importer(2089858483,b0f066a214c2f5e87bad3c948f4d605d) (ScriptedImporter) -> (Import Result ID: 'df673930eb4d4cc99f870a981e350fcb') in 0.0076225 seconds [static and dynamic dependencies]. Details - ImportResultOutputID=69ea809fbb619e642f79d50988d57d1a DependenciesID=3bd9ba98ce5612158a265e8150129874 StaticDependenciesID=ae33ce1a192a5b234d32113989af3408 
Number of updated asset objects reloaded before import = 0Number of asset objects unloaded after import = 1

========================================================================
Received Import Request.
  Time since last request: 0.000037 seconds.
  path: Assets/Scenes/Button.controller
  importAddress: Guid(afba905cf86251e4eb67ca7cd8fbf3e7) Importer(2089858483,b0f066a214c2f5e87bad3c948f4d605d)
Start importing Assets/Scenes/Button.controller using Guid(afba905cf86251e4eb67ca7cd8fbf3e7) Importer(2089858483,b0f066a214c2f5e87bad3c948f4d605d) (ScriptedImporter) -> (Import Result ID: '2053d1709644774bda4c0468a2f7a309') in 0.0062458 seconds [static and dynamic dependencies]. Details - ImportResultOutputID=fdc889c8fda19b556daf2c949a6574a7 DependenciesID=0b57dc48b22f1bb6c5617e7407b62249 StaticDependenciesID=7506f4818277019ec9b4464bcd67a12f 
Number of updated asset objects reloaded before import = 0Number of asset objects unloaded after import = 4

========================================================================
Received Import Request.
  Time since last request: 0.000027 seconds.
  path: Assets/Scenes/PlayButton.anim
  importAddress: Guid(b311bd2d6b79c8f478d69ef63e725d98) Importer(2089858483,b0f066a214c2f5e87bad3c948f4d605d)
Start importing Assets/Scenes/PlayButton.anim using Guid(b311bd2d6b79c8f478d69ef63e725d98) Importer(2089858483,b0f066a214c2f5e87bad3c948f4d605d) (ScriptedImporter) -> (Import Result ID: '494be3f333d7decfec62aef20e5f8abf') in 0.0094001 seconds [static and dynamic dependencies]. Details - ImportResultOutputID=1e8e5eabd0c151ca9fae7377d237bd8f DependenciesID=7d5ae2467dfa02fb5fdf527ca589d4b0 StaticDependenciesID=5bb77a5e744f73257f7eed08ea0ee16d 
Number of updated asset objects reloaded before import = 0Number of asset objects unloaded after import = 1

========================================================================
Received Import Request.
  Time since last request: 0.000040 seconds.
  path: Assets/mokrane/mo9ran1.teeth_shape01.mat
  importAddress: Guid(aac0272b1022b28439b142076400f204) Importer(2089858483,b0f066a214c2f5e87bad3c948f4d605d)
Start importing Assets/mokrane/mo9ran1.teeth_shape01.mat using Guid(aac0272b1022b28439b142076400f204) Importer(2089858483,b0f066a214c2f5e87bad3c948f4d605d) (ScriptedImporter) -> (Import Result ID: '4c2df26da923433aa9a8eb1ffdcd276b') in 0.01224 seconds [static and dynamic dependencies]. Details - ImportResultOutputID=37ab8dd7e4f2e6424b6f19f1d37ba73b DependenciesID=84bceda8f8a45eaaaf70aeb4e63c279b StaticDependenciesID=9ff640a38bbeffcfd2de8aabd84d7c12 
Number of updated asset objects reloaded before import = 0Number of asset objects unloaded after import = 1

========================================================================
Received Import Request.
  Time since last request: 0.000032 seconds.
  path: Assets/Scenes/StepSlides.cs
  importAddress: Guid(8cb91f5daa69b87419ee7e5eed0aac07) Importer(2089858483,b0f066a214c2f5e87bad3c948f4d605d)
Start importing Assets/Scenes/StepSlides.cs using Guid(8cb91f5daa69b87419ee7e5eed0aac07) Importer(2089858483,b0f066a214c2f5e87bad3c948f4d605d) (ScriptedImporter) -> (Import Result ID: '3511928dc085da13c15ac3739803e08f') in 0.005358 seconds [static and dynamic dependencies]. Details - ImportResultOutputID=2d51d100934fd5de433c376555ea847d DependenciesID=bdef8b90a1246090ddb82e510629dbe6 StaticDependenciesID=5232ac26305a89378419b58de00c86b7 
Number of updated asset objects reloaded before import = 0Number of asset objects unloaded after import = 0

========================================================================
Received Import Request.
  Time since last request: 0.000076 seconds.
  path: Assets/Prefabs/Sky.prefab
  importAddress: Guid(43ff9f8159bf02740a9e4ee28d2f85fb) Importer(2089858483,b0f066a214c2f5e87bad3c948f4d605d)
Start importing Assets/Prefabs/Sky.prefab using Guid(43ff9f8159bf02740a9e4ee28d2f85fb) Importer(2089858483,b0f066a214c2f5e87bad3c948f4d605d) (ScriptedImporter) -> (Import Result ID: 'eafda8da644871fea142a5b31110cdf7') in 0.0141656 seconds [static and dynamic dependencies]. Details - ImportResultOutputID=d86046c6496a89d8da7e9a32173bfe31 DependenciesID=6e4a48239e245904c6456e172bb15f66 StaticDependenciesID=d9040ccbe5dc7e2f5042cb87354ac4d5 
Number of updated asset objects reloaded before import = 0Number of asset objects unloaded after import = 7

========================================================================
Received Import Request.
  Time since last request: 0.000035 seconds.
  path: Assets/mokrane/nvmo9ranmpfb.fbx
  importAddress: Guid(d381eda31877f854c8424d50694d87b0) Importer(2089858483,b0f066a214c2f5e87bad3c948f4d605d)
Start importing Assets/mokrane/nvmo9ranmpfb.fbx using Guid(d381eda31877f854c8424d50694d87b0) Importer(2089858483,b0f066a214c2f5e87bad3c948f4d605d) (ScriptedImporter) -> (Import Result ID: '7554981eb897ab398f0d37211aa2cf6e') in 0.0495578 seconds [static and dynamic dependencies]. Details - ImportResultOutputID=1719da9517f69f114adb682d1d749e11 DependenciesID=30264afb31b87af23ce85e2ac22ebbb3 StaticDependenciesID=af45413e2589b81af05d982f8699d5fb 
Number of updated asset objects reloaded before import = 0Number of asset objects unloaded after import = 414

========================================================================
Received Import Request.
  Time since last request: 0.000040 seconds.
  path: Assets/Materials/Sparkle.mat
  importAddress: Guid(04421d6c9a0d6724b82f7dbaddd32bab) Importer(2089858483,b0f066a214c2f5e87bad3c948f4d605d)
Start importing Assets/Materials/Sparkle.mat using Guid(04421d6c9a0d6724b82f7dbaddd32bab) Importer(2089858483,b0f066a214c2f5e87bad3c948f4d605d) (ScriptedImporter) -> (Import Result ID: 'afca5de799d522f5c0892ee9dd63fb99') in 0.0071819 seconds [static and dynamic dependencies]. Details - ImportResultOutputID=fe6a7b689f300916cd09ebb5d1243f13 DependenciesID=02fa777f470bdddb2801d73debd30fc0 StaticDependenciesID=31e621aff91f726bb2f106db24c6ee94 
Number of updated asset objects reloaded before import = 0Number of asset objects unloaded after import = 2

========================================================================
Received Import Request.
  Time since last request: 0.000026 seconds.
  path: Assets/Scenes/MainMenu.unity
  importAddress: Guid(d5deb6e949fc69b44b8570ff97f0b641) Importer(2089858483,b0f066a214c2f5e87bad3c948f4d605d)
Start importing Assets/Scenes/MainMenu.unity using Guid(d5deb6e949fc69b44b8570ff97f0b641) Importer(2089858483,b0f066a214c2f5e87bad3c948f4d605d) (ScriptedImporter) -> (Import Result ID: 'bef6169982808f9f5a4f4be9e3d76188') in 0.0083799 seconds [static and dynamic dependencies]. Details - ImportResultOutputID=5f87bfe91c13a594a7b3602dc4556146 DependenciesID=876925915e41da51878bb0a11bdcc6ad StaticDependenciesID=3578f64e9b78a8cdbd78a7f7d49d4fb2 
Number of updated asset objects reloaded before import = 0Number of asset objects unloaded after import = 1

========================================================================
Received Import Request.
  Time since last request: 0.000030 seconds.
  path: Assets/Materials/Stone.mat
  importAddress: Guid(f3990293bef2fe54697307460d45c3e2) Importer(2089858483,b0f066a214c2f5e87bad3c948f4d605d)
Start importing Assets/Materials/Stone.mat using Guid(f3990293bef2fe54697307460d45c3e2) Importer(2089858483,b0f066a214c2f5e87bad3c948f4d605d) (ScriptedImporter) -> (Import Result ID: '121946793029a0e41dbaca0c894f08c2') in 0.0093541 seconds [static and dynamic dependencies]. Details - ImportResultOutputID=4e06bd06e2e6f0eb49c5640ee5101966 DependenciesID=2257230ac8f32c046ca68b738c16af10 StaticDependenciesID=3467b014d0e14041f5be08a53d7ca5ed 
Number of updated asset objects reloaded before import = 0Number of asset objects unloaded after import = 2

========================================================================
Received Import Request.
  Time since last request: 0.000024 seconds.
  path: Assets/Materials/Rubbish.mat
  importAddress: Guid(10e8db89de774a84c9cfd9eb0e469ae0) Importer(2089858483,b0f066a214c2f5e87bad3c948f4d605d)
Start importing Assets/Materials/Rubbish.mat using Guid(10e8db89de774a84c9cfd9eb0e469ae0) Importer(2089858483,b0f066a214c2f5e87bad3c948f4d605d) (ScriptedImporter) -> (Import Result ID: 'a1b37511ff3cf866bcb9d3414eba0084') in 0.0094863 seconds [static and dynamic dependencies]. Details - ImportResultOutputID=ef9e6e7155e2ea63bab3f95a56d20387 DependenciesID=cf294ecfab08e55efee087f4043fd136 StaticDependenciesID=f6875395e819e8bdfa0497e50210a303 
Number of updated asset objects reloaded before import = 0Number of asset objects unloaded after import = 2

========================================================================
Received Import Request.
  Time since last request: 0.000034 seconds.
  path: Assets/Materials/WarningLight.mat
  importAddress: Guid(0fe38f4066e12ac48a6be1778e8a8f3c) Importer(2089858483,b0f066a214c2f5e87bad3c948f4d605d)
Start importing Assets/Materials/WarningLight.mat using Guid(0fe38f4066e12ac48a6be1778e8a8f3c) Importer(2089858483,b0f066a214c2f5e87bad3c948f4d605d) (ScriptedImporter) -> (Import Result ID: 'ef7a37e8f56fa589b15a98b85621f2f0') in 0.0111767 seconds [static and dynamic dependencies]. Details - ImportResultOutputID=c3dc889191f563ff061652aa9c90f8c6 DependenciesID=902db75edd16c3793381cf4ca07c1e38 StaticDependenciesID=df2069ac3525be3b6e7f0e75e5f963dc 
Number of updated asset objects reloaded before import = 0Number of asset objects unloaded after import = 2

========================================================================
Received Import Request.
  Time since last request: 0.000028 seconds.
  path: Assets/Materials/VCOL.mat
  importAddress: Guid(a1da5a75d83b2b64d9684707d810f8c7) Importer(2089858483,b0f066a214c2f5e87bad3c948f4d605d)
Start importing Assets/Materials/VCOL.mat using Guid(a1da5a75d83b2b64d9684707d810f8c7) Importer(2089858483,b0f066a214c2f5e87bad3c948f4d605d) (ScriptedImporter) -> (Import Result ID: 'b657c9207df7d0d0b22bbdaaf971c59c') in 0.0068593 seconds [static and dynamic dependencies]. Details - ImportResultOutputID=a524fd73796b31953d777038da8c9485 DependenciesID=fccaa7ee1bd9c9a3391dbb185f0fd97c StaticDependenciesID=5be64bbb0e1029b4a021965dc6b30a2f 
Number of updated asset objects reloaded before import = 0Number of asset objects unloaded after import = 1

========================================================================
Received Import Request.
  Time since last request: 0.000052 seconds.
  path: Assets/Scripts/Coin.cs
  importAddress: Guid(6b1d85a2c7e28e1459060064df24f9b7) Importer(2089858483,b0f066a214c2f5e87bad3c948f4d605d)
Start importing Assets/Scripts/Coin.cs using Guid(6b1d85a2c7e28e1459060064df24f9b7) Importer(2089858483,b0f066a214c2f5e87bad3c948f4d605d) (ScriptedImporter) -> (Import Result ID: '79ca545ff26c7a4b20145d0bcacf7bf5') in 0.0061851 seconds [static and dynamic dependencies]. Details - ImportResultOutputID=cc4fa44ae8a102c464702febb3a390f3 DependenciesID=3d2489775109437e007fb46e7ba9d715 StaticDependenciesID=d54d64f5b6bba465823292bd5fd8d51e 
Number of updated asset objects reloaded before import = 0Number of asset objects unloaded after import = 0

========================================================================
Received Import Request.
  Time since last request: 0.000091 seconds.
  path: Assets/plan/casbah1.png
  importAddress: Guid(1aac59e8dbfe0ac4eab711f6d5ee601b) Importer(2089858483,b0f066a214c2f5e87bad3c948f4d605d)
Start importing Assets/plan/casbah1.png using Guid(1aac59e8dbfe0ac4eab711f6d5ee601b) Importer(2089858483,b0f066a214c2f5e87bad3c948f4d605d) (ScriptedImporter) -> (Import Result ID: '33f8ba8e1be418620e34377f5a9718ce') in 0.013743 seconds [static and dynamic dependencies]. Details - ImportResultOutputID=cc344169e865ac74796878e0f31889d7 DependenciesID=aef51d87c4cc20f7f08f2c46e5e55299 StaticDependenciesID=e0bb0057da2a63cd06d740d2a13a3b3d 
Number of updated asset objects reloaded before import = 0Number of asset objects unloaded after import = 1

========================================================================
Received Import Request.
  Time since last request: 0.000108 seconds.
  path: Assets/Materials/WheelyBin.mat
  importAddress: Guid(7240c07fe5949594d986ba5a52ff74a3) Importer(2089858483,b0f066a214c2f5e87bad3c948f4d605d)
Start importing Assets/Materials/WheelyBin.mat using Guid(7240c07fe5949594d986ba5a52ff74a3) Importer(2089858483,b0f066a214c2f5e87bad3c948f4d605d) (ScriptedImporter) -> (Import Result ID: 'cf121cedacb0934a74b9145854d0b31c') in 0.0102474 seconds [static and dynamic dependencies]. Details - ImportResultOutputID=f4318e9a86955e0160420166fea438d1 DependenciesID=f2e86c4024c058f377edda66858f8106 StaticDependenciesID=c25d32b86ca981af56ae48bc1a39e1d3 
Number of updated asset objects reloaded before import = 0Number of asset objects unloaded after import = 2

========================================================================
Received Import Request.
  Time since last request: 0.000031 seconds.
  path: Assets/Materials/SmokePuff.mat
  importAddress: Guid(4522020fbcc785746b2791879f215e4a) Importer(2089858483,b0f066a214c2f5e87bad3c948f4d605d)
Start importing Assets/Materials/SmokePuff.mat using Guid(4522020fbcc785746b2791879f215e4a) Importer(2089858483,b0f066a214c2f5e87bad3c948f4d605d) (ScriptedImporter) -> (Import Result ID: '5546d24eda568375039f95c4ff45cf47') in 0.0338644 seconds [static and dynamic dependencies]. Details - ImportResultOutputID=ec7cbecef706a492d9d4ed24328661db DependenciesID=11311888b1637f1dc78a366394d772f1 StaticDependenciesID=0eca50671e7e354852b0c8089892d950 
Number of updated asset objects reloaded before import = 0Number of asset objects unloaded after import = 2

========================================================================
Received Import Request.
  Time since last request: 0.000122 seconds.
  path: Assets/mokrane/mo9ran1.high-poly.mat
  importAddress: Guid(549ca504776cb5c4aabfba67d9cefdd8) Importer(2089858483,b0f066a214c2f5e87bad3c948f4d605d)
Start importing Assets/mokrane/mo9ran1.high-poly.mat using Guid(549ca504776cb5c4aabfba67d9cefdd8) Importer(2089858483,b0f066a214c2f5e87bad3c948f4d605d) (ScriptedImporter) -> (Import Result ID: '75cd20b90ee0fc4208f2b340d7167fa6') in 0.0143377 seconds [static and dynamic dependencies]. Details - ImportResultOutputID=510c0e8ffba58287ea536fc0cb0cc556 DependenciesID=6c33d5f91ac8ecb70d6b049243d32b49 StaticDependenciesID=7cd90804f41175f1f2bd7d0cf0bcd44c 
Number of updated asset objects reloaded before import = 0Number of asset objects unloaded after import = 1

========================================================================
Received Import Request.
  Time since last request: 0.001071 seconds.
  path: Assets/Scripts/LevelLoader.cs
  importAddress: Guid(f27c0ab46fc60b54c9418f9a53ce6448) Importer(2089858483,b0f066a214c2f5e87bad3c948f4d605d)
Start importing Assets/Scripts/LevelLoader.cs using Guid(f27c0ab46fc60b54c9418f9a53ce6448) Importer(2089858483,b0f066a214c2f5e87bad3c948f4d605d) (ScriptedImporter) -> (Import Result ID: '21f2dac0ddba1ac12cfcc888df9d4576') in 0.0196791 seconds [static and dynamic dependencies]. Details - ImportResultOutputID=576df1774c39122bf02b48e9b45540c3 DependenciesID=2597bc186aeb070953e73502d2ff752a StaticDependenciesID=a0f5e3df89dfc5b0eabf8750ffda5def 
Number of updated asset objects reloaded before import = 0Number of asset objects unloaded after import = 0

========================================================================
Received Import Request.
  Time since last request: 0.000194 seconds.
  path: Assets/Materials/WoodSlats.mat
  importAddress: Guid(da664df448f82244e9298f1b25ecab3b) Importer(2089858483,b0f066a214c2f5e87bad3c948f4d605d)
Start importing Assets/Materials/WoodSlats.mat using Guid(da664df448f82244e9298f1b25ecab3b) Importer(2089858483,b0f066a214c2f5e87bad3c948f4d605d) (ScriptedImporter) -> (Import Result ID: 'ba10654e52dc3b729f65d99f71b63cde') in 0.0080564 seconds [static and dynamic dependencies]. Details - ImportResultOutputID=953e29f7204a57086bec7f0c972f5d9a DependenciesID=29a076a7b8daa2ca32b64a7b5d273229 StaticDependenciesID=90a10bddf5bb5a9902965ca570fbf518 
Number of updated asset objects reloaded before import = 0Number of asset objects unloaded after import = 2

========================================================================
Received Import Request.
  Time since last request: 0.000029 seconds.
  path: Assets/Scenes/level3.unity
  importAddress: Guid(410b020788a49bc45b7c3a647d65adcc) Importer(2089858483,b0f066a214c2f5e87bad3c948f4d605d)
Start importing Assets/Scenes/level3.unity using Guid(410b020788a49bc45b7c3a647d65adcc) Importer(2089858483,b0f066a214c2f5e87bad3c948f4d605d) (ScriptedImporter) -> (Import Result ID: '85e16f071a2301aca1920902eedf9edd') in 0.0174028 seconds [static and dynamic dependencies]. Details - ImportResultOutputID=6abef7d4b5925c0f8ffb3c74d25374ec DependenciesID=4e4d0b5be211bf3ecfa8639c9dcbd2da StaticDependenciesID=f157a13e476bd395f2a81c32a5c3dd67 
Number of updated asset objects reloaded before import = 0Number of asset objects unloaded after import = 1

========================================================================
Received Import Request.
  Time since last request: 0.000032 seconds.
  path: Assets/Scenes/Main.unity
  importAddress: Guid(678d462d33ebdd7419400a9476bf6759) Importer(2089858483,b0f066a214c2f5e87bad3c948f4d605d)
Start importing Assets/Scenes/Main.unity using Guid(678d462d33ebdd7419400a9476bf6759) Importer(2089858483,b0f066a214c2f5e87bad3c948f4d605d) (ScriptedImporter) -> (Import Result ID: 'fc88a30ad3593833ec4877b88bc539cb') in 0.0230784 seconds [static and dynamic dependencies]. Details - ImportResultOutputID=fc113d5cf385ec1713b84925aa68f36e DependenciesID=0c59ed3d1596f17236f0970271f3621e StaticDependenciesID=b75f6ffa6d407507a3982d326da9dff5 
Number of updated asset objects reloaded before import = 0Number of asset objects unloaded after import = 1

========================================================================
Received Import Request.
  Time since last request: 0.000077 seconds.
  path: Assets/Font/FontLicense.txt
  importAddress: Guid(cb89e33902259704db92150f0a4ef290) Importer(2089858483,b0f066a214c2f5e87bad3c948f4d605d)
Start importing Assets/Font/FontLicense.txt using Guid(cb89e33902259704db92150f0a4ef290) Importer(2089858483,b0f066a214c2f5e87bad3c948f4d605d) (ScriptedImporter) -> (Import Result ID: '256b805d47ea598e42a70b9c34ebfae4') in 0.0045087 seconds [static and dynamic dependencies]. Details - ImportResultOutputID=d6f63ee93d1b67c118d5e0f5e81650e4 DependenciesID=226acc4cf484235ad92698ca06386506 StaticDependenciesID=56c370504b49a6c7e4858e3f5fbbe3e9 
Number of updated asset objects reloaded before import = 0Number of asset objects unloaded after import = 1

========================================================================
Received Import Request.
  Time since last request: 0.000059 seconds.
  path: Assets/Materials/StarOuter.mat
  importAddress: Guid(c7c53bd5f7e5a31479f9295710f0c921) Importer(2089858483,b0f066a214c2f5e87bad3c948f4d605d)
Start importing Assets/Materials/StarOuter.mat using Guid(c7c53bd5f7e5a31479f9295710f0c921) Importer(2089858483,b0f066a214c2f5e87bad3c948f4d605d) (ScriptedImporter) -> (Import Result ID: '33006b52a2c0fea78dc161a8b7306307') in 0.0115691 seconds [static and dynamic dependencies]. Details - ImportResultOutputID=a5f1c4c9f6de0655dae113a99191996b DependenciesID=728198aa14acd0becf047df4ef32b3ce StaticDependenciesID=5c08b01c0505aa40d5eec66156e825df 
Number of updated asset objects reloaded before import = 0Number of asset objects unloaded after import = 2

========================================================================
Received Import Request.
  Time since last request: 0.000025 seconds.
  path: Assets/Animation/Cat_IdleSad.fbx
  importAddress: Guid(ad6ac1be502324545a7eb918b123e7dc) Importer(2089858483,b0f066a214c2f5e87bad3c948f4d605d)
Start importing Assets/Animation/Cat_IdleSad.fbx using Guid(ad6ac1be502324545a7eb918b123e7dc) Importer(2089858483,b0f066a214c2f5e87bad3c948f4d605d) (ScriptedImporter) -> (Import Result ID: '3d90c99ea00df908e5cfb59dd1006745') in 0.0182431 seconds [static and dynamic dependencies]. Details - ImportResultOutputID=e38314a90e2464b1a4b6281ad240ce8e DependenciesID=dd0cb3ab40794df9920c44a29751fdbb StaticDependenciesID=f43b939b08cd59550bed89022cd7e2fd 
Number of updated asset objects reloaded before import = 0Number of asset objects unloaded after import = 99

========================================================================
Received Import Request.
  Time since last request: 0.000022 seconds.
  path: Assets/Materials/Fishbone.mat
  importAddress: Guid(b2a61585b42736f498a47f62a7424de1) Importer(2089858483,b0f066a214c2f5e87bad3c948f4d605d)
Start importing Assets/Materials/Fishbone.mat using Guid(b2a61585b42736f498a47f62a7424de1) Importer(2089858483,b0f066a214c2f5e87bad3c948f4d605d) (ScriptedImporter) -> (Import Result ID: 'f651b04a7a0a20b063e8883ea782b318') in 0.0132484 seconds [static and dynamic dependencies]. Details - ImportResultOutputID=e63306299a44627acae7602d4bede7c5 DependenciesID=891b564e10f847c88b9dc17cb4e64338 StaticDependenciesID=a0cdfb882a4f6357cd39c33486336ef4 
Number of updated asset objects reloaded before import = 0Number of asset objects unloaded after import = 2

========================================================================
Received Import Request.
  Time since last request: 0.000023 seconds.
  path: Assets/Prefabs/StraightLine.prefab
  importAddress: Guid(6544c21b25704ab4e9c8cd6a6d503dad) Importer(2089858483,b0f066a214c2f5e87bad3c948f4d605d)
Start importing Assets/Prefabs/StraightLine.prefab using Guid(6544c21b25704ab4e9c8cd6a6d503dad) Importer(2089858483,b0f066a214c2f5e87bad3c948f4d605d) (ScriptedImporter) -> (Import Result ID: '79fab45af49f432e26251f993b5a9f89') in 0.0096238 seconds [static and dynamic dependencies]. Details - ImportResultOutputID=4a8cc625cb2cc368adfd8fcffe3570f6 DependenciesID=ec073849799adba52f50519c5bc3d2d5 StaticDependenciesID=47ec0bfe02d436be233e6575af7c0acf 
Number of updated asset objects reloaded before import = 0Number of asset objects unloaded after import = 16

========================================================================
Received Import Request.
  Time since last request: 0.000028 seconds.
  path: Assets/Materials/ExtraLifeParticle.mat
  importAddress: Guid(ad7dda0662972b74ab9993189ff514c0) Importer(2089858483,b0f066a214c2f5e87bad3c948f4d605d)
Start importing Assets/Materials/ExtraLifeParticle.mat using Guid(ad7dda0662972b74ab9993189ff514c0) Importer(2089858483,b0f066a214c2f5e87bad3c948f4d605d) (ScriptedImporter) -> (Import Result ID: 'e46b16c37ef79b238d5a24853e959c74') in 0.0111412 seconds [static and dynamic dependencies]. Details - ImportResultOutputID=640a628d0aa3a762b28343e2b81018af DependenciesID=b6af65627774134ceddb9f162fc524a2 StaticDependenciesID=498623ab77f0bd954ab5fba021db2ffe 
Number of updated asset objects reloaded before import = 0Number of asset objects unloaded after import = 2

========================================================================
Received Import Request.
  Time since last request: 0.000028 seconds.
  path: Assets/Animation/Cat_Death.fbx
  importAddress: Guid(0c122afc4ce1dbf4891452b6c09e6f9d) Importer(2089858483,b0f066a214c2f5e87bad3c948f4d605d)
Start importing Assets/Animation/Cat_Death.fbx using Guid(0c122afc4ce1dbf4891452b6c09e6f9d) Importer(2089858483,b0f066a214c2f5e87bad3c948f4d605d) (ScriptedImporter) -> (Import Result ID: '47b614e33047f438b4144a6864e4c22e') in 0.0202925 seconds [static and dynamic dependencies]. Details - ImportResultOutputID=4d8b26373adb4201208428b215dda810 DependenciesID=7a04930b1c758347ab62138f3b3473c6 StaticDependenciesID=f4a9ceb6a35762971aa904a8a93acd1e 
Number of updated asset objects reloaded before import = 0Number of asset objects unloaded after import = 99

========================================================================
Received Import Request.
  Time since last request: 0.000021 seconds.
  path: Assets/Scenes/Start.unity
  importAddress: Guid(66b8e0d49d006dd4cb32d8b0fa444728) Importer(2089858483,b0f066a214c2f5e87bad3c948f4d605d)
Start importing Assets/Scenes/Start.unity using Guid(66b8e0d49d006dd4cb32d8b0fa444728) Importer(2089858483,b0f066a214c2f5e87bad3c948f4d605d) (ScriptedImporter) -> (Import Result ID: 'ae97d96106342ccdd66232320fc67bac') in 0.0099234 seconds [static and dynamic dependencies]. Details - ImportResultOutputID=5b35313ea804fe0d94b52d49ac686158 DependenciesID=6919e5caa6b1be292f365de4f4c8ecac StaticDependenciesID=f0097ad0b8dfa331b0d1c8619ac678ca 
Number of updated asset objects reloaded before import = 0Number of asset objects unloaded after import = 1

========================================================================
Received Import Request.
  Time since last request: 0.000022 seconds.
  path: Assets/Models/Shield.fbx
  importAddress: Guid(37cbb173dc561454a8010754bf702b66) Importer(2089858483,b0f066a214c2f5e87bad3c948f4d605d)
Start importing Assets/Models/Shield.fbx using Guid(37cbb173dc561454a8010754bf702b66) Importer(2089858483,b0f066a214c2f5e87bad3c948f4d605d) (ScriptedImporter) -> (Import Result ID: '669c4e0fbf83f3fdc9da4ebdf5bd8f89') in 0.0234662 seconds [static and dynamic dependencies]. Details - ImportResultOutputID=8398d42c1215d6bfc15bd5e4b84b5145 DependenciesID=d2395eb3d79d47e37f162d05f237a862 StaticDependenciesID=54e4d0498640e3932c0bdb68824da850 
Number of updated asset objects reloaded before import = 0Number of asset objects unloaded after import = 10

========================================================================
Received Import Request.
  Time since last request: 0.000042 seconds.
  path: Assets/Materials/Graffiti.mat
  importAddress: Guid(8ae7f702ec351074699756ad9e5ccd8a) Importer(2089858483,b0f066a214c2f5e87bad3c948f4d605d)
Start importing Assets/Materials/Graffiti.mat using Guid(8ae7f702ec351074699756ad9e5ccd8a) Importer(2089858483,b0f066a214c2f5e87bad3c948f4d605d) (ScriptedImporter) -> (Import Result ID: '013ac74ad8dee23d13b0a1886ac0ec64') in 0.0075849 seconds [static and dynamic dependencies]. Details - ImportResultOutputID=f1019fdc3e1b18f07d20d57ab4550ba9 DependenciesID=b3c1702a032ee1504c97bf02f1cb5a70 StaticDependenciesID=1f0e396b02bcc91d2ea8481158996395 
Number of updated asset objects reloaded before import = 0Number of asset objects unloaded after import = 1

========================================================================
Received Import Request.
  Time since last request: 0.000072 seconds.
  path: Assets/Animation/Heart.anim
  importAddress: Guid(b350d3184107b8b41a8bda36a0a51445) Importer(2089858483,b0f066a214c2f5e87bad3c948f4d605d)
Start importing Assets/Animation/Heart.anim using Guid(b350d3184107b8b41a8bda36a0a51445) Importer(2089858483,b0f066a214c2f5e87bad3c948f4d605d) (ScriptedImporter) -> (Import Result ID: '4990fea72b082a0353efabdff2cca100') in 0.0088085 seconds [static and dynamic dependencies]. Details - ImportResultOutputID=314b3319018f58b0e424cc01e42676d3 DependenciesID=07453d30f9691451e83c132d6a8d5c80 StaticDependenciesID=4fccf407c760febaa55ad3efc290b569 
Number of updated asset objects reloaded before import = 0Number of asset objects unloaded after import = 1

========================================================================
Received Import Request.
  Time since last request: 0.000080 seconds.
  path: Assets/Models/Dog.FBX
  importAddress: Guid(7fe3125bc2e932445827149ef4cf8111) Importer(2089858483,b0f066a214c2f5e87bad3c948f4d605d)
Start importing Assets/Models/Dog.FBX using Guid(7fe3125bc2e932445827149ef4cf8111) Importer(2089858483,b0f066a214c2f5e87bad3c948f4d605d) (ScriptedImporter)MaterialLocation.External is obsolete. External Material Location is no longer supported. (Assets/Models/Dog.FBX)
 -> (Import Result ID: '1de4666d1019a157b36662924fcda176') in 0.0178652 seconds [static and dynamic dependencies]. Details - ImportResultOutputID=a08e6fa0006cbbf6acb77bd3fa9fa41f DependenciesID=afbca420a6a464e68cfb0ef1fad998a4 StaticDependenciesID=97c2a9e1bf34d577dddf52d4539c9c2c 
Number of updated asset objects reloaded before import = 0Number of asset objects unloaded after import = 10

========================================================================
Received Import Request.
  Time since last request: 0.000023 seconds.
  path: Assets/Animation/Cat_Slide.fbx
  importAddress: Guid(f0abd8be76cd66f46bdba3dd45ee62d3) Importer(2089858483,b0f066a214c2f5e87bad3c948f4d605d)
Start importing Assets/Animation/Cat_Slide.fbx using Guid(f0abd8be76cd66f46bdba3dd45ee62d3) Importer(2089858483,b0f066a214c2f5e87bad3c948f4d605d) (ScriptedImporter) -> (Import Result ID: 'ba4da71dbd9c00074fa46a8f89c5b2f3') in 0.0176906 seconds [static and dynamic dependencies]. Details - ImportResultOutputID=2e81eb06e8b85d9cff8f8ab5b6032e5b DependenciesID=61af7aa4b6c3f8dc00aa2569e5cd3072 StaticDependenciesID=25f59abcdc9f9a05f43b527fc0d8ed66 
Number of updated asset objects reloaded before import = 0Number of asset objects unloaded after import = 99

========================================================================
Received Import Request.
  Time since last request: 0.000030 seconds.
  path: Assets/Models/Rat.fbx
  importAddress: Guid(24b9245bce05384439fa7fcfc8f87224) Importer(2089858483,b0f066a214c2f5e87bad3c948f4d605d)
Start importing Assets/Models/Rat.fbx using Guid(24b9245bce05384439fa7fcfc8f87224) Importer(2089858483,b0f066a214c2f5e87bad3c948f4d605d) (ScriptedImporter) -> (Import Result ID: 'b40742382b6fa8fa2ebde7053e1830e3') in 0.0180973 seconds [static and dynamic dependencies]. Details - ImportResultOutputID=997935c538b98881ca7777803c1c07aa DependenciesID=9546644ff98dfb1434909d037eef2ba5 StaticDependenciesID=3fac67797b7f073181d14c1643ab8702 
Number of updated asset objects reloaded before import = 0Number of asset objects unloaded after import = 11

========================================================================
Received Import Request.
  Time since last request: 0.000025 seconds.
  path: Assets/Materials/TreeBranch.mat
  importAddress: Guid(a31a8a627e6f7d24aa0af123ce1403c6) Importer(2089858483,b0f066a214c2f5e87bad3c948f4d605d)
Start importing Assets/Materials/TreeBranch.mat using Guid(a31a8a627e6f7d24aa0af123ce1403c6) Importer(2089858483,b0f066a214c2f5e87bad3c948f4d605d) (ScriptedImporter) -> (Import Result ID: 'e324a5d105755d368e91490c9c4dde7a') in 0.0113795 seconds [static and dynamic dependencies]. Details - ImportResultOutputID=230a566b5b511cbff00781445c9fa742 DependenciesID=91a9402248144a1786400b0fc0803210 StaticDependenciesID=2d7bd162b61f65148ee92172b5c2e17b 
Number of updated asset objects reloaded before import = 0Number of asset objects unloaded after import = 2

========================================================================
Received Import Request.
  Time since last request: 0.000030 seconds.
  path: Assets/Materials/CloudMaterial.mat
  importAddress: Guid(11a0d3ec49f92f54996214abdc26076e) Importer(2089858483,b0f066a214c2f5e87bad3c948f4d605d)
Start importing Assets/Materials/CloudMaterial.mat using Guid(11a0d3ec49f92f54996214abdc26076e) Importer(2089858483,b0f066a214c2f5e87bad3c948f4d605d) (ScriptedImporter) -> (Import Result ID: '016e259c1fb9f7c78fb5b1c89a5e5fe1') in 0.0070707 seconds [static and dynamic dependencies]. Details - ImportResultOutputID=19229b0311b40561fa72ab7bd77a8747 DependenciesID=9c0eed6e2bd7d109cf908b72cc40cd73 StaticDependenciesID=367fbd371442e35100d0e884b878f10f 
Number of updated asset objects reloaded before import = 0Number of asset objects unloaded after import = 1

========================================================================
Received Import Request.
  Time since last request: 0.000079 seconds.
  path: Assets/Materials/DefaultParticleReplacementMaterial.mat
  importAddress: Guid(e51bbcfc510c86f4c9669cd35e38c510) Importer(2089858483,b0f066a214c2f5e87bad3c948f4d605d)
Start importing Assets/Materials/DefaultParticleReplacementMaterial.mat using Guid(e51bbcfc510c86f4c9669cd35e38c510) Importer(2089858483,b0f066a214c2f5e87bad3c948f4d605d) (ScriptedImporter) -> (Import Result ID: '5313e51dd3c3c1108765c4e645bed7ab') in 0.0096994 seconds [static and dynamic dependencies]. Details - ImportResultOutputID=3d520ebc119fb856fd649b9a2f6820ce DependenciesID=dc01570e1d28a082b433362712629370 StaticDependenciesID=61d5bd300eb27455332a7d54773ab1db 
Number of updated asset objects reloaded before import = 0Number of asset objects unloaded after import = 1

========================================================================
Received Import Request.
  Time since last request: 0.000025 seconds.
  path: Assets/mokrane/makeskinmaterial.004.mat
  importAddress: Guid(101ab654de844fb46bcc0893c217fe04) Importer(2089858483,b0f066a214c2f5e87bad3c948f4d605d)
Start importing Assets/mokrane/makeskinmaterial.004.mat using Guid(101ab654de844fb46bcc0893c217fe04) Importer(2089858483,b0f066a214c2f5e87bad3c948f4d605d) (ScriptedImporter) -> (Import Result ID: 'bbee3aab1178389624cc2e095f205c82') in 0.0071439 seconds [static and dynamic dependencies]. Details - ImportResultOutputID=7d6c9d36c4d109f8442d21771358da9b DependenciesID=f9a4c2c4504b61a77e989fa25c3388ae StaticDependenciesID=6135ac52624aecf3d790e074dca40cae 
Number of updated asset objects reloaded before import = 0Number of asset objects unloaded after import = 1

========================================================================
Received Import Request.
  Time since last request: 0.000144 seconds.
  path: Assets/Materials/LightGlow.mat
  importAddress: Guid(b0300d94f57f56b42bcdc8dd2c4319f8) Importer(2089858483,b0f066a214c2f5e87bad3c948f4d605d)
Start importing Assets/Materials/LightGlow.mat using Guid(b0300d94f57f56b42bcdc8dd2c4319f8) Importer(2089858483,b0f066a214c2f5e87bad3c948f4d605d) (ScriptedImporter) -> (Import Result ID: 'd0406dba25e96df368fa6dc4f7bd023f') in 0.0101409 seconds [static and dynamic dependencies]. Details - ImportResultOutputID=60f45120a3222793da4877d43611eb8a DependenciesID=b992e1a53f8f3daf3e17ad722ed23079 StaticDependenciesID=d416ffa3390c992c46c66576e0a823b6 
Number of updated asset objects reloaded before import = 0Number of asset objects unloaded after import = 2

========================================================================
Received Import Request.
  Time since last request: 0.000030 seconds.
  path: Assets/ThirdPersonCamera.cs
  importAddress: Guid(1aafc5ec70e589c49a9934412b4e8797) Importer(2089858483,b0f066a214c2f5e87bad3c948f4d605d)
Start importing Assets/ThirdPersonCamera.cs using Guid(1aafc5ec70e589c49a9934412b4e8797) Importer(2089858483,b0f066a214c2f5e87bad3c948f4d605d) (ScriptedImporter) -> (Import Result ID: '814cec5ad1344794f66a51f48d921642') in 0.0036596 seconds [static and dynamic dependencies]. Details - ImportResultOutputID=9976c80895afab0ca60049036ac30f56 DependenciesID=5b805145dbd5c7711d42dc492f2d26c3 StaticDependenciesID=07429b00024e17cc4f464fed2f9a1c6f 
Number of updated asset objects reloaded before import = 0Number of asset objects unloaded after import = 0

========================================================================
Received Import Request.
  Time since last request: 0.000043 seconds.
  path: Assets/Animation/Cat_Idle2.fbx
  importAddress: Guid(4b9ee049a28fd754fa0bcc69d030a1fd) Importer(2089858483,b0f066a214c2f5e87bad3c948f4d605d)
Start importing Assets/Animation/Cat_Idle2.fbx using Guid(4b9ee049a28fd754fa0bcc69d030a1fd) Importer(2089858483,b0f066a214c2f5e87bad3c948f4d605d) (ScriptedImporter) -> (Import Result ID: '6f0c9524904c2165ab2e37aa6b8c87bb') in 0.0187175 seconds [static and dynamic dependencies]. Details - ImportResultOutputID=69988adc7b1d7218c646faa67524f71b DependenciesID=bf3c45196f1392a5f88c636909488243 StaticDependenciesID=22a42be07c57c5a1ffc46e7d7a9a36fb 
Number of updated asset objects reloaded before import = 0Number of asset objects unloaded after import = 99

========================================================================
Received Import Request.
  Time since last request: 0.000040 seconds.
  path: Assets/Animation/ObstacleRoadWorksBarrier_Death.fbx
  importAddress: Guid(3bbb4725b7e107143a0d7eeaa52be855) Importer(2089858483,b0f066a214c2f5e87bad3c948f4d605d)
Start importing Assets/Animation/ObstacleRoadWorksBarrier_Death.fbx using Guid(3bbb4725b7e107143a0d7eeaa52be855) Importer(2089858483,b0f066a214c2f5e87bad3c948f4d605d) (ScriptedImporter) -> (Import Result ID: 'c0f8a20968795493189b62a58a5670d6') in 0.0216418 seconds [static and dynamic dependencies]. Details - ImportResultOutputID=00f04f4d57269601cef2a855ac5ba7ec DependenciesID=02b4411c1a3ef364af48c0f6576705ea StaticDependenciesID=f471603468a929bf7f9eede66790bd2e 
Number of updated asset objects reloaded before import = 0Number of asset objects unloaded after import = 10

========================================================================
Received Import Request.
  Time since last request: 0.241786 seconds.
  path: Assets/Scripts/OpenURL.cs
  importAddress: Guid(99717f894ae2497458966d2b29013ccd) Importer(2089858483,b0f066a214c2f5e87bad3c948f4d605d)
Start importing Assets/Scripts/OpenURL.cs using Guid(99717f894ae2497458966d2b29013ccd) Importer(2089858483,b0f066a214c2f5e87bad3c948f4d605d) (ScriptedImporter) -> (Import Result ID: '4e7c6803aaa320a49b4b9a2e6a685a4b') in 0.0060486 seconds [static and dynamic dependencies]. Details - ImportResultOutputID=05d4f55c2f1f64c579e847ed77ac9030 DependenciesID=6e1ce72c1782ba236ba929d199d93aef StaticDependenciesID=b6ffbb322ef239a2c084bccc8ca655e7 
Number of updated asset objects reloaded before import = 0Number of asset objects unloaded after import = 0

========================================================================
Received Import Request.
  Time since last request: 0.000203 seconds.
  path: Assets/Settings/PC_Renderer.asset
  importAddress: Guid(b88b7db74cfb39f44808b692c66e2f4b) Importer(2089858483,b0f066a214c2f5e87bad3c948f4d605d)
Start importing Assets/Settings/PC_Renderer.asset using Guid(b88b7db74cfb39f44808b692c66e2f4b) Importer(2089858483,b0f066a214c2f5e87bad3c948f4d605d) (ScriptedImporter) -> (Import Result ID: '53a408ed643b46802bc24caaa24cf003') in 0.0054486 seconds [static and dynamic dependencies]. Details - ImportResultOutputID=e8e769e5c66103f62190528ad516143a DependenciesID=d0e520ed3e59d2c0392aa9547fde0a49 StaticDependenciesID=188c207c336235109c441218fc467291 
Number of updated asset objects reloaded before import = 0Number of asset objects unloaded after import = 1

========================================================================
Received Import Request.
  Time since last request: 0.000026 seconds.
  path: Assets/Sprites/a1 - Copy (5).png
  importAddress: Guid(3b575153f055d1546be11c559517be0d) Importer(2089858483,b0f066a214c2f5e87bad3c948f4d605d)
Start importing Assets/Sprites/a1 - Copy (5).png using Guid(3b575153f055d1546be11c559517be0d) Importer(2089858483,b0f066a214c2f5e87bad3c948f4d605d) (ScriptedImporter) -> (Import Result ID: '07193a7b16d06e8728d9734560de418d') in 0.0178858 seconds [static and dynamic dependencies]. Details - ImportResultOutputID=5eac28facb6b8f9c3a0bb31e686f8b77 DependenciesID=4f63b5b1ad7ca37d0706a59a43f9be37 StaticDependenciesID=71ca93b0ebd54253331215cfdb5208c4 
Number of updated asset objects reloaded before import = 0Number of asset objects unloaded after import = 3

========================================================================
Received Import Request.
  Time since last request: 0.000056 seconds.
  path: Assets/Textures/BinBagsAlbedo.tif
  importAddress: Guid(7d98d8849abd5f541a329153b6b8aac7) Importer(2089858483,b0f066a214c2f5e87bad3c948f4d605d)
Start importing Assets/Textures/BinBagsAlbedo.tif using Guid(7d98d8849abd5f541a329153b6b8aac7) Importer(2089858483,b0f066a214c2f5e87bad3c948f4d605d) (ScriptedImporter) -> (Import Result ID: '1b495312ea1b28b81fb254ceb09722dd') in 0.0177967 seconds [static and dynamic dependencies]. Details - ImportResultOutputID=a42d1ae7d53a90628bc3d574d06df243 DependenciesID=2e3110efa96c6424a34a9205dd48da94 StaticDependenciesID=4d39882e10d67ad56ac1ca25767c09ac 
Number of updated asset objects reloaded before import = 0Number of asset objects unloaded after import = 1

========================================================================
Received Import Request.
  Time since last request: 0.000042 seconds.
  path: Assets/Textures/RubbishAlbedo.tif
  importAddress: Guid(6336c4a6c52726d4b8aa9810b8b76ef7) Importer(2089858483,b0f066a214c2f5e87bad3c948f4d605d)
Start importing Assets/Textures/RubbishAlbedo.tif using Guid(6336c4a6c52726d4b8aa9810b8b76ef7) Importer(2089858483,b0f066a214c2f5e87bad3c948f4d605d) (ScriptedImporter) -> (Import Result ID: '1342cfc11dc903583ea8630b48c19bba') in 0.0151152 seconds [static and dynamic dependencies]. Details - ImportResultOutputID=2ff814ecd07b1cdf7bf494fb99810147 DependenciesID=6588455b9d66e44ec4f5c9c3350f7411 StaticDependenciesID=4c4c0f8463c6d378ecf48c1df19c8a1e 
Number of updated asset objects reloaded before import = 0Number of asset objects unloaded after import = 1

========================================================================
Received Import Request.
  Time since last request: 0.000098 seconds.
  path: Assets/Textures/SlatsAlbedo.tif
  importAddress: Guid(fa5a8fc362c346548982ad762f0c9fd7) Importer(2089858483,b0f066a214c2f5e87bad3c948f4d605d)
Start importing Assets/Textures/SlatsAlbedo.tif using Guid(fa5a8fc362c346548982ad762f0c9fd7) Importer(2089858483,b0f066a214c2f5e87bad3c948f4d605d) (ScriptedImporter) -> (Import Result ID: 'e40c72abb209f39bb6b5e790eee911e2') in 0.0171508 seconds [static and dynamic dependencies]. Details - ImportResultOutputID=a681dccdb702fc7b8b54f740552e4c11 DependenciesID=bca0c6cd24e0fc282fcfe695e3162c38 StaticDependenciesID=0f195c9ae76646e8749ed1f95524493e 
Number of updated asset objects reloaded before import = 0Number of asset objects unloaded after import = 1

========================================================================
Received Import Request.
  Time since last request: 0.000152 seconds.
  path: Assets/Sprites/o1.png
  importAddress: Guid(2759d53c1c8ea92479c39a1ed30c7ccb) Importer(2089858483,b0f066a214c2f5e87bad3c948f4d605d)
Start importing Assets/Sprites/o1.png using Guid(2759d53c1c8ea92479c39a1ed30c7ccb) Importer(2089858483,b0f066a214c2f5e87bad3c948f4d605d) (ScriptedImporter) -> (Import Result ID: '114cf69fb88260e3d131948642919c45') in 0.0144091 seconds [static and dynamic dependencies]. Details - ImportResultOutputID=db84daf232f95db1d0be6db62bb647ba DependenciesID=3438d1bd273924578933a72dd23fcc42 StaticDependenciesID=825d7a087d5fd78a2922a31bf8502fa6 
Number of updated asset objects reloaded before import = 0Number of asset objects unloaded after import = 3

========================================================================
Received Import Request.
  Time since last request: 0.000019 seconds.
  path: Assets/Textures/Puff.png
  importAddress: Guid(ca41f2755ffcd5d4d830c7148395d7e2) Importer(2089858483,b0f066a214c2f5e87bad3c948f4d605d)
Start importing Assets/Textures/Puff.png using Guid(ca41f2755ffcd5d4d830c7148395d7e2) Importer(2089858483,b0f066a214c2f5e87bad3c948f4d605d) (ScriptedImporter) -> (Import Result ID: '899dd38d2a8133b95803070a11c9a457') in 0.0130514 seconds [static and dynamic dependencies]. Details - ImportResultOutputID=4e0952ab0173429d1ac2cf48526a4287 DependenciesID=2f435cc9ee964c543849a18ffd8d72ab StaticDependenciesID=b79e58a62292011b1ad6a597708bfbed 
Number of updated asset objects reloaded before import = 0Number of asset objects unloaded after import = 1

========================================================================
Received Import Request.
  Time since last request: 0.000200 seconds.
  path: Assets/Tutorial/Tutorial.asset
  importAddress: Guid(d2594127ff496284399060a56ff8ad68) Importer(2089858483,b0f066a214c2f5e87bad3c948f4d605d)
Start importing Assets/Tutorial/Tutorial.asset using Guid(d2594127ff496284399060a56ff8ad68) Importer(2089858483,b0f066a214c2f5e87bad3c948f4d605d) (ScriptedImporter) -> (Import Result ID: '248416a497a35f5dd87eb8b73312d8f6') in 0.0071919 seconds [static and dynamic dependencies]. Details - ImportResultOutputID=591334cb2e8c372343e59586f8dbfcb3 DependenciesID=6f59e46f74668b01c1b1906a91b8d171 StaticDependenciesID=c75e416af7fca4779c0a9b47591d986d 
Number of updated asset objects reloaded before import = 0Number of asset objects unloaded after import = 1

========================================================================
Received Import Request.
  Time since last request: 0.000024 seconds.
  path: Assets/Textures/Grad.tif
  importAddress: Guid(6c875674e43d8234e92c72134a251859) Importer(2089858483,b0f066a214c2f5e87bad3c948f4d605d)
Start importing Assets/Textures/Grad.tif using Guid(6c875674e43d8234e92c72134a251859) Importer(2089858483,b0f066a214c2f5e87bad3c948f4d605d) (ScriptedImporter) -> (Import Result ID: '61fe7b77d890317df6c9eaf4c8a0c589') in 0.0155039 seconds [static and dynamic dependencies]. Details - ImportResultOutputID=ef8124c7512cb88ead7dc4b0396178a3 DependenciesID=9496b7725d7e350fc0a44e51b087bf02 StaticDependenciesID=e9dd21bd1900c0577f81416fca5473dc 
Number of updated asset objects reloaded before import = 0Number of asset objects unloaded after import = 1

========================================================================
Received Import Request.
  Time since last request: 0.000027 seconds.
  path: Assets/TutorialInfo/Layout.wlt
  importAddress: Guid(a5a235bf1969a8a449db92383063ea9d) Importer(2089858483,b0f066a214c2f5e87bad3c948f4d605d)
Start importing Assets/TutorialInfo/Layout.wlt using Guid(a5a235bf1969a8a449db92383063ea9d) Importer(2089858483,b0f066a214c2f5e87bad3c948f4d605d) (ScriptedImporter) -> (Import Result ID: '670065a71b48761c6ca2525c6ce68114') in 0.004696 seconds [static and dynamic dependencies]. Details - ImportResultOutputID=040dbb9ae0ce419387295e4a7d0ff55b DependenciesID=091e739a096cebd7827ed806c99d9e94 StaticDependenciesID=8628f3ef63bc96a35390b350366e9701 
Number of updated asset objects reloaded before import = 0Number of asset objects unloaded after import = 1

========================================================================
Received Import Request.
  Time since last request: 0.000093 seconds.
  path: Assets/Sprites/l.png
  importAddress: Guid(cb3bcf3a134c594478f52441d12881f1) Importer(2089858483,b0f066a214c2f5e87bad3c948f4d605d)
Start importing Assets/Sprites/l.png using Guid(cb3bcf3a134c594478f52441d12881f1) Importer(2089858483,b0f066a214c2f5e87bad3c948f4d605d) (ScriptedImporter) -> (Import Result ID: '9c9c16908cec8852fa60616582bbfc4e') in 0.0176626 seconds [static and dynamic dependencies]. Details - ImportResultOutputID=5075733b698e2b0081cf8ae1a3ee76ec DependenciesID=4150033dc2ed66054385a1c38c82f53d StaticDependenciesID=b2fb52273f09ec41d6b33de18d22ada6 
Number of updated asset objects reloaded before import = 0Number of asset objects unloaded after import = 3

========================================================================
Received Import Request.
  Time since last request: 0.000052 seconds.
  path: Assets/Shaders/CurvedRotation.shader
  importAddress: Guid(0999d58022e15764c9c7f1db616452d4) Importer(2089858483,b0f066a214c2f5e87bad3c948f4d605d)
Start importing Assets/Shaders/CurvedRotation.shader using Guid(0999d58022e15764c9c7f1db616452d4) Importer(2089858483,b0f066a214c2f5e87bad3c948f4d605d) (ScriptedImporter) -> (Import Result ID: '9335f09850ee83d2add574c1a9eb62f8') in 0.0116289 seconds [static and dynamic dependencies]. Details - ImportResultOutputID=091361bda0f64114fb2bb4dc801104ca DependenciesID=6a35beb401612b573f82806b3a9b48b5 StaticDependenciesID=87f9201af91223b4610ce79db869b3bd 
Number of updated asset objects reloaded before import = 0Number of asset objects unloaded after import = 1

========================================================================
Received Import Request.
  Time since last request: 0.000023 seconds.
  path: Assets/Textures/DogNightAlbedo.tif
  importAddress: Guid(e78adddc40757eb45b2d587e24e027bc) Importer(2089858483,b0f066a214c2f5e87bad3c948f4d605d)
Start importing Assets/Textures/DogNightAlbedo.tif using Guid(e78adddc40757eb45b2d587e24e027bc) Importer(2089858483,b0f066a214c2f5e87bad3c948f4d605d) (ScriptedImporter) -> (Import Result ID: '3def71f1d6892aef08689254d4b5e541') in 0.0152598 seconds [static and dynamic dependencies]. Details - ImportResultOutputID=9596491cef8d905f2b04ce582a501f59 DependenciesID=a87df9b2999b6ec4a5b836eed670ac3e StaticDependenciesID=0773d0b8d5a5a1b0047e2641b1d4c5c5 
Number of updated asset objects reloaded before import = 0Number of asset objects unloaded after import = 1

========================================================================
Received Import Request.
  Time since last request: 0.000024 seconds.
  path: Assets/Shaders/CurvedUnlit.shader
  importAddress: Guid(93d8fc18fdc65dd4aa903210d93f3343) Importer(2089858483,b0f066a214c2f5e87bad3c948f4d605d)
Start importing Assets/Shaders/CurvedUnlit.shader using Guid(93d8fc18fdc65dd4aa903210d93f3343) Importer(2089858483,b0f066a214c2f5e87bad3c948f4d605d) (ScriptedImporter) -> (Import Result ID: '18267f5fdc96d0263e2c5c71d6123fb4') in 0.00464 seconds [static and dynamic dependencies]. Details - ImportResultOutputID=903e4138e246c88d918251e5538f0496 DependenciesID=3c865762a7810b7a3bea48c32d0f70bb StaticDependenciesID=e54e6bbc701936601481811738c1e87d 
Number of updated asset objects reloaded before import = 0Number of asset objects unloaded after import = 1

========================================================================
Received Import Request.
  Time since last request: 0.000178 seconds.
  path: Assets/Sprites/a1 - Copy (6).png
  importAddress: Guid(583713d185e8f1c488d6743b63c60e74) Importer(2089858483,b0f066a214c2f5e87bad3c948f4d605d)
Start importing Assets/Sprites/a1 - Copy (6).png using Guid(583713d185e8f1c488d6743b63c60e74) Importer(2089858483,b0f066a214c2f5e87bad3c948f4d605d) (ScriptedImporter) -> (Import Result ID: '9dce8d36f61d822a48b67b4285aa1189') in 0.0205228 seconds [static and dynamic dependencies]. Details - ImportResultOutputID=21c725a2fe9e25f990a69f9ae8a6165b DependenciesID=f9f630fd8d81d3e453e1c8171a2ca3b9 StaticDependenciesID=c82a969ec8f0b29780737ae9cebd6aa5 
Number of updated asset objects reloaded before import = 0Number of asset objects unloaded after import = 3

========================================================================
Received Import Request.
  Time since last request: 0.000231 seconds.
  path: Assets/Textures/TreeBranchAlbedo.png
  importAddress: Guid(8508a626a3eef6146867ac6890f2e865) Importer(2089858483,b0f066a214c2f5e87bad3c948f4d605d)
Start importing Assets/Textures/TreeBranchAlbedo.png using Guid(8508a626a3eef6146867ac6890f2e865) Importer(2089858483,b0f066a214c2f5e87bad3c948f4d605d) (ScriptedImporter) -> (Import Result ID: 'e198ef22d9225d94983bfcc89258e845') in 0.0140908 seconds [static and dynamic dependencies]. Details - ImportResultOutputID=4e11cc412fb00caa975625ec94faee64 DependenciesID=7a3b146a894b40f49538793293e9b363 StaticDependenciesID=7eabce17e3de2ae96054fb787938d8d7 
Number of updated asset objects reloaded before import = 0Number of asset objects unloaded after import = 1

========================================================================
Received Import Request.
  Time since last request: 0.000251 seconds.
  path: Assets/Shaders/CurvedCode.cginc
  importAddress: Guid(38bda6f3030e73d4785e813cab2a33d4) Importer(2089858483,b0f066a214c2f5e87bad3c948f4d605d)
Start importing Assets/Shaders/CurvedCode.cginc using Guid(38bda6f3030e73d4785e813cab2a33d4) Importer(2089858483,b0f066a214c2f5e87bad3c948f4d605d) (ScriptedImporter) -> (Import Result ID: '97e718d7670be3936d0df3f54c14cc70') in 0.013915 seconds [static and dynamic dependencies]. Details - ImportResultOutputID=36032f5d449083827de1119683f07f84 DependenciesID=286be728257c1bea86864b6a0f66babc StaticDependenciesID=7c001530716b472090dcb03703399d84 
Number of updated asset objects reloaded before import = 0Number of asset objects unloaded after import = 1

========================================================================
Received Import Request.
  Time since last request: 0.000257 seconds.
  path: Assets/Textures/DogAlbedo.tif
  importAddress: Guid(6cf912fd861e20c41a5f98f4aa5edb95) Importer(2089858483,b0f066a214c2f5e87bad3c948f4d605d)
Start importing Assets/Textures/DogAlbedo.tif using Guid(6cf912fd861e20c41a5f98f4aa5edb95) Importer(2089858483,b0f066a214c2f5e87bad3c948f4d605d) (ScriptedImporter) -> (Import Result ID: '191fdd7a9399e27f8423cd14cf40df92') in 0.0220353 seconds [static and dynamic dependencies]. Details - ImportResultOutputID=445f91c2575b28ad8fc22d126bae361e DependenciesID=f9749e9e83fa0dab404cfa734d012f81 StaticDependenciesID=b8658d15e7b3aa07d524b46835f3deb1 
Number of updated asset objects reloaded before import = 0Number of asset objects unloaded after import = 1

========================================================================
Received Import Request.
  Time since last request: 0.000070 seconds.
  path: Assets/Scripts/Pooler.cs
  importAddress: Guid(0640f8940c614734da7b92290149caca) Importer(2089858483,b0f066a214c2f5e87bad3c948f4d605d)
Start importing Assets/Scripts/Pooler.cs using Guid(0640f8940c614734da7b92290149caca) Importer(2089858483,b0f066a214c2f5e87bad3c948f4d605d) (ScriptedImporter) -> (Import Result ID: '7f1d117efc8b7fbd5e3572ff5a0d884c') in 0.0084546 seconds [static and dynamic dependencies]. Details - ImportResultOutputID=9e7c2eb83b9cf16c3d74e7c344afb816 DependenciesID=c301b5003fd1bc9c145f2da7f723e821 StaticDependenciesID=42565a949a7029038b338f8049e4b3ba 
Number of updated asset objects reloaded before import = 0Number of asset objects unloaded after import = 0

========================================================================
Received Import Request.
  Time since last request: 0.000122 seconds.
  path: Assets/Sprites/a1 - Copy (2).png
  importAddress: Guid(f256f22bda2eccd43b2da8487a7d47b5) Importer(2089858483,b0f066a214c2f5e87bad3c948f4d605d)
Start importing Assets/Sprites/a1 - Copy (2).png using Guid(f256f22bda2eccd43b2da8487a7d47b5) Importer(2089858483,b0f066a214c2f5e87bad3c948f4d605d) (ScriptedImporter) -> (Import Result ID: '469c9c4d6bfb2aea00598e13f873b0c0') in 0.0234689 seconds [static and dynamic dependencies]. Details - ImportResultOutputID=0105698aaf721c25439193085c7497a8 DependenciesID=aad4e4aff39430700b631bdeefb0f4b3 StaticDependenciesID=054e1c88e67410ebf9fbeaea573b55f8 
Number of updated asset objects reloaded before import = 0Number of asset objects unloaded after import = 3

========================================================================
Received Import Request.
  Time since last request: 0.000031 seconds.
  path: Assets/Textures/RatAlbedo.tif
  importAddress: Guid(25293e058eb614f489870528ad08d334) Importer(2089858483,b0f066a214c2f5e87bad3c948f4d605d)
Start importing Assets/Textures/RatAlbedo.tif using Guid(25293e058eb614f489870528ad08d334) Importer(2089858483,b0f066a214c2f5e87bad3c948f4d605d) (ScriptedImporter) -> (Import Result ID: '7e6f70d3af0a7d638e4482cc502a42cd') in 0.0165166 seconds [static and dynamic dependencies]. Details - ImportResultOutputID=e2db023ca5c5b0204b3ef8d4d16fbb5c DependenciesID=848df3f6047c0b4a11e8e38f11ca4138 StaticDependenciesID=876ed3c689261fa038d708495997da1e 
Number of updated asset objects reloaded before import = 0Number of asset objects unloaded after import = 1

========================================================================
Received Import Request.
  Time since last request: 0.000078 seconds.
  path: Assets/Textures/MagnetSparks.png
  importAddress: Guid(0851060e94bd44c4abf6881ea1eb7e63) Importer(2089858483,b0f066a214c2f5e87bad3c948f4d605d)
Start importing Assets/Textures/MagnetSparks.png using Guid(0851060e94bd44c4abf6881ea1eb7e63) Importer(2089858483,b0f066a214c2f5e87bad3c948f4d605d) (ScriptedImporter) -> (Import Result ID: '1267da5f6f05105687e269ff2c985970') in 0.0151923 seconds [static and dynamic dependencies]. Details - ImportResultOutputID=5643c5650fdeaff4193bbc35aecafeae DependenciesID=f3dc2abd2ace4eab1809e91551ae4283 StaticDependenciesID=42616ad251bc54476a913e8945d5330f 
Number of updated asset objects reloaded before import = 0Number of asset objects unloaded after import = 1

========================================================================
Received Import Request.
  Time since last request: 0.000063 seconds.
  path: Assets/Textures/PlasterAlbedo.tif
  importAddress: Guid(52c4c3602ceb4884e8b33d664fd6e678) Importer(2089858483,b0f066a214c2f5e87bad3c948f4d605d)
Start importing Assets/Textures/PlasterAlbedo.tif using Guid(52c4c3602ceb4884e8b33d664fd6e678) Importer(2089858483,b0f066a214c2f5e87bad3c948f4d605d) (ScriptedImporter) -> (Import Result ID: '7d8d5c6049d197ee895898ad1a00b519') in 0.0184531 seconds [static and dynamic dependencies]. Details - ImportResultOutputID=018d53cd4ad45a0b08dac9cf320a1a1b DependenciesID=f82c6e661d59660a63c1557d51e8d6e4 StaticDependenciesID=a5990f4f33cb5bebd1ea0b38e2ad5d45 
Number of updated asset objects reloaded before import = 0Number of asset objects unloaded after import = 1

========================================================================
Received Import Request.
  Time since last request: 0.000057 seconds.
  path: Assets/UI/UIBorderTransparent.png
  importAddress: Guid(05c08d2d951f33243b9b36a3d6b46f29) Importer(2089858483,b0f066a214c2f5e87bad3c948f4d605d)
Start importing Assets/UI/UIBorderTransparent.png using Guid(05c08d2d951f33243b9b36a3d6b46f29) Importer(2089858483,b0f066a214c2f5e87bad3c948f4d605d) (ScriptedImporter) -> (Import Result ID: '7f493a544dc83d93c39d69bcb058cebf') in 0.0179683 seconds [static and dynamic dependencies]. Details - ImportResultOutputID=d2c265ebee5ea9060d8366491dc0acd1 DependenciesID=a32de57abb89e6c97c6e49f6e5498df9 StaticDependenciesID=d39f0e1741e56b965390d1f34b296c4f 
Number of updated asset objects reloaded before import = 0Number of asset objects unloaded after import = 3

========================================================================
Received Import Request.
  Time since last request: 0.000032 seconds.
  path: Assets/StarterAssets/Readme.asset
  importAddress: Guid(4181bfe715a83e843b7538d750dc57cc) Importer(2089858483,b0f066a214c2f5e87bad3c948f4d605d)
Start importing Assets/StarterAssets/Readme.asset using Guid(4181bfe715a83e843b7538d750dc57cc) Importer(2089858483,b0f066a214c2f5e87bad3c948f4d605d) (ScriptedImporter) -> (Import Result ID: '864dddcd0267cd2a3e221512c79218a6') in 0.0042034 seconds [static and dynamic dependencies]. Details - ImportResultOutputID=ea842c874366f83a26babb01bc441977 DependenciesID=a32e30105f8ade4f9789f55326517524 StaticDependenciesID=b44514c8e37e122378890827a263ba99 
Number of updated asset objects reloaded before import = 0Number of asset objects unloaded after import = 1

========================================================================
Received Import Request.
  Time since last request: 0.000022 seconds.
  path: Assets/Sprites/m1.png
  importAddress: Guid(7e863048055aac8469b28126ce6aa19f) Importer(2089858483,b0f066a214c2f5e87bad3c948f4d605d)
Start importing Assets/Sprites/m1.png using Guid(7e863048055aac8469b28126ce6aa19f) Importer(2089858483,b0f066a214c2f5e87bad3c948f4d605d) (ScriptedImporter) -> (Import Result ID: '185437d3e759f32e1b060e8d9685cf8c') in 0.0221799 seconds [static and dynamic dependencies]. Details - ImportResultOutputID=7ff45a09ecd216d28a390e6b6dc180d4 DependenciesID=4ab5b1df4d9b53f12049dfb34b27d1c1 StaticDependenciesID=86ac23cfd2cb4b166841c3869c874326 
Number of updated asset objects reloaded before import = 0Number of asset objects unloaded after import = 3

========================================================================
Received Import Request.
  Time since last request: 0.000025 seconds.
  path: Assets/Textures/HeartAlbedo.tif
  importAddress: Guid(3b2844672526cf44b94488bc362ee515) Importer(2089858483,b0f066a214c2f5e87bad3c948f4d605d)
Start importing Assets/Textures/HeartAlbedo.tif using Guid(3b2844672526cf44b94488bc362ee515) Importer(2089858483,b0f066a214c2f5e87bad3c948f4d605d) (ScriptedImporter) -> (Import Result ID: '89bb423d92543547afba73852b63ba28') in 0.0155242 seconds [static and dynamic dependencies]. Details - ImportResultOutputID=ed8aafaecac8e2023d1d8ce6bab739ca DependenciesID=f1a343b3a8a399c41a0a78be4fab7eca StaticDependenciesID=86020ee955ef811d92bcb574e7b0b34f 
Number of updated asset objects reloaded before import = 0Number of asset objects unloaded after import = 1

========================================================================
Received Import Request.
  Time since last request: 0.000288 seconds.
  path: Assets/Textures/StarAlbedo.png
  importAddress: Guid(c4e51a680b56fef479802abff3327a9f) Importer(2089858483,b0f066a214c2f5e87bad3c948f4d605d)
Start importing Assets/Textures/StarAlbedo.png using Guid(c4e51a680b56fef479802abff3327a9f) Importer(2089858483,b0f066a214c2f5e87bad3c948f4d605d) (ScriptedImporter) -> (Import Result ID: 'ca9e12a6062b56ad59574782929de518') in 0.0181254 seconds [static and dynamic dependencies]. Details - ImportResultOutputID=410b490356cdc216fd0021c6a5726609 DependenciesID=32c56fb7095d0860409c980ce97bfd18 StaticDependenciesID=312964ebf2b2aba61fbcb08fd6e809ca 
Number of updated asset objects reloaded before import = 0Number of asset objects unloaded after import = 1

========================================================================
Received Import Request.
  Time since last request: 0.000027 seconds.
  path: Assets/Sprites/l 1.png
  importAddress: Guid(0f0a6d9e2556b114598c25fa23f7fe05) Importer(2089858483,b0f066a214c2f5e87bad3c948f4d605d)
Start importing Assets/Sprites/l 1.png using Guid(0f0a6d9e2556b114598c25fa23f7fe05) Importer(2089858483,b0f066a214c2f5e87bad3c948f4d605d) (ScriptedImporter) -> (Import Result ID: 'c9ac36ae4583cecd65feea07f77e517a') in 0.0169248 seconds [static and dynamic dependencies]. Details - ImportResultOutputID=3a9dba16933c031f5186bd0cbfcde1be DependenciesID=691ce6f117da3d3d9f5cf2e5f54c39b0 StaticDependenciesID=731ca261fbd21c5da26c54e335fe6b5f 
Number of updated asset objects reloaded before import = 0Number of asset objects unloaded after import = 3

========================================================================
Received Import Request.
  Time since last request: 0.000021 seconds.
  path: Assets/StarterAssets/license.txt
  importAddress: Guid(b846ecad8a98bd34dba8a5daf996d86e) Importer(2089858483,b0f066a214c2f5e87bad3c948f4d605d)
Start importing Assets/StarterAssets/license.txt using Guid(b846ecad8a98bd34dba8a5daf996d86e) Importer(2089858483,b0f066a214c2f5e87bad3c948f4d605d) (ScriptedImporter) -> (Import Result ID: '157e487983b52826197a1efc02d51f85') in 0.004776 seconds [static and dynamic dependencies]. Details - ImportResultOutputID=c4e616beb470b4cc5f45d49462043153 DependenciesID=654a0bdd787f0a90ca7b7a88b2ffcc5a StaticDependenciesID=14bce6488ef108eef47168e5a0b9d99f 
Number of updated asset objects reloaded before import = 0Number of asset objects unloaded after import = 1

========================================================================
Received Import Request.
  Time since last request: 0.000036 seconds.
  path: Assets/Sprites/m5.png
  importAddress: Guid(ba78289b2dc92af41b4c74e25551d461) Importer(2089858483,b0f066a214c2f5e87bad3c948f4d605d)
Start importing Assets/Sprites/m5.png using Guid(ba78289b2dc92af41b4c74e25551d461) Importer(2089858483,b0f066a214c2f5e87bad3c948f4d605d) (ScriptedImporter) -> (Import Result ID: '8e4f57fbf7452001c603ddb97ebd26ad') in 0.0278955 seconds [static and dynamic dependencies]. Details - ImportResultOutputID=74d9fe51aff61839accd4f968f0b907c DependenciesID=6189b95219342ba793a43c9e3f1ec822 StaticDependenciesID=4453b5f77ccdbfb5dd0273fe54cb50b9 
Number of updated asset objects reloaded before import = 0Number of asset objects unloaded after import = 3

========================================================================
Received Import Request.
  Time since last request: 0.000056 seconds.
  path: Assets/Textures/BlobShadow.png
  importAddress: Guid(d7581ae65f6321447a66ee3ae24fe8a1) Importer(2089858483,b0f066a214c2f5e87bad3c948f4d605d)
Start importing Assets/Textures/BlobShadow.png using Guid(d7581ae65f6321447a66ee3ae24fe8a1) Importer(2089858483,b0f066a214c2f5e87bad3c948f4d605d) (ScriptedImporter) -> (Import Result ID: 'c216cbb4a9d6d6814a599becf46bcf29') in 0.0154563 seconds [static and dynamic dependencies]. Details - ImportResultOutputID=3858771dd89adceeb5d981eeb3f9f381 DependenciesID=35722629ad9ee5723bbeab7406c52288 StaticDependenciesID=9cc502af0476c23e47dcd8aceb730d6c 
Number of updated asset objects reloaded before import = 0Number of asset objects unloaded after import = 1

========================================================================
Received Import Request.
  Time since last request: 0.000075 seconds.
  path: Assets/UI/UISpritesheet.png
  importAddress: Guid(e1a536f74c7ef384a8d7132148ace0c8) Importer(2089858483,b0f066a214c2f5e87bad3c948f4d605d)
Start importing Assets/UI/UISpritesheet.png using Guid(e1a536f74c7ef384a8d7132148ace0c8) Importer(2089858483,b0f066a214c2f5e87bad3c948f4d605d) (ScriptedImporter) -> (Import Result ID: '06643fe9ab90ee9a5de662ec1b01beb1') in 0.1010935 seconds [static and dynamic dependencies]. Details - ImportResultOutputID=9733b3ecdff37d8f1822ca674f91f3c9 DependenciesID=304a0c369554d1b7bf032b12fbfae1b6 StaticDependenciesID=ec256b09946a50b911cc6729346a490e 
Number of updated asset objects reloaded before import = 0Number of asset objects unloaded after import = 51

========================================================================
Received Import Request.
  Time since last request: 0.000028 seconds.
  path: Assets/Textures/StoneWallAlbedo.tif
  importAddress: Guid(c43add2f087eaaf4dabfede3fd244dc8) Importer(2089858483,b0f066a214c2f5e87bad3c948f4d605d)
Start importing Assets/Textures/StoneWallAlbedo.tif using Guid(c43add2f087eaaf4dabfede3fd244dc8) Importer(2089858483,b0f066a214c2f5e87bad3c948f4d605d) (ScriptedImporter) -> (Import Result ID: '95747b067d3809492c87e01d04c2c8c5') in 0.0156395 seconds [static and dynamic dependencies]. Details - ImportResultOutputID=f93c1d032ea60b1610f82e846997acbb DependenciesID=c5b6e9c0df73c99ae84d9154fd10a15e StaticDependenciesID=f5ce7ea1e13306f68f9a8f23c27d6026 
Number of updated asset objects reloaded before import = 0Number of asset objects unloaded after import = 1

========================================================================
Received Import Request.
  Time since last request: 0.000064 seconds.
  path: Assets/UI/StoreIcon.png
  importAddress: Guid(15faec96c86a9c3478ca147ec0bd579a) Importer(2089858483,b0f066a214c2f5e87bad3c948f4d605d)
Start importing Assets/UI/StoreIcon.png using Guid(15faec96c86a9c3478ca147ec0bd579a) Importer(2089858483,b0f066a214c2f5e87bad3c948f4d605d) (ScriptedImporter) -> (Import Result ID: '045699613ee709db426cce8fedb20082') in 0.0141786 seconds [static and dynamic dependencies]. Details - ImportResultOutputID=dc4c201669b1741da5cd273fdc0ba5c8 DependenciesID=e34ade5742d84146a8c2671c6a8d4080 StaticDependenciesID=8182388ef1262526ecabc2723cc274c4 
Number of updated asset objects reloaded before import = 0Number of asset objects unloaded after import = 1

========================================================================
Received Import Request.
  Time since last request: 0.000120 seconds.
  path: Assets/Settings/UniversalRenderPipelineGlobalSettings.asset
  importAddress: Guid(3edf770fd5672a649854c78d88231db9) Importer(2089858483,b0f066a214c2f5e87bad3c948f4d605d)
Start importing Assets/Settings/UniversalRenderPipelineGlobalSettings.asset using Guid(3edf770fd5672a649854c78d88231db9) Importer(2089858483,b0f066a214c2f5e87bad3c948f4d605d) (ScriptedImporter) -> (Import Result ID: '10ed8deed7567d09b8dacca4c78a153b') in 0.0115003 seconds [static and dynamic dependencies]. Details - ImportResultOutputID=73ae34011c6ae9528ab5d8340c39bd6d DependenciesID=ce6af5cf683a8b8abed43cb1a936dacd StaticDependenciesID=bc1eba4b0146eb1959312bd735a97dd2 
Number of updated asset objects reloaded before import = 0Number of asset objects unloaded after import = 1

========================================================================
Received Import Request.
  Time since last request: 0.000028 seconds.
  path: Assets/Scripts/WorldCurver.cs
  importAddress: Guid(768aa4549a6e8c940b8e79343e10e88c) Importer(2089858483,b0f066a214c2f5e87bad3c948f4d605d)
Start importing Assets/Scripts/WorldCurver.cs using Guid(768aa4549a6e8c940b8e79343e10e88c) Importer(2089858483,b0f066a214c2f5e87bad3c948f4d605d) (ScriptedImporter) -> (Import Result ID: '141b5178b77c5ae9b46282972aaa2de8') in 0.0056018 seconds [static and dynamic dependencies]. Details - ImportResultOutputID=1e6ae6f2902aec35ea7edd345adc7cb4 DependenciesID=273c7a8c86e827f67227007e09d14e4a StaticDependenciesID=04076487e73d29f80b0a71daa3c9d9ae 
Number of updated asset objects reloaded before import = 0Number of asset objects unloaded after import = 0

========================================================================
Received Import Request.
  Time since last request: 0.000146 seconds.
  path: Assets/Textures/BinAlbedo.tif
  importAddress: Guid(fe0496be663f7e149ab9389723ce1141) Importer(2089858483,b0f066a214c2f5e87bad3c948f4d605d)
Start importing Assets/Textures/BinAlbedo.tif using Guid(fe0496be663f7e149ab9389723ce1141) Importer(2089858483,b0f066a214c2f5e87bad3c948f4d605d) (ScriptedImporter) -> (Import Result ID: '8b157bb98a78043bc679a8882da7e912') in 0.0128737 seconds [static and dynamic dependencies]. Details - ImportResultOutputID=6353ebb3d7656a3079c69ed2dd53da9c DependenciesID=674a308ebf2811d2db9f033496107976 StaticDependenciesID=e5f45f47d50a6c117e3162f6b72b14e1 
Number of updated asset objects reloaded before import = 0Number of asset objects unloaded after import = 1

========================================================================
Received Import Request.
  Time since last request: 0.000086 seconds.
  path: Assets/Textures/GrassGradientAlbedo.tif
  importAddress: Guid(9b5fc9870b4d1554f88f54e74a5fbf3f) Importer(2089858483,b0f066a214c2f5e87bad3c948f4d605d)
Start importing Assets/Textures/GrassGradientAlbedo.tif using Guid(9b5fc9870b4d1554f88f54e74a5fbf3f) Importer(2089858483,b0f066a214c2f5e87bad3c948f4d605d) (ScriptedImporter) -> (Import Result ID: '2a05acdfa4a6b4f0c3be2552670275dc') in 0.0131787 seconds [static and dynamic dependencies]. Details - ImportResultOutputID=43c579fd003fdf2db7c77c93430ec5b5 DependenciesID=a3d3fa0e5400f860a03e42d6937cde8d StaticDependenciesID=46fe5f39178e651d6c7fbe96e3b636bb 
Number of updated asset objects reloaded before import = 0Number of asset objects unloaded after import = 1

========================================================================
Received Import Request.
  Time since last request: 0.000066 seconds.
  path: Assets/Settings/Mobile_RPAsset.asset
  importAddress: Guid(dce8fd1d968e02347afc26a960d31d42) Importer(2089858483,b0f066a214c2f5e87bad3c948f4d605d)
Start importing Assets/Settings/Mobile_RPAsset.asset using Guid(dce8fd1d968e02347afc26a960d31d42) Importer(2089858483,b0f066a214c2f5e87bad3c948f4d605d) (ScriptedImporter) -> (Import Result ID: '2497dba0615c4a9991cd63d8374a33a3') in 0.0072663 seconds [static and dynamic dependencies]. Details - ImportResultOutputID=7c421c38a79a64f6172a330b2d501b65 DependenciesID=bf90003a96f377944f5463af4019a964 StaticDependenciesID=92898c110b94478e46ac48d430f4ec86 
Number of updated asset objects reloaded before import = 0Number of asset objects unloaded after import = 1

========================================================================
Received Import Request.
  Time since last request: 0.000020 seconds.
  path: Assets/Shaders/VertexColor.shader
  importAddress: Guid(d63f5eb2904b2b346afd16ebb961ff06) Importer(2089858483,b0f066a214c2f5e87bad3c948f4d605d)
Start importing Assets/Shaders/VertexColor.shader using Guid(d63f5eb2904b2b346afd16ebb961ff06) Importer(2089858483,b0f066a214c2f5e87bad3c948f4d605d) (ScriptedImporter) -> (Import Result ID: '2b79c9358528f6b97db6a5adfe5be7f2') in 0.0048218 seconds [static and dynamic dependencies]. Details - ImportResultOutputID=1f52c2b7b1aee5d4e8829dc6ca8a449f DependenciesID=80c4a9be8178eb4e7ba1541afa20487b StaticDependenciesID=142e5fff1e2be3a2958a9112ad8aee12 
Number of updated asset objects reloaded before import = 0Number of asset objects unloaded after import = 1

========================================================================
Received Import Request.
  Time since last request: 0.000050 seconds.
  path: Assets/Textures/ConstructionWorkerAlbedo.tif
  importAddress: Guid(601e436493183e74b96c11ccc0775fe0) Importer(2089858483,b0f066a214c2f5e87bad3c948f4d605d)
Start importing Assets/Textures/ConstructionWorkerAlbedo.tif using Guid(601e436493183e74b96c11ccc0775fe0) Importer(2089858483,b0f066a214c2f5e87bad3c948f4d605d) (ScriptedImporter) -> (Import Result ID: '63fdf00f7bc44626169cea3995257566') in 0.0133495 seconds [static and dynamic dependencies]. Details - ImportResultOutputID=aa3a9115dcc039e606d28241093db6d5 DependenciesID=08c7dff97743c5c49740f789afe0e204 StaticDependenciesID=23aa2f114f247f93836699a2ced8ea69 
Number of updated asset objects reloaded before import = 0Number of asset objects unloaded after import = 1

========================================================================
Received Import Request.
  Time since last request: 0.000041 seconds.
  path: Assets/Shaders/UnlitBlinking.shader
  importAddress: Guid(b9ac761e73263dc46b8b27826e86ee14) Importer(2089858483,b0f066a214c2f5e87bad3c948f4d605d)
Start importing Assets/Shaders/UnlitBlinking.shader using Guid(b9ac761e73263dc46b8b27826e86ee14) Importer(2089858483,b0f066a214c2f5e87bad3c948f4d605d) (ScriptedImporter) -> (Import Result ID: 'ca5fb193d3db3dddcd60606a11b511dc') in 0.0057514 seconds [static and dynamic dependencies]. Details - ImportResultOutputID=bdb17842b6aa6192346eb557f26db386 DependenciesID=b45cbdae9f10188d4472d298fbb168b7 StaticDependenciesID=0bc58472b6eeb1d392506c1a42da2241 
Number of updated asset objects reloaded before import = 0Number of asset objects unloaded after import = 1

========================================================================
Received Import Request.
  Time since last request: 0.000054 seconds.
  path: Assets/Sprites/b1.png
  importAddress: Guid(5a960730204c9184fa68be062baae7c1) Importer(2089858483,b0f066a214c2f5e87bad3c948f4d605d)
Start importing Assets/Sprites/b1.png using Guid(5a960730204c9184fa68be062baae7c1) Importer(2089858483,b0f066a214c2f5e87bad3c948f4d605d) (ScriptedImporter) -> (Import Result ID: 'b984db84c41badb10be2360091894746') in 0.0156305 seconds [static and dynamic dependencies]. Details - ImportResultOutputID=48e0045c9bc16d56b6e03e0dcb93556d DependenciesID=a277c931ac68046eaffb31fe52346115 StaticDependenciesID=f8bba6eb0915eb76c6ee5427d5589e85 
Number of updated asset objects reloaded before import = 0Number of asset objects unloaded after import = 3

========================================================================
Received Import Request.
  Time since last request: 0.000039 seconds.
  path: Assets/Textures/SkipAlbedo.tif
  importAddress: Guid(63d49630fac087f45a20451e73dc7aad) Importer(2089858483,b0f066a214c2f5e87bad3c948f4d605d)
Start importing Assets/Textures/SkipAlbedo.tif using Guid(63d49630fac087f45a20451e73dc7aad) Importer(2089858483,b0f066a214c2f5e87bad3c948f4d605d) (ScriptedImporter) -> (Import Result ID: '6a46f616785f7ade1a9e0530b4b3dee3') in 0.01315 seconds [static and dynamic dependencies]. Details - ImportResultOutputID=a40761801840869cfd049e52914d6e2f DependenciesID=44294298b325b3aca5ec983a0953cdd4 StaticDependenciesID=c176c7ef348877112c8d6fe72750c08d 
Number of updated asset objects reloaded before import = 0Number of asset objects unloaded after import = 1

========================================================================
Received Import Request.
  Time since last request: 0.000057 seconds.
  path: Assets/Textures/WarningLightAlbedo.tif
  importAddress: Guid(5e869e49c48392941a86999cef370ecf) Importer(2089858483,b0f066a214c2f5e87bad3c948f4d605d)
Start importing Assets/Textures/WarningLightAlbedo.tif using Guid(5e869e49c48392941a86999cef370ecf) Importer(2089858483,b0f066a214c2f5e87bad3c948f4d605d) (ScriptedImporter) -> (Import Result ID: '8ccfcda0663b3e157c384795f8b0a386') in 0.0153749 seconds [static and dynamic dependencies]. Details - ImportResultOutputID=daa6ad895de9c430e0a945415019b7c2 DependenciesID=8f8c26fc4f21069c083f85220490446c StaticDependenciesID=47897872a96ae20964702f6671a3f9e9 
Number of updated asset objects reloaded before import = 0Number of asset objects unloaded after import = 1

========================================================================
Received Import Request.
  Time since last request: 0.000023 seconds.
  path: Assets/Shaders/CurvedUnlitAlpha.shader
  importAddress: Guid(e678ec0f80695014392e78a0142dfd2f) Importer(2089858483,b0f066a214c2f5e87bad3c948f4d605d)
Start importing Assets/Shaders/CurvedUnlitAlpha.shader using Guid(e678ec0f80695014392e78a0142dfd2f) Importer(2089858483,b0f066a214c2f5e87bad3c948f4d605d) (ScriptedImporter) -> (Import Result ID: 'fb957050d639cb7fb4b3fa698f5d2e8b') in 0.0063015 seconds [static and dynamic dependencies]. Details - ImportResultOutputID=8d59738a09a8ba8d4adabc5be2d87c30 DependenciesID=74e652300de6ab12d0a252176b2f9900 StaticDependenciesID=a98e4244b1c3ff879ae4580d98f136bf 
Number of updated asset objects reloaded before import = 0Number of asset objects unloaded after import = 1

========================================================================
Received Import Request.
  Time since last request: 0.000099 seconds.
  path: Assets/Textures/Car01Albedo.tif
  importAddress: Guid(c83acac26e89c0d4db877bae8451c329) Importer(2089858483,b0f066a214c2f5e87bad3c948f4d605d)
Start importing Assets/Textures/Car01Albedo.tif using Guid(c83acac26e89c0d4db877bae8451c329) Importer(2089858483,b0f066a214c2f5e87bad3c948f4d605d) (ScriptedImporter) -> (Import Result ID: '9c9937d531b4ac5740f363ace033dc38') in 0.0143465 seconds [static and dynamic dependencies]. Details - ImportResultOutputID=923a60b46bc31cb9f2aa4810aa98d625 DependenciesID=81dfd726f85378a06c9fbfb3a49c6dfb StaticDependenciesID=90e4acfc1c74a56741a561162e564ff2 
Number of updated asset objects reloaded before import = 0Number of asset objects unloaded after import = 1

========================================================================
Received Import Request.
  Time since last request: 0.000060 seconds.
  path: Assets/Sprites/a1 - Copy (4).png
  importAddress: Guid(c789543657332874085b62b1d56b18d1) Importer(2089858483,b0f066a214c2f5e87bad3c948f4d605d)
Start importing Assets/Sprites/a1 - Copy (4).png using Guid(c789543657332874085b62b1d56b18d1) Importer(2089858483,b0f066a214c2f5e87bad3c948f4d605d) (ScriptedImporter) -> (Import Result ID: '2297cedf6588a80e36f428911e7dc10e') in 0.0201537 seconds [static and dynamic dependencies]. Details - ImportResultOutputID=fb0f75493ceae4c5d3b0c82f63d5462a DependenciesID=e0cad94184a1af7a3e0ac005f88f7a92 StaticDependenciesID=8b78c7c4f5423f8970da2d504d15262e 
Number of updated asset objects reloaded before import = 0Number of asset objects unloaded after import = 3

========================================================================
Received Import Request.
  Time since last request: 0.000026 seconds.
  path: Assets/Textures/WashingLineClothesAlbedo.png
  importAddress: Guid(9baf6e72cc9bd7b4293830149cc335fe) Importer(2089858483,b0f066a214c2f5e87bad3c948f4d605d)
Start importing Assets/Textures/WashingLineClothesAlbedo.png using Guid(9baf6e72cc9bd7b4293830149cc335fe) Importer(2089858483,b0f066a214c2f5e87bad3c948f4d605d) (ScriptedImporter) -> (Import Result ID: '0be151062c842b96a652335c594b7891') in 0.0143314 seconds [static and dynamic dependencies]. Details - ImportResultOutputID=93111f59fbc322569b7444bf1ba0208f DependenciesID=18018666a32304c54fc54cdef3491ef9 StaticDependenciesID=19a53565f011538dc5fe501ee3b85905 
Number of updated asset objects reloaded before import = 0Number of asset objects unloaded after import = 1

========================================================================
Received Import Request.
  Time since last request: 0.000265 seconds.
  path: Assets/Settings/PC_RPAsset.asset
  importAddress: Guid(3d5348a14d0d2d84f9941a95feef5cd1) Importer(2089858483,b0f066a214c2f5e87bad3c948f4d605d)
Start importing Assets/Settings/PC_RPAsset.asset using Guid(3d5348a14d0d2d84f9941a95feef5cd1) Importer(2089858483,b0f066a214c2f5e87bad3c948f4d605d) (ScriptedImporter) -> (Import Result ID: '2385c0b1a3c5d003a82fde547ab947cf') in 0.0055459 seconds [static and dynamic dependencies]. Details - ImportResultOutputID=cc78be421b2f90d9edc5819ef6b2d3f7 DependenciesID=4b745daae78cc55658b4e081f29cb104 StaticDependenciesID=173d3ad26c05e315406fafb9ad152c42 
Number of updated asset objects reloaded before import = 0Number of asset objects unloaded after import = 1

========================================================================
Received Import Request.
  Time since last request: 0.075956 seconds.
  path: Assets/URPDefaultResources/Fantastic.asset
  importAddress: Guid(320e56d7035cc6749ba72a0351e19646) Importer(2089858483,b0f066a214c2f5e87bad3c948f4d605d)
Start importing Assets/URPDefaultResources/Fantastic.asset using Guid(320e56d7035cc6749ba72a0351e19646) Importer(2089858483,b0f066a214c2f5e87bad3c948f4d605d) (ScriptedImporter) -> (Import Result ID: '5a4f6d63df5ee6f91fde49780d96c8e3') in 0.0056039 seconds [static and dynamic dependencies]. Details - ImportResultOutputID=c021ec2d270925ed05c9b35063dd8d2d DependenciesID=f94b28be13ba74950a39ca6ec9e70c7d StaticDependenciesID=c251f4252e7bfc463f1e7288d9a82a94 
Number of updated asset objects reloaded before import = 0Number of asset objects unloaded after import = 1

========================================================================
Received Import Request.
  Time since last request: 0.000017 seconds.
  path: Assets/AddressableAssetsData/AssetGroups/Tutorial.asset
  importAddress: Guid(960939437f96bf942a92ab47685c085e) Importer(2089858483,b0f066a214c2f5e87bad3c948f4d605d)
Start importing Assets/AddressableAssetsData/AssetGroups/Tutorial.asset using Guid(960939437f96bf942a92ab47685c085e) Importer(2089858483,b0f066a214c2f5e87bad3c948f4d605d) (ScriptedImporter) -> (Import Result ID: '6bf6752e9ae8badfa5f55b47a5eb4c3a') in 0.0048187 seconds [static and dynamic dependencies]. Details - ImportResultOutputID=620faa13811b2abfd7bf90a6869b52f8 DependenciesID=7b53b64c9c8d825388c7d15f636af889 StaticDependenciesID=4c4896f9dfcb1222ed7e6eb6eed7cfdb 
Number of updated asset objects reloaded before import = 0Number of asset objects unloaded after import = 1

========================================================================
Received Import Request.
  Time since last request: 0.000055 seconds.
  path: Assets/Models/NightTime/Apartments03Night.fbx
  importAddress: Guid(605b0c08d86a56647b8171cf01c29579) Importer(2089858483,b0f066a214c2f5e87bad3c948f4d605d)
Start importing Assets/Models/NightTime/Apartments03Night.fbx using Guid(605b0c08d86a56647b8171cf01c29579) Importer(2089858483,b0f066a214c2f5e87bad3c948f4d605d) (ScriptedImporter) -> (Import Result ID: '6fd43d209b09cdd15a6c73cf11fd099a') in 0.0335979 seconds [static and dynamic dependencies]. Details - ImportResultOutputID=85bee5ca305d87b14efd0a9a1927a11c DependenciesID=79895a27722f147d059d991b576b6ddb StaticDependenciesID=2191df01e53b80e93da3bedeb4b9b89b 
Number of updated asset objects reloaded before import = 0Number of asset objects unloaded after import = 9

========================================================================
Received Import Request.
  Time since last request: 0.000030 seconds.
  path: Assets/Models/NightTime/Car02Night.fbx
  importAddress: Guid(5edd372615a5fd442ab265091a01e1bc) Importer(2089858483,b0f066a214c2f5e87bad3c948f4d605d)
Start importing Assets/Models/NightTime/Car02Night.fbx using Guid(5edd372615a5fd442ab265091a01e1bc) Importer(2089858483,b0f066a214c2f5e87bad3c948f4d605d) (ScriptedImporter) -> (Import Result ID: 'eb029d839fec23d794aa983c4c38def8') in 0.024022 seconds [static and dynamic dependencies]. Details - ImportResultOutputID=c5f9f9ee3106879de3a9d81c5c6720e6 DependenciesID=e33fbc462ded903e520c49f23c337553 StaticDependenciesID=8a9452d1f8df246ead77b079d2892de2 
Number of updated asset objects reloaded before import = 0Number of asset objects unloaded after import = 10

========================================================================
Received Import Request.
  Time since last request: 0.000046 seconds.
  path: Assets/MobileDependencyResolver/Editor/Google.VersionHandler.dll
  importAddress: Guid(61c24b9980ea49ae90c8b62fb489de77) Importer(2089858483,b0f066a214c2f5e87bad3c948f4d605d)
Start importing Assets/MobileDependencyResolver/Editor/Google.VersionHandler.dll using Guid(61c24b9980ea49ae90c8b62fb489de77) Importer(2089858483,b0f066a214c2f5e87bad3c948f4d605d) (ScriptedImporter) -> (Import Result ID: '69cbc94fbdfb462da146335ef38a7e19') in 0.0118992 seconds [static and dynamic dependencies]. Details - ImportResultOutputID=c021a2f3df935e01b6947cad06be5ab0 DependenciesID=61f8e8541a1d50e3005d1fab56e2bf35 StaticDependenciesID=0eff1cbc1b2be17be80b7baa55b5055e 
Number of updated asset objects reloaded before import = 0Number of asset objects unloaded after import = 0

========================================================================
Received Import Request.
  Time since last request: 0.000048 seconds.
  path: Assets/Models/Daytime/StreetLight.fbx
  importAddress: Guid(1214424ed6edba644b0349af9404557e) Importer(2089858483,b0f066a214c2f5e87bad3c948f4d605d)
Start importing Assets/Models/Daytime/StreetLight.fbx using Guid(1214424ed6edba644b0349af9404557e) Importer(2089858483,b0f066a214c2f5e87bad3c948f4d605d) (ScriptedImporter) -> (Import Result ID: '5c0fd780d80736cafde0b4e6d27604d7') in 0.0247191 seconds [static and dynamic dependencies]. Details - ImportResultOutputID=daa776ef83b49469228b17accab7e169 DependenciesID=4b6d54d2ee0c153374232ef0e89ce959 StaticDependenciesID=c86f02b92506bcb131f7ade332c36ed8 
Number of updated asset objects reloaded before import = 0Number of asset objects unloaded after import = 8

========================================================================
Received Import Request.
  Time since last request: 0.000029 seconds.
  path: Assets/Models/Daytime/Road01.fbx
  importAddress: Guid(9a26112fdfc12324d8fee247fbeb44e7) Importer(2089858483,b0f066a214c2f5e87bad3c948f4d605d)
Start importing Assets/Models/Daytime/Road01.fbx using Guid(9a26112fdfc12324d8fee247fbeb44e7) Importer(2089858483,b0f066a214c2f5e87bad3c948f4d605d) (ScriptedImporter) -> (Import Result ID: 'f05b60e14fe0fa19d01e2332ee661d14') in 0.0266166 seconds [static and dynamic dependencies]. Details - ImportResultOutputID=1a59003d45ce70448002c2dbb60b29a2 DependenciesID=a204396f2aca29d047c0b2d6500e4b9a StaticDependenciesID=ce94d86ffd75ee786e91171f2c303a6f 
Number of updated asset objects reloaded before import = 0Number of asset objects unloaded after import = 8

========================================================================
Received Import Request.
  Time since last request: 0.000123 seconds.
  path: Assets/AddressableAssetsData/DataBuilders/BuildScriptPackedMode.asset
  importAddress: Guid(3f3ca128a86c1fc428200a21e2f190e3) Importer(2089858483,b0f066a214c2f5e87bad3c948f4d605d)
Start importing Assets/AddressableAssetsData/DataBuilders/BuildScriptPackedMode.asset using Guid(3f3ca128a86c1fc428200a21e2f190e3) Importer(2089858483,b0f066a214c2f5e87bad3c948f4d605d) (ScriptedImporter) -> (Import Result ID: '5cfbd91701505d624cec3077b6e643f1') in 0.007308 seconds [static and dynamic dependencies]. Details - ImportResultOutputID=7f24ab2980888b78d8938d8aee0ff4fd DependenciesID=3d76cdf288dbb246ddbf5b0aba6ff5e8 StaticDependenciesID=54fa645b067818a276c27856b39b6c07 
Number of updated asset objects reloaded before import = 0Number of asset objects unloaded after import = 1

========================================================================
Received Import Request.
  Time since last request: 0.000024 seconds.
  path: Assets/Models/NightTime/BinBagClosedNight.fbx
  importAddress: Guid(110d7e0ba2f65bd44acb7c77daec5cff) Importer(2089858483,b0f066a214c2f5e87bad3c948f4d605d)
Start importing Assets/Models/NightTime/BinBagClosedNight.fbx using Guid(110d7e0ba2f65bd44acb7c77daec5cff) Importer(2089858483,b0f066a214c2f5e87bad3c948f4d605d) (ScriptedImporter) -> (Import Result ID: '7cd10910ee69f9381875daafb8be44c7') in 0.0208454 seconds [static and dynamic dependencies]. Details - ImportResultOutputID=63295aee997dacbedf5f180c98d22ded DependenciesID=ac0b1de583b4810f6ee777b31d96927a StaticDependenciesID=3fe167c0af04e5df741399b2bfc0193e 
Number of updated asset objects reloaded before import = 0Number of asset objects unloaded after import = 8

========================================================================
Received Import Request.
  Time since last request: 0.000025 seconds.
  path: Assets/AddressableAssetsData/AssetGroups/Day-Theme-Obstacles.asset
  importAddress: Guid(d99611ab52ff789479179f6e24dde79d) Importer(2089858483,b0f066a214c2f5e87bad3c948f4d605d)
Start importing Assets/AddressableAssetsData/AssetGroups/Day-Theme-Obstacles.asset using Guid(d99611ab52ff789479179f6e24dde79d) Importer(2089858483,b0f066a214c2f5e87bad3c948f4d605d) (ScriptedImporter) -> (Import Result ID: 'b72e63218e6b5c2386c1f502afd043a5') in 0.0123083 seconds [static and dynamic dependencies]. Details - ImportResultOutputID=a7e729e990c74cbe14e16b2ad74f5d95 DependenciesID=3d20535250fce389998819b8b0c9e771 StaticDependenciesID=7a88d572fbe6931762202052bf9359ca 
Number of updated asset objects reloaded before import = 0Number of asset objects unloaded after import = 1

========================================================================
Received Import Request.
  Time since last request: 0.000027 seconds.
  path: Assets/Models/Daytime/FarBackBuilding03.fbx
  importAddress: Guid(849c1240a7018e340883c9a4738cabac) Importer(2089858483,b0f066a214c2f5e87bad3c948f4d605d)
Start importing Assets/Models/Daytime/FarBackBuilding03.fbx using Guid(849c1240a7018e340883c9a4738cabac) Importer(2089858483,b0f066a214c2f5e87bad3c948f4d605d) (ScriptedImporter) -> (Import Result ID: '784163c0fb33716cd0a46cf4f5f02af8') in 0.0213144 seconds [static and dynamic dependencies]. Details - ImportResultOutputID=de7c89209749ca6e6ce99343dab17478 DependenciesID=f121915a6916c19443c791ea4c9c3f0a StaticDependenciesID=b8239f6827f26f8865c8ffec7b065a6c 
Number of updated asset objects reloaded before import = 0Number of asset objects unloaded after import = 8

========================================================================
Received Import Request.
  Time since last request: 0.000063 seconds.
  path: Assets/Models/Materials/ParthatAndBowtie.mat
  importAddress: Guid(cf1d894a79c44634fb97f93dbddb1635) Importer(2089858483,b0f066a214c2f5e87bad3c948f4d605d)
Start importing Assets/Models/Materials/ParthatAndBowtie.mat using Guid(cf1d894a79c44634fb97f93dbddb1635) Importer(2089858483,b0f066a214c2f5e87bad3c948f4d605d) (ScriptedImporter) -> (Import Result ID: 'f99d2ff2d2f363951413ad83367ed686') in 0.0108491 seconds [static and dynamic dependencies]. Details - ImportResultOutputID=0224979153d351c3c282e5a58b589c01 DependenciesID=eff8e0e28ec6d3cd3ae5f6134a7c8d44 StaticDependenciesID=e022e90dc21937221fa345f14a8a96a7 
Number of updated asset objects reloaded before import = 0Number of asset objects unloaded after import = 1

========================================================================
Received Import Request.
  Time since last request: 0.000025 seconds.
  path: Assets/Models/Daytime/ClothesLine03.fbx
  importAddress: Guid(1ba23005c087ca5478a51ef4be453e69) Importer(2089858483,b0f066a214c2f5e87bad3c948f4d605d)
Start importing Assets/Models/Daytime/ClothesLine03.fbx using Guid(1ba23005c087ca5478a51ef4be453e69) Importer(2089858483,b0f066a214c2f5e87bad3c948f4d605d) (ScriptedImporter) -> (Import Result ID: '52ab13ae684386e1886c796796783421') in 0.0202202 seconds [static and dynamic dependencies]. Details - ImportResultOutputID=a601e8e1d850bc9cb69b173dd9a616b1 DependenciesID=ddfb7ce2678a19ed7e7a16b2f9cba242 StaticDependenciesID=c2f15df9626d21e57155d99e26302e61 
Number of updated asset objects reloaded before import = 0Number of asset objects unloaded after import = 9

========================================================================
Received Import Request.
  Time since last request: 0.000026 seconds.
  path: Assets/Models/Daytime/PlasteredWall02.fbx
  importAddress: Guid(e98075cb4974df0408eb7ee2083b60f8) Importer(2089858483,b0f066a214c2f5e87bad3c948f4d605d)
Start importing Assets/Models/Daytime/PlasteredWall02.fbx using Guid(e98075cb4974df0408eb7ee2083b60f8) Importer(2089858483,b0f066a214c2f5e87bad3c948f4d605d) (ScriptedImporter) -> (Import Result ID: '455bb92021b3406dfdd42d4a0e5e0a97') in 0.0299101 seconds [static and dynamic dependencies]. Details - ImportResultOutputID=eae601cb27f2b086164af9e66790a910 DependenciesID=23923058531158744851f346e51d585f StaticDependenciesID=c9511cf9fe1d624af749f2f8c9dc3720 
Number of updated asset objects reloaded before import = 0Number of asset objects unloaded after import = 10

========================================================================
Received Import Request.
  Time since last request: 0.000023 seconds.
  path: Assets/Animation/Materials/DumpsterAlbedo.mat
  importAddress: Guid(85c3997454168064280d79e66e8b345d) Importer(2089858483,b0f066a214c2f5e87bad3c948f4d605d)
Start importing Assets/Animation/Materials/DumpsterAlbedo.mat using Guid(85c3997454168064280d79e66e8b345d) Importer(2089858483,b0f066a214c2f5e87bad3c948f4d605d) (ScriptedImporter) -> (Import Result ID: 'e45855328e92bc9d874e20c29b872cd9') in 0.0094379 seconds [static and dynamic dependencies]. Details - ImportResultOutputID=756f15e2ead90ab2aac52d69a4bf9037 DependenciesID=9e35fe943f6541fe4b384552ac0645ca StaticDependenciesID=13354e2cad1d8961422720df069f90dd 
Number of updated asset objects reloaded before import = 0Number of asset objects unloaded after import = 1

========================================================================
Received Import Request.
  Time since last request: 0.000115 seconds.
  path: Assets/Animation/Tutorial/slideAnimation.anim
  importAddress: Guid(1eff6918e2e0c264087f33c47524dbe3) Importer(2089858483,b0f066a214c2f5e87bad3c948f4d605d)
Start importing Assets/Animation/Tutorial/slideAnimation.anim using Guid(1eff6918e2e0c264087f33c47524dbe3) Importer(2089858483,b0f066a214c2f5e87bad3c948f4d605d) (ScriptedImporter) -> (Import Result ID: '8751a966fb948f2afdcf8ef589ac68bb') in 0.0078704 seconds [static and dynamic dependencies]. Details - ImportResultOutputID=60f76c2a0fa507c882b63627705ae9d9 DependenciesID=5dd3cde310045ac2ce3ca5639e742d31 StaticDependenciesID=6edccb7e48d47cd7a93c17ab8ccb308f 
Number of updated asset objects reloaded before import = 0Number of asset objects unloaded after import = 1

========================================================================
Received Import Request.
  Time since last request: 0.000037 seconds.
  path: Assets/Models/Editor/BundleAndBuild.cs
  importAddress: Guid(3bd3e7d33463f264ca473f36bbaf64ae) Importer(2089858483,b0f066a214c2f5e87bad3c948f4d605d)
Start importing Assets/Models/Editor/BundleAndBuild.cs using Guid(3bd3e7d33463f264ca473f36bbaf64ae) Importer(2089858483,b0f066a214c2f5e87bad3c948f4d605d) (ScriptedImporter) -> (Import Result ID: 'a482143d056a3765da728b2b2859bdec') in 0.0064488 seconds [static and dynamic dependencies]. Details - ImportResultOutputID=8c9190f0f861ffc8fd34560278ab2b0b DependenciesID=ea7dfbabd73fbbe86d25e475a934613a StaticDependenciesID=8b74504af0a947a2d1e161dd3742cf9c 
Number of updated asset objects reloaded before import = 0Number of asset objects unloaded after import = 0

========================================================================
Received Import Request.
  Time since last request: 0.000135 seconds.
  path: Assets/Models/Daytime/ClothesLine01.fbx
  importAddress: Guid(45547b719ccf6934394f6d798a4263a0) Importer(2089858483,b0f066a214c2f5e87bad3c948f4d605d)
Start importing Assets/Models/Daytime/ClothesLine01.fbx using Guid(45547b719ccf6934394f6d798a4263a0) Importer(2089858483,b0f066a214c2f5e87bad3c948f4d605d) (ScriptedImporter) -> (Import Result ID: 'b7c10f1e1f45b204ffdd1a827fa01ea0') in 0.0198871 seconds [static and dynamic dependencies]. Details - ImportResultOutputID=761a8067050c695ca875f8240857255c DependenciesID=3f0667a44dbdee2645fc47e4ee26788f StaticDependenciesID=dda7d4cae9f97a00b38574790329b687 
Number of updated asset objects reloaded before import = 0Number of asset objects unloaded after import = 9

========================================================================
Received Import Request.
  Time since last request: 0.000029 seconds.
  path: Assets/Models/Daytime/Warehouse01.fbx
  importAddress: Guid(e8b76d69401072b47881c8ae05bfbeae) Importer(2089858483,b0f066a214c2f5e87bad3c948f4d605d)
Start importing Assets/Models/Daytime/Warehouse01.fbx using Guid(e8b76d69401072b47881c8ae05bfbeae) Importer(2089858483,b0f066a214c2f5e87bad3c948f4d605d) (ScriptedImporter) -> (Import Result ID: '8d0e5fe8a31d4973560cc53758d6afdf') in 0.0278602 seconds [static and dynamic dependencies]. Details - ImportResultOutputID=c00029851d27d3b9993cafee70c1945c DependenciesID=1fe74acab6cbf2db9fa12b208ae0797b StaticDependenciesID=78ecbd1f73e2e89ca42a2418ecf805b4 
Number of updated asset objects reloaded before import = 0Number of asset objects unloaded after import = 9

========================================================================
Received Import Request.
  Time since last request: 0.000032 seconds.
  path: Assets/Animation/Materials/Default_Material.mat
  importAddress: Guid(25e2210d7e3464d4ba0a975759d2c18b) Importer(2089858483,b0f066a214c2f5e87bad3c948f4d605d)
Start importing Assets/Animation/Materials/Default_Material.mat using Guid(25e2210d7e3464d4ba0a975759d2c18b) Importer(2089858483,b0f066a214c2f5e87bad3c948f4d605d) (ScriptedImporter) -> (Import Result ID: '891c231a88f76fa0b3f703d2efdd73c7') in 0.0064868 seconds [static and dynamic dependencies]. Details - ImportResultOutputID=91074e8ceaabb49b95c6512df7bb675b DependenciesID=726be7d0b36b9f50614eceb50040664b StaticDependenciesID=0baf19cc18f23706e6b77780a3244efe 
Number of updated asset objects reloaded before import = 0Number of asset objects unloaded after import = 1

========================================================================
Received Import Request.
  Time since last request: 0.000267 seconds.
  path: Assets/Models/Daytime/TelegraphWires.fbx
  importAddress: Guid(794fdbc2f5db99443a100bbb6d837640) Importer(2089858483,b0f066a214c2f5e87bad3c948f4d605d)
Start importing Assets/Models/Daytime/TelegraphWires.fbx using Guid(794fdbc2f5db99443a100bbb6d837640) Importer(2089858483,b0f066a214c2f5e87bad3c948f4d605d) (ScriptedImporter) -> (Import Result ID: 'e5a97e33d1a866f0db85d870b6e4d098') in 0.0377283 seconds [static and dynamic dependencies]. Details - ImportResultOutputID=4a079e4517aebe73e40647788b2ca4cd DependenciesID=4a17562c561036345e60edc27236aa1f StaticDependenciesID=4f77a955b47d1c2613e36e2f7d790418 
Number of updated asset objects reloaded before import = 0Number of asset objects unloaded after import = 13

========================================================================
Received Import Request.
  Time since last request: 0.000029 seconds.
  path: Assets/Models/Daytime/BrickWall.fbx
  importAddress: Guid(a3a59b2bb313ed049b43ffee79f2a52b) Importer(2089858483,b0f066a214c2f5e87bad3c948f4d605d)
Start importing Assets/Models/Daytime/BrickWall.fbx using Guid(a3a59b2bb313ed049b43ffee79f2a52b) Importer(2089858483,b0f066a214c2f5e87bad3c948f4d605d) (ScriptedImporter) -> (Import Result ID: 'dd3880577af203247d3662edc764f0fd') in 0.0318494 seconds [static and dynamic dependencies]. Details - ImportResultOutputID=eeaceb27e3f9c109df9f8a48163997d7 DependenciesID=e1a6c83f1686c89372a53f9f1c8db5ab StaticDependenciesID=281dbcc17f30ccdd3e745d080ca228a8 
Number of updated asset objects reloaded before import = 0Number of asset objects unloaded after import = 9

========================================================================
Received Import Request.
  Time since last request: 0.000019 seconds.
  path: Assets/Models/NightTime/BackgroundBuilding01Night.fbx
  importAddress: Guid(844930ad4f45a9a4cbfe20cc435f28b1) Importer(2089858483,b0f066a214c2f5e87bad3c948f4d605d)
Start importing Assets/Models/NightTime/BackgroundBuilding01Night.fbx using Guid(844930ad4f45a9a4cbfe20cc435f28b1) Importer(2089858483,b0f066a214c2f5e87bad3c948f4d605d) (ScriptedImporter) -> (Import Result ID: '1d0b644fd58f9540a095516cde47ffcd') in 0.0217622 seconds [static and dynamic dependencies]. Details - ImportResultOutputID=d79405fbfbc36e4a3bac7ed0a54df9b2 DependenciesID=6b0ea92ab11040d2f47ed3890cfc21c7 StaticDependenciesID=971d5b60c3404e4b4196ff7f4fcc371c 
Number of updated asset objects reloaded before import = 0Number of asset objects unloaded after import = 8

========================================================================
Received Import Request.
  Time since last request: 0.000024 seconds.
  path: Assets/MobileDependencyResolver/Editor/Google.VersionHandler.pdb
  importAddress: Guid(1c9aac8d9a8a4327ab36da49fd34139a) Importer(2089858483,b0f066a214c2f5e87bad3c948f4d605d)
Start importing Assets/MobileDependencyResolver/Editor/Google.VersionHandler.pdb using Guid(1c9aac8d9a8a4327ab36da49fd34139a) Importer(2089858483,b0f066a214c2f5e87bad3c948f4d605d) (ScriptedImporter) -> (Import Result ID: '00e0484620992e3b7f6d0cdc44e27a11') in 0.00823 seconds [static and dynamic dependencies]. Details - ImportResultOutputID=1c2f62c167751dba97271ffb34944882 DependenciesID=befd396c8a333ab63d2552da4f8d2802 StaticDependenciesID=9ccf9372e8fed4bcf7513fdb2451cb30 
Number of updated asset objects reloaded before import = 0Number of asset objects unloaded after import = 1

========================================================================
Received Import Request.
  Time since last request: 0.000044 seconds.
  path: Assets/AddressableAssetsData/AssetGroups/UI.asset
  importAddress: Guid(6d0ac92b4f2a00540ae4a633719d68b2) Importer(2089858483,b0f066a214c2f5e87bad3c948f4d605d)
Start importing Assets/AddressableAssetsData/AssetGroups/UI.asset using Guid(6d0ac92b4f2a00540ae4a633719d68b2) Importer(2089858483,b0f066a214c2f5e87bad3c948f4d605d) (ScriptedImporter) -> (Import Result ID: '10cc11c3398207b3445cff73b1c75db5') in 0.0044771 seconds [static and dynamic dependencies]. Details - ImportResultOutputID=03297aa041fc5b3723f611bc3459f64a DependenciesID=38f9f201eb0e9892cc708dba705dcff2 StaticDependenciesID=5673032515fa08e829eda1d3c5e8b35a 
Number of updated asset objects reloaded before import = 0Number of asset objects unloaded after import = 1

========================================================================
Received Import Request.
  Time since last request: 0.000081 seconds.
  path: Assets/AddressableAssetsData/DataBuilders/BuildScriptFastMode.asset
  importAddress: Guid(3d84f0c55c89eba48b446fe39eec2be7) Importer(2089858483,b0f066a214c2f5e87bad3c948f4d605d)
Start importing Assets/AddressableAssetsData/DataBuilders/BuildScriptFastMode.asset using Guid(3d84f0c55c89eba48b446fe39eec2be7) Importer(2089858483,b0f066a214c2f5e87bad3c948f4d605d) (ScriptedImporter) -> (Import Result ID: '761d3429f51389ad8f1b1c28b27d8a32') in 0.0083636 seconds [static and dynamic dependencies]. Details - ImportResultOutputID=4f3f50f81db465d40604813d38b43048 DependenciesID=4eb0db7ce0609c4f40434826874e94f8 StaticDependenciesID=e824d5f3c8831d37280ccbcbd2d63430 
Number of updated asset objects reloaded before import = 0Number of asset objects unloaded after import = 1

========================================================================
Received Import Request.
  Time since last request: 0.000049 seconds.
  path: Assets/Animation/Animators/Sparkle.controller
  importAddress: Guid(ea898411829e377448cd1f8c7f3307d9) Importer(2089858483,b0f066a214c2f5e87bad3c948f4d605d)
Start importing Assets/Animation/Animators/Sparkle.controller using Guid(ea898411829e377448cd1f8c7f3307d9) Importer(2089858483,b0f066a214c2f5e87bad3c948f4d605d) (ScriptedImporter) -> (Import Result ID: 'de14c3532977afc57d0e7fcf823604ee') in 0.0091677 seconds [static and dynamic dependencies]. Details - ImportResultOutputID=700a48f59a1c00ff1d69170f880009a2 DependenciesID=7c58074c5d6661d3dd029973e82896af StaticDependenciesID=b708caa8e10c3f409d31486fba2edd51 
Number of updated asset objects reloaded before import = 0Number of asset objects unloaded after import = 4

========================================================================
Received Import Request.
  Time since last request: 0.000026 seconds.
  path: Assets/AddressableAssetsData/AssetGroups/Characters.asset
  importAddress: Guid(76221483d69bd3b4aac4488c3097199d) Importer(2089858483,b0f066a214c2f5e87bad3c948f4d605d)
Start importing Assets/AddressableAssetsData/AssetGroups/Characters.asset using Guid(76221483d69bd3b4aac4488c3097199d) Importer(2089858483,b0f066a214c2f5e87bad3c948f4d605d) (ScriptedImporter) -> (Import Result ID: '98eb8685cae480b90833f9582fbb1368') in 0.0061628 seconds [static and dynamic dependencies]. Details - ImportResultOutputID=cb98a33050ddaa831c5c41e509d6acf4 DependenciesID=4f18c3f1abfaba73a9a3dc6d4491a0fa StaticDependenciesID=6abab9c4367a6c1c2871d3c43202b867 
Number of updated asset objects reloaded before import = 0Number of asset objects unloaded after import = 1

========================================================================
Received Import Request.
  Time since last request: 0.000027 seconds.
  path: Assets/Models/Daytime/Apartments01.fbx
  importAddress: Guid(7b0efa08f7db72d4f8c6e62035b9909b) Importer(2089858483,b0f066a214c2f5e87bad3c948f4d605d)
Start importing Assets/Models/Daytime/Apartments01.fbx using Guid(7b0efa08f7db72d4f8c6e62035b9909b) Importer(2089858483,b0f066a214c2f5e87bad3c948f4d605d) (ScriptedImporter) -> (Import Result ID: 'a2b493d8c5116fc69014b9f338119f8f') in 0.0193284 seconds [static and dynamic dependencies]. Details - ImportResultOutputID=ffeec12ef5b34a74ce01359ae787bb33 DependenciesID=fa6aea5d449d857c933f56c125035e37 StaticDependenciesID=221bfea1cf7a156924b26022bb55ab9a 
Number of updated asset objects reloaded before import = 0Number of asset objects unloaded after import = 9

========================================================================
Received Import Request.
  Time since last request: 0.000037 seconds.
  path: Assets/Models/Daytime/Cloud03.fbx
  importAddress: Guid(e3c6f3a775938914f92f111623346cbf) Importer(2089858483,b0f066a214c2f5e87bad3c948f4d605d)
Start importing Assets/Models/Daytime/Cloud03.fbx using Guid(e3c6f3a775938914f92f111623346cbf) Importer(2089858483,b0f066a214c2f5e87bad3c948f4d605d) (ScriptedImporter) -> (Import Result ID: '0b176cf35b4879a9d953ed8e709d519e') in 0.0176812 seconds [static and dynamic dependencies]. Details - ImportResultOutputID=ef9dbb60b1f3df368ca8ec8427a4f8a1 DependenciesID=f06876cadb8b3dd0556ca82545c7576b StaticDependenciesID=adf92cc6cfd73e0c8b2ef14afdfcd9ea 
Number of updated asset objects reloaded before import = 0Number of asset objects unloaded after import = 8

========================================================================
Received Import Request.
  Time since last request: 0.000039 seconds.
  path: Assets/Models/Daytime/Apartments03.fbx
  importAddress: Guid(e3d135726eb51644a93ee63a0c6af8be) Importer(2089858483,b0f066a214c2f5e87bad3c948f4d605d)
Start importing Assets/Models/Daytime/Apartments03.fbx using Guid(e3d135726eb51644a93ee63a0c6af8be) Importer(2089858483,b0f066a214c2f5e87bad3c948f4d605d) (ScriptedImporter) -> (Import Result ID: '1dcacc1a9c360d1f23f63ed8ec060039') in 0.0212269 seconds [static and dynamic dependencies]. Details - ImportResultOutputID=f60ec184b758818823cf19d8cabb3bac DependenciesID=d31faec09f29289d5052c97d7131ef2f StaticDependenciesID=21e561f7022a622519e3ba484657427c 
Number of updated asset objects reloaded before import = 0Number of asset objects unloaded after import = 9

========================================================================
Received Import Request.
  Time since last request: 0.000023 seconds.
  path: Assets/Models/Daytime/DumpsterGreen.fbx
  importAddress: Guid(c84695815df82b242ad2319af4d44725) Importer(2089858483,b0f066a214c2f5e87bad3c948f4d605d)
Start importing Assets/Models/Daytime/DumpsterGreen.fbx using Guid(c84695815df82b242ad2319af4d44725) Importer(2089858483,b0f066a214c2f5e87bad3c948f4d605d) (ScriptedImporter) -> (Import Result ID: '123bcb2b11778b7352f284fd38b8407c') in 0.0197255 seconds [static and dynamic dependencies]. Details - ImportResultOutputID=d7fedec30ed25e51cf310cdca227189e DependenciesID=483cf427b2be2c0487195ed463bd2d51 StaticDependenciesID=7de5974b739c138859ea8d31f7f1d2f0 
Number of updated asset objects reloaded before import = 0Number of asset objects unloaded after import = 8

========================================================================
Received Import Request.
  Time since last request: 0.000026 seconds.
  path: Assets/Models/Daytime/PlasteredWall01.fbx
  importAddress: Guid(b73697bb416ade2438c2bca5fae0023f) Importer(2089858483,b0f066a214c2f5e87bad3c948f4d605d)
Start importing Assets/Models/Daytime/PlasteredWall01.fbx using Guid(b73697bb416ade2438c2bca5fae0023f) Importer(2089858483,b0f066a214c2f5e87bad3c948f4d605d) (ScriptedImporter) -> (Import Result ID: '36021103e7f7488262ad88df255f7b98') in 0.0185684 seconds [static and dynamic dependencies]. Details - ImportResultOutputID=7d142bffc397b9b80456ae9bb183e7fd DependenciesID=ebb3612be92249c1436ba4e7cadbb598 StaticDependenciesID=b840d2527494c314a34862337745d923 
Number of updated asset objects reloaded before import = 0Number of asset objects unloaded after import = 9

========================================================================
Received Import Request.
  Time since last request: 0.000026 seconds.
  path: Assets/Models/Daytime/Road02.fbx
  importAddress: Guid(5dc9820c76494354e9e924a6c791efa7) Importer(2089858483,b0f066a214c2f5e87bad3c948f4d605d)
Start importing Assets/Models/Daytime/Road02.fbx using Guid(5dc9820c76494354e9e924a6c791efa7) Importer(2089858483,b0f066a214c2f5e87bad3c948f4d605d) (ScriptedImporter) -> (Import Result ID: '7bb7138fe7d224460d0e306ef5f481e5') in 0.0209248 seconds [static and dynamic dependencies]. Details - ImportResultOutputID=06f1685b61e8f1dbf506132ff3e70635 DependenciesID=0197eec747d0cb29d3d3151c228fb333 StaticDependenciesID=bee173c2ce70b44dd2a048f6cc14cf25 
Number of updated asset objects reloaded before import = 0Number of asset objects unloaded after import = 8

========================================================================
Received Import Request.
  Time since last request: 0.000059 seconds.
  path: Assets/Models/Daytime/RoadWorksBarrier01.fbx
  importAddress: Guid(30ef3480996caf140bcd7afeae88ea89) Importer(2089858483,b0f066a214c2f5e87bad3c948f4d605d)
Start importing Assets/Models/Daytime/RoadWorksBarrier01.fbx using Guid(30ef3480996caf140bcd7afeae88ea89) Importer(2089858483,b0f066a214c2f5e87bad3c948f4d605d) (ScriptedImporter) -> (Import Result ID: '1f8e629ec190cd842feea09f603d2a67') in 0.0197065 seconds [static and dynamic dependencies]. Details - ImportResultOutputID=d31eb6f0fb8522c625259c0415acf35f DependenciesID=beeac382ded6a55925799446150f616b StaticDependenciesID=4832fd0d1cb52e01e6f9117f06c9e0cd 
Number of updated asset objects reloaded before import = 0Number of asset objects unloaded after import = 8

========================================================================
Received Import Request.
  Time since last request: 0.000024 seconds.
  path: Assets/Models/Daytime/BackgroundBuilding01.fbx
  importAddress: Guid(e492f336a8502944cb8729237e067291) Importer(2089858483,b0f066a214c2f5e87bad3c948f4d605d)
Start importing Assets/Models/Daytime/BackgroundBuilding01.fbx using Guid(e492f336a8502944cb8729237e067291) Importer(2089858483,b0f066a214c2f5e87bad3c948f4d605d) (ScriptedImporter) -> (Import Result ID: '0e987662f4b1904019f861f4b85da862') in 0.0219508 seconds [static and dynamic dependencies]. Details - ImportResultOutputID=ac5a0f94ac5e8722c86ac153aac3077d DependenciesID=c92140d5f587923f4484caf01a417fb1 StaticDependenciesID=9e38d690e7fd08f30394f53c74a3a635 
Number of updated asset objects reloaded before import = 0Number of asset objects unloaded after import = 8

========================================================================
Received Import Request.
  Time since last request: 0.000034 seconds.
  path: Assets/AddressableAssetsData/AssetGroups/Default-Zones.asset
  importAddress: Guid(2981e407081d08d4887a5ef39df59609) Importer(2089858483,b0f066a214c2f5e87bad3c948f4d605d)
Start importing Assets/AddressableAssetsData/AssetGroups/Default-Zones.asset using Guid(2981e407081d08d4887a5ef39df59609) Importer(2089858483,b0f066a214c2f5e87bad3c948f4d605d) (ScriptedImporter) -> (Import Result ID: '80921791bed77a8b860da0918a405cac') in 0.0076253 seconds [static and dynamic dependencies]. Details - ImportResultOutputID=80dbee041bd31d48ae6d06cd238a1ee6 DependenciesID=1f9b7cc7ab97aeaff91433cff2054ab8 StaticDependenciesID=b77519eb9ebd58e6b68ac95d0b1506c0 
Number of updated asset objects reloaded before import = 0Number of asset objects unloaded after import = 1

========================================================================
Received Import Request.
  Time since last request: 0.000021 seconds.
  path: Assets/Models/Daytime/Tree01.fbx
  importAddress: Guid(c5b4e6cbf5e8cd645a2c8ac01816bd24) Importer(2089858483,b0f066a214c2f5e87bad3c948f4d605d)
Start importing Assets/Models/Daytime/Tree01.fbx using Guid(c5b4e6cbf5e8cd645a2c8ac01816bd24) Importer(2089858483,b0f066a214c2f5e87bad3c948f4d605d) (ScriptedImporter) -> (Import Result ID: 'aca00b6470a9c3d925d6a3c60a6ffb89') in 0.0719687 seconds [static and dynamic dependencies]. Details - ImportResultOutputID=dd07b50becef13da658edde86a37f05e DependenciesID=a60fb612b2a1141e2ee1068277c2813c StaticDependenciesID=facfa6bc5b6a8e5536bcef8a1498900f 
Number of updated asset objects reloaded before import = 0Number of asset objects unloaded after import = 9

========================================================================
Received Import Request.
  Time since last request: 0.000031 seconds.
  path: Assets/Models/Daytime/Wire.fbx
  importAddress: Guid(8f39f909c6c874a43a86c77bb5eeed5f) Importer(2089858483,b0f066a214c2f5e87bad3c948f4d605d)
Start importing Assets/Models/Daytime/Wire.fbx using Guid(8f39f909c6c874a43a86c77bb5eeed5f) Importer(2089858483,b0f066a214c2f5e87bad3c948f4d605d) (ScriptedImporter) -> (Import Result ID: '47f1ac12c8bef55521478d5a51feee10') in 0.0273365 seconds [static and dynamic dependencies]. Details - ImportResultOutputID=2a8c58b3ff0b39cf6465384849b03165 DependenciesID=bafb0152dfeb71a4a6077e1669a756c7 StaticDependenciesID=4aa7319fd8d57332691a007207d37f18 
Number of updated asset objects reloaded before import = 0Number of asset objects unloaded after import = 13

========================================================================
Received Import Request.
  Time since last request: 0.000123 seconds.
  path: Assets/AddressableAssetsData/DataBuilders/BuildScriptVirtualMode.asset
  importAddress: Guid(d920bfe0779f6ae4d8ff524475b546cc) Importer(2089858483,b0f066a214c2f5e87bad3c948f4d605d)
Start importing Assets/AddressableAssetsData/DataBuilders/BuildScriptVirtualMode.asset using Guid(d920bfe0779f6ae4d8ff524475b546cc) Importer(2089858483,b0f066a214c2f5e87bad3c948f4d605d) (ScriptedImporter) -> (Import Result ID: '3ef451868cb3d2b3efc9bdbf626ed753') in 0.0047055 seconds [static and dynamic dependencies]. Details - ImportResultOutputID=bc31a594e6f64cf3d7a0595eeb9b61a9 DependenciesID=cb18c3eae3e99d2579abed86074933c3 StaticDependenciesID=77add4324e908bc69923067e14793e40 
Number of updated asset objects reloaded before import = 0Number of asset objects unloaded after import = 1

========================================================================
Received Import Request.
  Time since last request: 0.000032 seconds.
  path: Assets/Animation/Animators/Rat.controller
  importAddress: Guid(a41010c8e687cb946bd98efd6045e35b) Importer(2089858483,b0f066a214c2f5e87bad3c948f4d605d)
Start importing Assets/Animation/Animators/Rat.controller using Guid(a41010c8e687cb946bd98efd6045e35b) Importer(2089858483,b0f066a214c2f5e87bad3c948f4d605d) (ScriptedImporter) -> (Import Result ID: '776d3fa8926fb38b0c7f9ea6435517d2') in 0.0109829 seconds [static and dynamic dependencies]. Details - ImportResultOutputID=95e695dc54fd700326b959861e3fc290 DependenciesID=2f7a5189360b7c95fef541208ea4c499 StaticDependenciesID=27e1cdd9ae617518358c0f1e842bc2e7 
Number of updated asset objects reloaded before import = 0Number of asset objects unloaded after import = 7

========================================================================
Received Import Request.
  Time since last request: 0.000032 seconds.
  path: Assets/Animation/Materials/EndlessRunnerSourceImagesTexturesBinAlbedo.mat
  importAddress: Guid(853573f93df7776469b9a13fb0f1acff) Importer(2089858483,b0f066a214c2f5e87bad3c948f4d605d)
Start importing Assets/Animation/Materials/EndlessRunnerSourceImagesTexturesBinAlbedo.mat using Guid(853573f93df7776469b9a13fb0f1acff) Importer(2089858483,b0f066a214c2f5e87bad3c948f4d605d) (ScriptedImporter) -> (Import Result ID: '4917a4c82e62ad8caa5e86ee0c5b434e') in 0.0056811 seconds [static and dynamic dependencies]. Details - ImportResultOutputID=8fa579f6fa58ae7ef820696ae3e70b83 DependenciesID=a9ef3843b31f2fa83a7d2cbb75ef7199 StaticDependenciesID=5a38745a7674f4e648eddd049703ff4c 
Number of updated asset objects reloaded before import = 0Number of asset objects unloaded after import = 1

========================================================================
Received Import Request.
  Time since last request: 0.000047 seconds.
  path: Assets/Animation/Animators/Magnet.controller
  importAddress: Guid(66171c2303affc64a8343b292d87803c) Importer(2089858483,b0f066a214c2f5e87bad3c948f4d605d)
Start importing Assets/Animation/Animators/Magnet.controller using Guid(66171c2303affc64a8343b292d87803c) Importer(2089858483,b0f066a214c2f5e87bad3c948f4d605d) (ScriptedImporter) -> (Import Result ID: '1ebc01a3bbf9fbfb147931b3ac4147da') in 0.0103939 seconds [static and dynamic dependencies]. Details - ImportResultOutputID=190b6318263dc1c64978a6b18fad70cf DependenciesID=7b0fa6e6d91fbe2e9ad17068ea91d811 StaticDependenciesID=8b0b077eb75536162732591f4f45bc88 
Number of updated asset objects reloaded before import = 0Number of asset objects unloaded after import = 4

========================================================================
Received Import Request.
  Time since last request: 0.000033 seconds.
  path: Assets/MobileDependencyResolver/Editor/mobile-dependency-resolver_version-1.2.185_manifest.txt
  importAddress: Guid(5e590a4aab514d859dd0ac8982d9e78c) Importer(2089858483,b0f066a214c2f5e87bad3c948f4d605d)
Start importing Assets/MobileDependencyResolver/Editor/mobile-dependency-resolver_version-1.2.185_manifest.txt using Guid(5e590a4aab514d859dd0ac8982d9e78c) Importer(2089858483,b0f066a214c2f5e87bad3c948f4d605d) (ScriptedImporter) -> (Import Result ID: '5b4f4c793a9825459b51c8bd2d6e928d') in 0.0045777 seconds [static and dynamic dependencies]. Details - ImportResultOutputID=191e3b027fb45a88a118153b0e3e1b3a DependenciesID=8a0f331c646907be1fcef03ce6cb4080 StaticDependenciesID=abbdb9e43f51070c18dc500e38c4f1f8 
Number of updated asset objects reloaded before import = 0Number of asset objects unloaded after import = 1

========================================================================
Received Import Request.
  Time since last request: 0.000054 seconds.
  path: Assets/Models/Daytime/RoadWorksArrow.fbx
  importAddress: Guid(de08d6c7cb409ce42a256e76ef1a7aa2) Importer(2089858483,b0f066a214c2f5e87bad3c948f4d605d)
Start importing Assets/Models/Daytime/RoadWorksArrow.fbx using Guid(de08d6c7cb409ce42a256e76ef1a7aa2) Importer(2089858483,b0f066a214c2f5e87bad3c948f4d605d) (ScriptedImporter) -> (Import Result ID: 'd0f3e52dadb8fafc7e56634a2069eaed') in 0.024982 seconds [static and dynamic dependencies]. Details - ImportResultOutputID=84d4027bf917781b44bc5892012f4f4b DependenciesID=5175a9eac426676ba7fc68a549fdc1a6 StaticDependenciesID=e0c8c8070bae37fe02cbfa51965c7b1f 
Number of updated asset objects reloaded before import = 0Number of asset objects unloaded after import = 8

========================================================================
Received Import Request.
  Time since last request: 0.000095 seconds.
  path: Assets/AddressableAssetsData/Windows/addressables_content_state.bin
  importAddress: Guid(b5a90c32fafb212418ba83e1805cd04c) Importer(2089858483,b0f066a214c2f5e87bad3c948f4d605d)
Start importing Assets/AddressableAssetsData/Windows/addressables_content_state.bin using Guid(b5a90c32fafb212418ba83e1805cd04c) Importer(2089858483,b0f066a214c2f5e87bad3c948f4d605d) (ScriptedImporter) -> (Import Result ID: '904f5e16bf8a974f94caf251db53b622') in 0.0046864 seconds [static and dynamic dependencies]. Details - ImportResultOutputID=6097c1eb3a383c43bbeb18e455f994cd DependenciesID=ce0142e861dcb82c99d5d0c22dca27a9 StaticDependenciesID=141fe982c70643fd2cba06468aa53dce 
Number of updated asset objects reloaded before import = 0Number of asset objects unloaded after import = 1

========================================================================
Received Import Request.
  Time since last request: 0.000024 seconds.
  path: Assets/Models/NightTime/ClothesLine02Night.fbx
  importAddress: Guid(713e5f0a381d7034fbd10daab2b1f222) Importer(2089858483,b0f066a214c2f5e87bad3c948f4d605d)
Start importing Assets/Models/NightTime/ClothesLine02Night.fbx using Guid(713e5f0a381d7034fbd10daab2b1f222) Importer(2089858483,b0f066a214c2f5e87bad3c948f4d605d) (ScriptedImporter) -> (Import Result ID: 'd558ce915c79400ca3aed83181068fa9') in 0.0151515 seconds [static and dynamic dependencies]. Details - ImportResultOutputID=d4fe1e7407c245ad0939d1891c964f0b DependenciesID=d0adecfe75ca1f04819f5eb102e24ee3 StaticDependenciesID=901647aa71a3fa2557a11914bd5c626f 
Number of updated asset objects reloaded before import = 0Number of asset objects unloaded after import = 9

========================================================================
Received Import Request.
  Time since last request: 0.000058 seconds.
  path: Assets/mokrane/Animations/Mokrane_Right Turn 90.fbx
  importAddress: Guid(7cc535b12d596a645bd909b8aeed541c) Importer(2089858483,b0f066a214c2f5e87bad3c948f4d605d)
Start importing Assets/mokrane/Animations/Mokrane_Right Turn 90.fbx using Guid(7cc535b12d596a645bd909b8aeed541c) Importer(2089858483,b0f066a214c2f5e87bad3c948f4d605d) (ScriptedImporter) -> (Import Result ID: '96d8871a377e439a87fc42e96575de2b') in 0.020016 seconds [static and dynamic dependencies]. Details - ImportResultOutputID=a522f9d52e8cd22aae4d806893d1d5be DependenciesID=bcb17e95a60ea175127c9e77e6621866 StaticDependenciesID=1f8e6a8f08a75f16e379fedd7ac710fa 
Number of updated asset objects reloaded before import = 0Number of asset objects unloaded after import = 137

========================================================================
Received Import Request.
  Time since last request: 0.000028 seconds.
  path: Assets/Models/NightTime/LightPool.fbx
  importAddress: Guid(f7daf6e93f30dc142ac7544786739ca1) Importer(2089858483,b0f066a214c2f5e87bad3c948f4d605d)
Start importing Assets/Models/NightTime/LightPool.fbx using Guid(f7daf6e93f30dc142ac7544786739ca1) Importer(2089858483,b0f066a214c2f5e87bad3c948f4d605d) (ScriptedImporter) -> (Import Result ID: 'cda84204d60b084d92d527838a66eaed') in 0.0181407 seconds [static and dynamic dependencies]. Details - ImportResultOutputID=952f1808f0b747f4833c57c2b054d6b7 DependenciesID=fb41cb0ae90bcac03c9137a18b5bca14 StaticDependenciesID=28a53f58024af1ea9ab23726bc598f7b 
Number of updated asset objects reloaded before import = 0Number of asset objects unloaded after import = 8

========================================================================
Received Import Request.
  Time since last request: 0.000023 seconds.
  path: Assets/Models/NightTime/Warehouse01Night.fbx
  importAddress: Guid(e691f3ef1d522494ab68101763f7fb9d) Importer(2089858483,b0f066a214c2f5e87bad3c948f4d605d)
Start importing Assets/Models/NightTime/Warehouse01Night.fbx using Guid(e691f3ef1d522494ab68101763f7fb9d) Importer(2089858483,b0f066a214c2f5e87bad3c948f4d605d) (ScriptedImporter) -> (Import Result ID: '557338ec2e49eaa6bb3d7db1b115f58d') in 0.0193376 seconds [static and dynamic dependencies]. Details - ImportResultOutputID=002877728763d9d1d603ece6de1a37c4 DependenciesID=63bbf8dc99fbee449095d0c65e19d6f4 StaticDependenciesID=e776dea2c0c6821cf1fbc8f5e13ce956 
Number of updated asset objects reloaded before import = 0Number of asset objects unloaded after import = 9

========================================================================
Received Import Request.
  Time since last request: 0.000032 seconds.
  path: Assets/Models/NightTime/Road01Night.fbx
  importAddress: Guid(a39a1374f2e36fb43861b417c3de0a28) Importer(2089858483,b0f066a214c2f5e87bad3c948f4d605d)
Start importing Assets/Models/NightTime/Road01Night.fbx using Guid(a39a1374f2e36fb43861b417c3de0a28) Importer(2089858483,b0f066a214c2f5e87bad3c948f4d605d) (ScriptedImporter) -> (Import Result ID: '0d1ee427eec16979010ae7183245cbc3') in 0.0192823 seconds [static and dynamic dependencies]. Details - ImportResultOutputID=00d79642c36d31099fb8aee7aeb3f50f DependenciesID=684c60d66cfb31789e39ceec5b3bc4d9 StaticDependenciesID=04be2c21fbdaa9688975f997293b2935 
Number of updated asset objects reloaded before import = 0Number of asset objects unloaded after import = 8

========================================================================
Received Import Request.
  Time since last request: 0.000023 seconds.
  path: Assets/Models/NightTime/WheelyBinGreenNight.fbx
  importAddress: Guid(4557628a953e5294b98f31a5cef83ea8) Importer(2089858483,b0f066a214c2f5e87bad3c948f4d605d)
Start importing Assets/Models/NightTime/WheelyBinGreenNight.fbx using Guid(4557628a953e5294b98f31a5cef83ea8) Importer(2089858483,b0f066a214c2f5e87bad3c948f4d605d) (ScriptedImporter) -> (Import Result ID: '315099bb77211a038dbeba8eaa1f8100') in 0.0195514 seconds [static and dynamic dependencies]. Details - ImportResultOutputID=4dcbe65c6fafd73e3eeefc29fdceba68 DependenciesID=4c104e4309a4e47a18ab1a3f0dd345a6 StaticDependenciesID=1a10c2229c243afd887b279953412624 
Number of updated asset objects reloaded before import = 0Number of asset objects unloaded after import = 8

========================================================================
Received Import Request.
  Time since last request: 0.000025 seconds.
  path: Assets/Models/NightTime/RoadWorksBarrierLowNight.fbx
  importAddress: Guid(aa667bc2b02f7204289f3f5a973c5c97) Importer(2089858483,b0f066a214c2f5e87bad3c948f4d605d)
Start importing Assets/Models/NightTime/RoadWorksBarrierLowNight.fbx using Guid(aa667bc2b02f7204289f3f5a973c5c97) Importer(2089858483,b0f066a214c2f5e87bad3c948f4d605d) (ScriptedImporter) -> (Import Result ID: 'e81ac00658b3f180bec79f9b59a2ce59') in 0.0152189 seconds [static and dynamic dependencies]. Details - ImportResultOutputID=ba3604005366ff6d2694fbc450ef1d34 DependenciesID=89eb763dce41f8b535d107375f686ac7 StaticDependenciesID=63d54147b41c977db601fb8eb21c0dbe 
Number of updated asset objects reloaded before import = 0Number of asset objects unloaded after import = 8

========================================================================
Received Import Request.
  Time since last request: 0.000018 seconds.
  path: Assets/Models/NightTime/RoadWorksArrowNight.fbx
  importAddress: Guid(d858ef9ad67c2f94da57dbdf8773ea93) Importer(2089858483,b0f066a214c2f5e87bad3c948f4d605d)
Start importing Assets/Models/NightTime/RoadWorksArrowNight.fbx using Guid(d858ef9ad67c2f94da57dbdf8773ea93) Importer(2089858483,b0f066a214c2f5e87bad3c948f4d605d) (ScriptedImporter) -> (Import Result ID: '944401ad113cc658fabb309775f86ca4') in 0.0144229 seconds [static and dynamic dependencies]. Details - ImportResultOutputID=7060d32f1c7f03de5d1993572a5b8b40 DependenciesID=6c7f67e9cbc569f0d99d014f3bb972dc StaticDependenciesID=c9060aee1403bf04e1f21874b3765c8f 
Number of updated asset objects reloaded before import = 0Number of asset objects unloaded after import = 8

========================================================================
Received Import Request.
  Time since last request: 0.000139 seconds.
  path: Assets/Models/NightTime/Cloud03Night.fbx
  importAddress: Guid(e0918399317f5f646b604e53ce4a4efc) Importer(2089858483,b0f066a214c2f5e87bad3c948f4d605d)
Start importing Assets/Models/NightTime/Cloud03Night.fbx using Guid(e0918399317f5f646b604e53ce4a4efc) Importer(2089858483,b0f066a214c2f5e87bad3c948f4d605d) (ScriptedImporter) -> (Import Result ID: 'a1088f74fd5e13552ce0ef0b557c14d4') in 0.0174169 seconds [static and dynamic dependencies]. Details - ImportResultOutputID=c60547c0d2f3d0b3fbd3c195f80bf2e3 DependenciesID=d09ac1b13a23fe415e9e56dbf56dfa9a StaticDependenciesID=2d8b777434cf6550b2b6eb0b0eca00ae 
Number of updated asset objects reloaded before import = 0Number of asset objects unloaded after import = 8

========================================================================
Received Import Request.
  Time since last request: 0.000051 seconds.
  path: Assets/mokrane/texture/eye.png
  importAddress: Guid(2d492dab727cdbf4a9e1229c4b68d24f) Importer(2089858483,b0f066a214c2f5e87bad3c948f4d605d)
Start importing Assets/mokrane/texture/eye.png using Guid(2d492dab727cdbf4a9e1229c4b68d24f) Importer(2089858483,b0f066a214c2f5e87bad3c948f4d605d) (ScriptedImporter) -> (Import Result ID: 'fc01bcb69f5c9ad6f631cbe288783b50') in 0.0130768 seconds [static and dynamic dependencies]. Details - ImportResultOutputID=cbfb20512aa0b2c0c9a85660b22c7949 DependenciesID=d1742a38036de71802af062402eefa0b StaticDependenciesID=40a99166c18859ef2528a19438675100 
Number of updated asset objects reloaded before import = 0Number of asset objects unloaded after import = 1

========================================================================
Received Import Request.
  Time since last request: 0.000060 seconds.
  path: Assets/Models/NightTime/Garage02Night.fbx
  importAddress: Guid(0cbcac8f06059f648ba3d15412d0805a) Importer(2089858483,b0f066a214c2f5e87bad3c948f4d605d)
Start importing Assets/Models/NightTime/Garage02Night.fbx using Guid(0cbcac8f06059f648ba3d15412d0805a) Importer(2089858483,b0f066a214c2f5e87bad3c948f4d605d) (ScriptedImporter) -> (Import Result ID: '4b1772a38bc64f1ac767b997caab69f8') in 0.0230983 seconds [static and dynamic dependencies]. Details - ImportResultOutputID=83dc12c1fd99c5b128f63183c098319e DependenciesID=01820b5c8fc8a6670c16aa088edb2743 StaticDependenciesID=efc2d39956208bfad68e542efc3dbd49 
Number of updated asset objects reloaded before import = 0Number of asset objects unloaded after import = 9

========================================================================
Received Import Request.
  Time since last request: 0.000035 seconds.
  path: Assets/Models/NightTime/ObstacleBinNight.fbx
  importAddress: Guid(d99cb16e220b5534084e4cb9195aeb1d) Importer(2089858483,b0f066a214c2f5e87bad3c948f4d605d)
Start importing Assets/Models/NightTime/ObstacleBinNight.fbx using Guid(d99cb16e220b5534084e4cb9195aeb1d) Importer(2089858483,b0f066a214c2f5e87bad3c948f4d605d) (ScriptedImporter) -> (Import Result ID: 'e95d013ccb34aec0ee5d58e4dd6ebc69') in 0.0223792 seconds [static and dynamic dependencies]. Details - ImportResultOutputID=98bc318567b1b2df8cdf8539ab56c8da DependenciesID=4f8fd1e80a9f883e04b4426b033bde2a StaticDependenciesID=a31f2088ae9f716e0ce865ad9de494ea 
Number of updated asset objects reloaded before import = 0Number of asset objects unloaded after import = 17

========================================================================
Received Import Request.
  Time since last request: 0.000050 seconds.
  path: Assets/mokrane/Animations/Mokrane_Left Turn 90.fbx
  importAddress: Guid(7dec30db890819745b01698996727557) Importer(2089858483,b0f066a214c2f5e87bad3c948f4d605d)
Start importing Assets/mokrane/Animations/Mokrane_Left Turn 90.fbx using Guid(7dec30db890819745b01698996727557) Importer(2089858483,b0f066a214c2f5e87bad3c948f4d605d) (ScriptedImporter) -> (Import Result ID: '7d1a9e26a40dbcc14e578cc49794b554') in 0.0258459 seconds [static and dynamic dependencies]. Details - ImportResultOutputID=87f4600a5a3a3334001ee56ba1dd2b47 DependenciesID=dd44f9c76e1c5b0d06d0b5e0657f46c2 StaticDependenciesID=238962074b07dab55facc774a642d13e 
Number of updated asset objects reloaded before import = 0Number of asset objects unloaded after import = 137

========================================================================
Received Import Request.
  Time since last request: 0.000024 seconds.
  path: Assets/mokrane/texture/eyebrow.png
  importAddress: Guid(edda447e36d51fb4fbe990e247ac092a) Importer(2089858483,b0f066a214c2f5e87bad3c948f4d605d)
Start importing Assets/mokrane/texture/eyebrow.png using Guid(edda447e36d51fb4fbe990e247ac092a) Importer(2089858483,b0f066a214c2f5e87bad3c948f4d605d) (ScriptedImporter) -> (Import Result ID: '2f2d35201a251b25310db21d1eb080c5') in 0.0182273 seconds [static and dynamic dependencies]. Details - ImportResultOutputID=22f721edd52a6c0e060ae0bb862265c9 DependenciesID=4ddcb7c9626ecadc2a2d9e9b6ee7fbe2 StaticDependenciesID=c9989f17354983534c37a02933085ec5 
Number of updated asset objects reloaded before import = 0Number of asset objects unloaded after import = 1

========================================================================
Received Import Request.
  Time since last request: 0.000217 seconds.
  path: Assets/Models/NightTime/HeartNight.fbx
  importAddress: Guid(fee3308c76e86cf43a22fe2b88c690c9) Importer(2089858483,b0f066a214c2f5e87bad3c948f4d605d)
Start importing Assets/Models/NightTime/HeartNight.fbx using Guid(fee3308c76e86cf43a22fe2b88c690c9) Importer(2089858483,b0f066a214c2f5e87bad3c948f4d605d) (ScriptedImporter) -> (Import Result ID: '1bc0fa764d2d70e3122301ae85b51d2a') in 0.0300152 seconds [static and dynamic dependencies]. Details - ImportResultOutputID=bab914e0294070ad63efb7c1b9b02b68 DependenciesID=6cbb2c0941d7d29145ad3d583dd87faa StaticDependenciesID=a3979fa506e2a55d834bec63a2e519e3 
Number of updated asset objects reloaded before import = 0Number of asset objects unloaded after import = 9

========================================================================
Received Import Request.
  Time since last request: 0.000027 seconds.
  path: Assets/mokrane/texture/boots.png
  importAddress: Guid(13891a1be28f2d84db4c61881e41ff93) Importer(2089858483,b0f066a214c2f5e87bad3c948f4d605d)
Start importing Assets/mokrane/texture/boots.png using Guid(13891a1be28f2d84db4c61881e41ff93) Importer(2089858483,b0f066a214c2f5e87bad3c948f4d605d) (ScriptedImporter) -> (Import Result ID: '8c3bc8ce04ff2f3f24968cf057e3a45d') in 0.0182828 seconds [static and dynamic dependencies]. Details - ImportResultOutputID=d6e8f06faa7c0f1d8090c8f3a036bf44 DependenciesID=3fbfb63015d1e01ebe7a3ac7475c93d8 StaticDependenciesID=f1fc8ead5ebfb25e359c812c4778cbde 
Number of updated asset objects reloaded before import = 0Number of asset objects unloaded after import = 1

========================================================================
Received Import Request.
  Time since last request: 0.000097 seconds.
  path: Assets/mokrane/Animations/Mokrane_Running.fbx
  importAddress: Guid(3e9124ba46fa83b46883c8169c85a777) Importer(2089858483,b0f066a214c2f5e87bad3c948f4d605d)
Start importing Assets/mokrane/Animations/Mokrane_Running.fbx using Guid(3e9124ba46fa83b46883c8169c85a777) Importer(2089858483,b0f066a214c2f5e87bad3c948f4d605d) (ScriptedImporter) -> (Import Result ID: '5d5ba42b73c75ee3d52b621cb4e78b3a') in 0.0227025 seconds [static and dynamic dependencies]. Details - ImportResultOutputID=1a39a2e9882bfa4368fb8ebe252650af DependenciesID=b94698774611d831390c053c21f284ca StaticDependenciesID=f3e28cd46a1c9aaf23de74cf8f1851bb 
Number of updated asset objects reloaded before import = 0Number of asset objects unloaded after import = 137

========================================================================
Received Import Request.
  Time since last request: 0.000156 seconds.
  path: Assets/Models/NightTime/RoadWorksBarrier03Night.fbx
  importAddress: Guid(334c3881d39cef14b9b00e74f4e82c90) Importer(2089858483,b0f066a214c2f5e87bad3c948f4d605d)
Start importing Assets/Models/NightTime/RoadWorksBarrier03Night.fbx using Guid(334c3881d39cef14b9b00e74f4e82c90) Importer(2089858483,b0f066a214c2f5e87bad3c948f4d605d) (ScriptedImporter) -> (Import Result ID: '752a692fb07034394a41d9d407ee706e') in 0.0231153 seconds [static and dynamic dependencies]. Details - ImportResultOutputID=d2201d7e579e0de2febba0e5f9688cfd DependenciesID=a42f0b42fb37755ca15a9be04be85201 StaticDependenciesID=3bccfaa0e4047ae15b02e80b22692f6d 
Number of updated asset objects reloaded before import = 0Number of asset objects unloaded after import = 8

========================================================================
Received Import Request.
  Time since last request: 0.000029 seconds.
  path: Assets/Models/NightTime/TelegraphWiresNight.fbx
  importAddress: Guid(76b8038df1fd9af4fb1ae18218eb0abe) Importer(2089858483,b0f066a214c2f5e87bad3c948f4d605d)
Start importing Assets/Models/NightTime/TelegraphWiresNight.fbx using Guid(76b8038df1fd9af4fb1ae18218eb0abe) Importer(2089858483,b0f066a214c2f5e87bad3c948f4d605d) (ScriptedImporter) -> (Import Result ID: 'a09042b601802bac853e565040d095fa') in 0.0278926 seconds [static and dynamic dependencies]. Details - ImportResultOutputID=65ca2b6c673ca671808b577fa6786a6e DependenciesID=0b6cdcd96d4b63ec6ec6d41ff8296de1 StaticDependenciesID=72e5413a041da3e2e65c6a5a2f6fad1c 
Number of updated asset objects reloaded before import = 0Number of asset objects unloaded after import = 13

========================================================================
Received Import Request.
  Time since last request: 0.000112 seconds.
  path: Assets/Models/NightTime/SkipBlueNight.fbx
  importAddress: Guid(dcfde2f25bd114648b7990ecd29b6c68) Importer(2089858483,b0f066a214c2f5e87bad3c948f4d605d)
Start importing Assets/Models/NightTime/SkipBlueNight.fbx using Guid(dcfde2f25bd114648b7990ecd29b6c68) Importer(2089858483,b0f066a214c2f5e87bad3c948f4d605d) (ScriptedImporter) -> (Import Result ID: '82a1614d411bcf1891a3d9327e147a2c') in 0.0205493 seconds [static and dynamic dependencies]. Details - ImportResultOutputID=157305ba9c64a39cbd6b07d9c70a346d DependenciesID=f7e3ac78bfc04b597620df0a7918c7c4 StaticDependenciesID=5a2108368c8431cfa8407808cd48df2b 
Number of updated asset objects reloaded before import = 0Number of asset objects unloaded after import = 9

========================================================================
Received Import Request.
  Time since last request: 0.000033 seconds.
  path: Assets/Models/NightTime/Garage04Night.fbx
  importAddress: Guid(3e84cbb283e379643bf0d4bd02da74f0) Importer(2089858483,b0f066a214c2f5e87bad3c948f4d605d)
Start importing Assets/Models/NightTime/Garage04Night.fbx using Guid(3e84cbb283e379643bf0d4bd02da74f0) Importer(2089858483,b0f066a214c2f5e87bad3c948f4d605d) (ScriptedImporter) -> (Import Result ID: '2c322e7305fbb6fbfda9b47f38d5e240') in 0.0212994 seconds [static and dynamic dependencies]. Details - ImportResultOutputID=f5b71a978c9ab21087810d60ebecf8b5 DependenciesID=f2656b31b4a6f07aa10d45fa5839aee0 StaticDependenciesID=c088d08bf449ba878f793dae6f04ad32 
Number of updated asset objects reloaded before import = 0Number of asset objects unloaded after import = 9

========================================================================
Received Import Request.
  Time since last request: 0.000028 seconds.
  path: Assets/mokrane/texture/eyee.png
  importAddress: Guid(ae1f04a52944b584cb52057ee02d2886) Importer(2089858483,b0f066a214c2f5e87bad3c948f4d605d)
Start importing Assets/mokrane/texture/eyee.png using Guid(ae1f04a52944b584cb52057ee02d2886) Importer(2089858483,b0f066a214c2f5e87bad3c948f4d605d) (ScriptedImporter) -> (Import Result ID: '538613f6f809c606a9f08fb3c4290bc3') in 0.0167531 seconds [static and dynamic dependencies]. Details - ImportResultOutputID=4e1a45c23559e39606529a0ea1ef2d69 DependenciesID=8df1ff60acc65fd2339131ae07dfb801 StaticDependenciesID=70d76f5a79759aaac75296dff1348f23 
Number of updated asset objects reloaded before import = 0Number of asset objects unloaded after import = 3

========================================================================
Received Import Request.
  Time since last request: 0.000047 seconds.
  path: Assets/Models/NightTime/LightGlowPlane.fbx
  importAddress: Guid(4f6b01f4c527bbe44b1f49487047cafd) Importer(2089858483,b0f066a214c2f5e87bad3c948f4d605d)
Start importing Assets/Models/NightTime/LightGlowPlane.fbx using Guid(4f6b01f4c527bbe44b1f49487047cafd) Importer(2089858483,b0f066a214c2f5e87bad3c948f4d605d) (ScriptedImporter) -> (Import Result ID: '5ba362e49f0391a85b54f711cd98b786') in 0.0231592 seconds [static and dynamic dependencies]. Details - ImportResultOutputID=401dc1733174f995f3c5def453213fa2 DependenciesID=33e60cf0ee324eb2a4b01ef72b04da0e StaticDependenciesID=9b83ea8e787f7f4d1b783d5dc190a6ad 
Number of updated asset objects reloaded before import = 0Number of asset objects unloaded after import = 8

========================================================================
Received Import Request.
  Time since last request: 0.000022 seconds.
  path: Assets/Models/NightTime/FarBackBuilding01Night.fbx
  importAddress: Guid(b6caefa49c6f08c4882248ba311c635f) Importer(2089858483,b0f066a214c2f5e87bad3c948f4d605d)
Start importing Assets/Models/NightTime/FarBackBuilding01Night.fbx using Guid(b6caefa49c6f08c4882248ba311c635f) Importer(2089858483,b0f066a214c2f5e87bad3c948f4d605d) (ScriptedImporter) -> (Import Result ID: 'e90c643302e345ff0c3beb67a0fcd4c6') in 0.0265279 seconds [static and dynamic dependencies]. Details - ImportResultOutputID=47c9d1f20de55584a68d8aa36a4066c2 DependenciesID=bfdcc59bf0503d0c4db4f2c555c6fb8f StaticDependenciesID=4a10d72344464d5692426bb86c92d09c 
Number of updated asset objects reloaded before import = 0Number of asset objects unloaded after import = 8

========================================================================
Received Import Request.
  Time since last request: 0.000058 seconds.
  path: Assets/Models/NightTime/ObstacleWheelyBinNight.fbx
  importAddress: Guid(e4d05444ba14c1849b2cd7bb279e1ee6) Importer(2089858483,b0f066a214c2f5e87bad3c948f4d605d)
Start importing Assets/Models/NightTime/ObstacleWheelyBinNight.fbx using Guid(e4d05444ba14c1849b2cd7bb279e1ee6) Importer(2089858483,b0f066a214c2f5e87bad3c948f4d605d) (ScriptedImporter) -> (Import Result ID: 'ee60d9de7d423d9f5ae586056fc356a9') in 0.029202 seconds [static and dynamic dependencies]. Details - ImportResultOutputID=51c969cb3590e70ababe26156254cd0f DependenciesID=68a6a7e8fcc8b49b2356bd1488b3a9bb StaticDependenciesID=9b6040caafeeea00c597ab46c3eb763a 
Number of updated asset objects reloaded before import = 0Number of asset objects unloaded after import = 21

========================================================================
Received Import Request.
  Time since last request: 0.000018 seconds.
  path: Assets/Models/NightTime/Garage05Night.fbx
  importAddress: Guid(cae2df579f709f34894f67ab30f70bba) Importer(2089858483,b0f066a214c2f5e87bad3c948f4d605d)
Start importing Assets/Models/NightTime/Garage05Night.fbx using Guid(cae2df579f709f34894f67ab30f70bba) Importer(2089858483,b0f066a214c2f5e87bad3c948f4d605d) (ScriptedImporter) -> (Import Result ID: 'ef42166c179c175e4cc892110f0453c2') in 0.0126677 seconds [static and dynamic dependencies]. Details - ImportResultOutputID=f661dde1c4550d3a45dacc5d7ab1fab9 DependenciesID=9369fb3df55e59afa93611f66128918e StaticDependenciesID=4431c438496173c5aed1a4f5631b6a9b 
Number of updated asset objects reloaded before import = 0Number of asset objects unloaded after import = 9

========================================================================
Received Import Request.
  Time since last request: 0.000033 seconds.
  path: Assets/Models/NightTime/WireNight.fbx
  importAddress: Guid(ff27ab6cdbd2558489a36a9f57aec39b) Importer(2089858483,b0f066a214c2f5e87bad3c948f4d605d)
Start importing Assets/Models/NightTime/WireNight.fbx using Guid(ff27ab6cdbd2558489a36a9f57aec39b) Importer(2089858483,b0f066a214c2f5e87bad3c948f4d605d) (ScriptedImporter) -> (Import Result ID: '1c4a64ad6dcd45bf2bdb8e8590f623be') in 0.0256142 seconds [static and dynamic dependencies]. Details - ImportResultOutputID=6a81190ef0c699cdb01bb3f9268d0ea2 DependenciesID=77791a456d36a87ad298f85e10c0486d StaticDependenciesID=bbca9cbaa1bbd98fc05c671480a27dd0 
Number of updated asset objects reloaded before import = 0Number of asset objects unloaded after import = 13

========================================================================
Received Import Request.
  Time since last request: 0.000087 seconds.
  path: Assets/Models/NightTime/FanNight.fbx
  importAddress: Guid(4431fa544dd1542459e9457e619151f2) Importer(2089858483,b0f066a214c2f5e87bad3c948f4d605d)
Start importing Assets/Models/NightTime/FanNight.fbx using Guid(4431fa544dd1542459e9457e619151f2) Importer(2089858483,b0f066a214c2f5e87bad3c948f4d605d) (ScriptedImporter) -> (Import Result ID: 'd9f458c63981993145bfc5978f7651e0') in 0.0225829 seconds [static and dynamic dependencies]. Details - ImportResultOutputID=42d7d95f90f91bf2201e3b87ed338006 DependenciesID=d192117b735bab2bc3ecce844bb222d0 StaticDependenciesID=7dfeb35d85db349c9946d2b766f2d2f7 
Number of updated asset objects reloaded before import = 0Number of asset objects unloaded after import = 8

========================================================================
Received Import Request.
  Time since last request: 0.000033 seconds.
  path: Assets/Models/NightTime/Warehouse02Night.fbx
  importAddress: Guid(54de94a1e15933648bd019abb39fbcec) Importer(2089858483,b0f066a214c2f5e87bad3c948f4d605d)
Start importing Assets/Models/NightTime/Warehouse02Night.fbx using Guid(54de94a1e15933648bd019abb39fbcec) Importer(2089858483,b0f066a214c2f5e87bad3c948f4d605d) (ScriptedImporter) -> (Import Result ID: 'db70b619a119f8f4abb00210e8ce84c0') in 0.0233901 seconds [static and dynamic dependencies]. Details - ImportResultOutputID=e6b669d35c1d048b7a6e75bbd8501e0b DependenciesID=84af8a0a8b262c835525dfd55b1c7d5b StaticDependenciesID=d023556d9462a332d1fcc24212bd7852 
Number of updated asset objects reloaded before import = 0Number of asset objects unloaded after import = 12

========================================================================
Received Import Request.
  Time since last request: 0.000151 seconds.
  path: Assets/Models/Materials/lambert1.mat
  importAddress: Guid(d5b532caaec483d48a82370190478c76) Importer(2089858483,b0f066a214c2f5e87bad3c948f4d605d)
Start importing Assets/Models/Materials/lambert1.mat using Guid(d5b532caaec483d48a82370190478c76) Importer(2089858483,b0f066a214c2f5e87bad3c948f4d605d) (ScriptedImporter) -> (Import Result ID: '39ef0b81b6d86f5f0e1c411f26633e70') in 0.0066174 seconds [static and dynamic dependencies]. Details - ImportResultOutputID=de3215d6c22ca932c30e9351223f3760 DependenciesID=19c999fbe3cf15cacf1cbdd96d192d46 StaticDependenciesID=91116def537e907c928771ec9cd3fa19 
Number of updated asset objects reloaded before import = 0Number of asset objects unloaded after import = 1

========================================================================
Received Import Request.
  Time since last request: 0.000026 seconds.
  path: Assets/AddressableAssetsData/AssetGroups/Powerups.asset
  importAddress: Guid(c4bc7133680d0814388173d245e6e7c2) Importer(2089858483,b0f066a214c2f5e87bad3c948f4d605d)
Start importing Assets/AddressableAssetsData/AssetGroups/Powerups.asset using Guid(c4bc7133680d0814388173d245e6e7c2) Importer(2089858483,b0f066a214c2f5e87bad3c948f4d605d) (ScriptedImporter) -> (Import Result ID: 'cc61cbd6e19606d6a1e0ee0755187954') in 0.0051003 seconds [static and dynamic dependencies]. Details - ImportResultOutputID=0bea6483a1bf349268d17ba4a79ae99a DependenciesID=25318fb945be05ab008dd4091519db15 StaticDependenciesID=725db13946ccdd5ad6bf07ed53253284 
Number of updated asset objects reloaded before import = 0Number of asset objects unloaded after import = 1

========================================================================
Received Import Request.
  Time since last request: 0.000097 seconds.
  path: Assets/Models/NightTime/Apartments04Night.fbx
  importAddress: Guid(b6d3348d6d984c14dae80d95c706c040) Importer(2089858483,b0f066a214c2f5e87bad3c948f4d605d)
Start importing Assets/Models/NightTime/Apartments04Night.fbx using Guid(b6d3348d6d984c14dae80d95c706c040) Importer(2089858483,b0f066a214c2f5e87bad3c948f4d605d) (ScriptedImporter) -> (Import Result ID: 'f62b743e1b4990778a69dbe2353e6ea5') in 0.0195339 seconds [static and dynamic dependencies]. Details - ImportResultOutputID=1ef0818aeeb1edeed680b5257c16d58e DependenciesID=c8d1b3300870416c9f7b1c24eff70db4 StaticDependenciesID=193c6015f8692c5c051cd3d2a7915d08 
Number of updated asset objects reloaded before import = 0Number of asset objects unloaded after import = 9

========================================================================
Received Import Request.
  Time since last request: 0.000034 seconds.
  path: Assets/Models/NightTime/FireEscapeNight.fbx
  importAddress: Guid(fc82b22b9b6c84d4b81c6da0733b9702) Importer(2089858483,b0f066a214c2f5e87bad3c948f4d605d)
Start importing Assets/Models/NightTime/FireEscapeNight.fbx using Guid(fc82b22b9b6c84d4b81c6da0733b9702) Importer(2089858483,b0f066a214c2f5e87bad3c948f4d605d) (ScriptedImporter) -> (Import Result ID: 'b52b34419063c9fd611fef85f3224189') in 0.0283339 seconds [static and dynamic dependencies]. Details - ImportResultOutputID=7eab2311e69d946804301a293b4212e6 DependenciesID=21add6b60a119dafb35ab936eb2fb9df StaticDependenciesID=9fc33383c041d612b254728665d98a87 
Number of updated asset objects reloaded before import = 0Number of asset objects unloaded after import = 14

========================================================================
Received Import Request.
  Time since last request: 0.000159 seconds.
  path: Assets/AddressableAssetsData/AssetGroups/Themes.asset
  importAddress: Guid(e6d74b33b2bb73b498a49b9344482f4b) Importer(2089858483,b0f066a214c2f5e87bad3c948f4d605d)
Start importing Assets/AddressableAssetsData/AssetGroups/Themes.asset using Guid(e6d74b33b2bb73b498a49b9344482f4b) Importer(2089858483,b0f066a214c2f5e87bad3c948f4d605d) (ScriptedImporter) -> (Import Result ID: '2c357423fbb6dc90793ca4c0369ab100') in 0.0065037 seconds [static and dynamic dependencies]. Details - ImportResultOutputID=3b1af3d581ca801c56863dfe0a1b6042 DependenciesID=ae83f1cde74c9e31c0c962e11603bae2 StaticDependenciesID=ba0653d4ffde9f3323fc2fa77602c57e 
Number of updated asset objects reloaded before import = 0Number of asset objects unloaded after import = 1

========================================================================
Received Import Request.
  Time since last request: 0.000026 seconds.
  path: Assets/Models/Daytime/FarBackBuilding02.fbx
  importAddress: Guid(2b522e171171f3c4ca45046c30055569) Importer(2089858483,b0f066a214c2f5e87bad3c948f4d605d)
Start importing Assets/Models/Daytime/FarBackBuilding02.fbx using Guid(2b522e171171f3c4ca45046c30055569) Importer(2089858483,b0f066a214c2f5e87bad3c948f4d605d) (ScriptedImporter) -> (Import Result ID: '7fc40d6adc9f58a952987ea1cff436c8') in 0.0171135 seconds [static and dynamic dependencies]. Details - ImportResultOutputID=08f449f21800befa596404ce28f0da14 DependenciesID=72c4fee9f9a14c5438145b3e9aef3904 StaticDependenciesID=a6386946a3ab4f332b8a07e6405b97f8 
Number of updated asset objects reloaded before import = 0Number of asset objects unloaded after import = 8

========================================================================
Received Import Request.
  Time since last request: 0.000023 seconds.
  path: Assets/Scripts/Obstacles/Obstacle.cs
  importAddress: Guid(3e63f8e8a484fdc4aa2c8817cd339b06) Importer(2089858483,b0f066a214c2f5e87bad3c948f4d605d)
Start importing Assets/Scripts/Obstacles/Obstacle.cs using Guid(3e63f8e8a484fdc4aa2c8817cd339b06) Importer(2089858483,b0f066a214c2f5e87bad3c948f4d605d) (ScriptedImporter) -> (Import Result ID: 'a5ee757a5b8d41f820b26f90900a1c45') in 0.0054264 seconds [static and dynamic dependencies]. Details - ImportResultOutputID=72fab2f9895fbdea6d59f26d5fb493be DependenciesID=cf6b898d995f7642bab55fd94b18d101 StaticDependenciesID=b687ea465cd71bc00631e6f5e0c4a9fc 
Number of updated asset objects reloaded before import = 0Number of asset objects unloaded after import = 0

========================================================================
Received Import Request.
  Time since last request: 0.000064 seconds.
  path: Assets/Prefabs/Particles/MultiplyerCollectParticles.prefab
  importAddress: Guid(1caba3d1275fd0547ae29c5a0ec03214) Importer(2089858483,b0f066a214c2f5e87bad3c948f4d605d)
Start importing Assets/Prefabs/Particles/MultiplyerCollectParticles.prefab using Guid(1caba3d1275fd0547ae29c5a0ec03214) Importer(2089858483,b0f066a214c2f5e87bad3c948f4d605d) (ScriptedImporter) -> (Import Result ID: '4611cef6863eb4abda32fa56fbb6e82e') in 0.1087752 seconds [static and dynamic dependencies]. Details - ImportResultOutputID=4e50e352a543eb89d32b5ee08aeafbaa DependenciesID=827e22b71d1b88f9a20623d9f0359ca8 StaticDependenciesID=c0f16ad0b805385c748e64d8b9f79b5a 
Number of updated asset objects reloaded before import = 0Number of asset objects unloaded after import = 6

========================================================================
Received Import Request.
  Time since last request: 0.000029 seconds.
  path: Assets/Scripts/Obstacles/Missile.cs
  importAddress: Guid(0270d17b9d0a6a743a1b997c2aa20be1) Importer(2089858483,b0f066a214c2f5e87bad3c948f4d605d)
Start importing Assets/Scripts/Obstacles/Missile.cs using Guid(0270d17b9d0a6a743a1b997c2aa20be1) Importer(2089858483,b0f066a214c2f5e87bad3c948f4d605d) (ScriptedImporter) -> (Import Result ID: '0a630e92a8bf2da193e2371a84861e88') in 0.0080573 seconds [static and dynamic dependencies]. Details - ImportResultOutputID=1c36e09bb55b92b9f70a43390a222785 DependenciesID=1155eadee3614eaf0b3e6da85760631c StaticDependenciesID=9b1b7602797170e2faba43275164e423 
Number of updated asset objects reloaded before import = 0Number of asset objects unloaded after import = 0

========================================================================
Received Import Request.
  Time since last request: 0.000144 seconds.
  path: Assets/Prefabs/Powerup/CoinMagnet.prefab
  importAddress: Guid(8c89761b43b2362418709a8178d5dd8c) Importer(2089858483,b0f066a214c2f5e87bad3c948f4d605d)
Start importing Assets/Prefabs/Powerup/CoinMagnet.prefab using Guid(8c89761b43b2362418709a8178d5dd8c) Importer(2089858483,b0f066a214c2f5e87bad3c948f4d605d) (ScriptedImporter) -> (Import Result ID: '890a483db87037b7acef3bdc0023335e') in 0.012299 seconds [static and dynamic dependencies]. Details - ImportResultOutputID=4ab7c0ced87b68e7d170bf017c7fc774 DependenciesID=e27d53efed61dcce72a0c48d7e8f2a4e StaticDependenciesID=762d24e9f2ab302cf0d3be25b0ab5092 
Number of updated asset objects reloaded before import = 0Number of asset objects unloaded after import = 37

========================================================================
Received Import Request.
  Time since last request: 0.000069 seconds.
  path: Assets/Scripts/GameManager/GameManager.cs
  importAddress: Guid(f5c64ccf50119624ba1a5e67a781777d) Importer(2089858483,b0f066a214c2f5e87bad3c948f4d605d)
Start importing Assets/Scripts/GameManager/GameManager.cs using Guid(f5c64ccf50119624ba1a5e67a781777d) Importer(2089858483,b0f066a214c2f5e87bad3c948f4d605d) (ScriptedImporter) -> (Import Result ID: 'e335fb3d96b8f91780059623f4dfc7b4') in 0.007727 seconds [static and dynamic dependencies]. Details - ImportResultOutputID=31ce79b8e672e0b76ad44ed4c3998e51 DependenciesID=e94751ac943acad771be403db6863869 StaticDependenciesID=8e5e223185ea15a92257c4e43f2c3703 
Number of updated asset objects reloaded before import = 0Number of asset objects unloaded after import = 0

========================================================================
Received Import Request.
  Time since last request: 0.000076 seconds.
  path: Assets/Prefabs/UI/Score.prefab
  importAddress: Guid(ac361d43768a861498da8046b83b94f5) Importer(2089858483,b0f066a214c2f5e87bad3c948f4d605d)
Start importing Assets/Prefabs/UI/Score.prefab using Guid(ac361d43768a861498da8046b83b94f5) Importer(2089858483,b0f066a214c2f5e87bad3c948f4d605d) (ScriptedImporter) -> (Import Result ID: '5ae65f197043b992b1c15d097f328eeb') in 0.0126766 seconds [static and dynamic dependencies]. Details - ImportResultOutputID=b45a9f7f038f831dfbe0855ab392227f DependenciesID=a6d05e24cf2fcb494d6cd34e4bb137a7 StaticDependenciesID=ab174645c807dfcd577c03795a5fb1fd 
Number of updated asset objects reloaded before import = 0Number of asset objects unloaded after import = 22

========================================================================
Received Import Request.
  Time since last request: 0.000030 seconds.
  path: Assets/Scripts/Consumable/ConsumableDatabase.cs
  importAddress: Guid(a5f0cbce7f01098428db74fed873c09f) Importer(2089858483,b0f066a214c2f5e87bad3c948f4d605d)
Start importing Assets/Scripts/Consumable/ConsumableDatabase.cs using Guid(a5f0cbce7f01098428db74fed873c09f) Importer(2089858483,b0f066a214c2f5e87bad3c948f4d605d) (ScriptedImporter) -> (Import Result ID: '220b9bf671d5c1a3f6a88b7adddc76bd') in 0.0045103 seconds [static and dynamic dependencies]. Details - ImportResultOutputID=988a76f9d79a3049d79bf08287c1ace8 DependenciesID=44f81dc3b02828379cd6e34cfa97e410 StaticDependenciesID=8849fe4983cceb44f0f1782e8b29ee41 
Number of updated asset objects reloaded before import = 0Number of asset objects unloaded after import = 0

========================================================================
Received Import Request.
  Time since last request: 0.000108 seconds.
  path: Assets/Scripts/Sounds/CountdownSound.cs
  importAddress: Guid(6f9081cdebc0ab340a242bf3bb99d19b) Importer(2089858483,b0f066a214c2f5e87bad3c948f4d605d)
Start importing Assets/Scripts/Sounds/CountdownSound.cs using Guid(6f9081cdebc0ab340a242bf3bb99d19b) Importer(2089858483,b0f066a214c2f5e87bad3c948f4d605d) (ScriptedImporter) -> (Import Result ID: '26eae157afa5785bb35e30aebcaecfaa') in 0.0053334 seconds [static and dynamic dependencies]. Details - ImportResultOutputID=97118db4326bfc7d058304a090fb86a5 DependenciesID=10238c29da51736097a47040088ec53c StaticDependenciesID=07a8e898a430c1fb7e27af4c787ae5fe 
Number of updated asset objects reloaded before import = 0Number of asset objects unloaded after import = 0

========================================================================
Received Import Request.
  Time since last request: 0.000145 seconds.
  path: Assets/mokrane/texture/pontalon.png
  importAddress: Guid(bac519f9870cdab4197551df969bd40a) Importer(2089858483,b0f066a214c2f5e87bad3c948f4d605d)
Start importing Assets/mokrane/texture/pontalon.png using Guid(bac519f9870cdab4197551df969bd40a) Importer(2089858483,b0f066a214c2f5e87bad3c948f4d605d) (ScriptedImporter) -> (Import Result ID: '132ffe69d9e859adbb7db5e2022a768e') in 0.0125755 seconds [static and dynamic dependencies]. Details - ImportResultOutputID=068327f1a45998f3de3f9e43d02f3903 DependenciesID=1e6696ef6e9313d3786d7b4a9d25054b StaticDependenciesID=9b7c0b43ed322c8dfb53f2670acbcff4 
Number of updated asset objects reloaded before import = 0Number of asset objects unloaded after import = 1

========================================================================
Received Import Request.
  Time since last request: 0.000024 seconds.
  path: Assets/mokrane/texture/skin_0001_color_1k.jpg
  importAddress: Guid(b1f001480c8e08c4ab3641ff339b5aec) Importer(2089858483,b0f066a214c2f5e87bad3c948f4d605d)
Start importing Assets/mokrane/texture/skin_0001_color_1k.jpg using Guid(b1f001480c8e08c4ab3641ff339b5aec) Importer(2089858483,b0f066a214c2f5e87bad3c948f4d605d) (ScriptedImporter) -> (Import Result ID: 'cc5c36c5c1899f105811f87a3b43580d') in 0.01624 seconds [static and dynamic dependencies]. Details - ImportResultOutputID=1b7fba894b7ddb453df4a955dee1d94e DependenciesID=8d20851b75df3f7dc92914ba7f9e24c1 StaticDependenciesID=b44170246deaef4c048ee7ee675a09d4 
Number of updated asset objects reloaded before import = 0Number of asset objects unloaded after import = 1

========================================================================
Received Import Request.
  Time since last request: 0.000020 seconds.
  path: Assets/Scripts/UI/MissionEntry.cs
  importAddress: Guid(3c8340d208287eb49a7fbdf4e7d3bfab) Importer(2089858483,b0f066a214c2f5e87bad3c948f4d605d)
Start importing Assets/Scripts/UI/MissionEntry.cs using Guid(3c8340d208287eb49a7fbdf4e7d3bfab) Importer(2089858483,b0f066a214c2f5e87bad3c948f4d605d) (ScriptedImporter) -> (Import Result ID: '18ab8f602b49ffd210dedc4187dc9413') in 0.0060648 seconds [static and dynamic dependencies]. Details - ImportResultOutputID=020506c5f6e1019dfb960a349e7672fc DependenciesID=b6fcda7e8e5a1062f7067d8c01344b8c StaticDependenciesID=921a1f41fc5105cada47f841aed5cf6f 
Number of updated asset objects reloaded before import = 0Number of asset objects unloaded after import = 0

========================================================================
Received Import Request.
  Time since last request: 0.000088 seconds.
  path: Assets/Scenes/Start/ReflectionProbe-0.exr
  importAddress: Guid(05a158d31f80f9f419014810e03c30ca) Importer(2089858483,b0f066a214c2f5e87bad3c948f4d605d)
Start importing Assets/Scenes/Start/ReflectionProbe-0.exr using Guid(05a158d31f80f9f419014810e03c30ca) Importer(2089858483,b0f066a214c2f5e87bad3c948f4d605d) (ScriptedImporter) -> (Import Result ID: '62de9a5df7fc72a04ac277eb098fa567') in 0.0196452 seconds [static and dynamic dependencies]. Details - ImportResultOutputID=3f03a9b3f0eb53bea542425d5c4844b1 DependenciesID=fef7a760916ea793ffc3f202168d9f42 StaticDependenciesID=d896c3904252d5a3c97c3371762018c0 
Number of updated asset objects reloaded before import = 0Number of asset objects unloaded after import = 1

========================================================================
Received Import Request.
  Time since last request: 0.000103 seconds.
  path: Assets/Scripts/GameManager/GameState.cs
  importAddress: Guid(a98b047c94c1bd244aa98ab8962433fc) Importer(2089858483,b0f066a214c2f5e87bad3c948f4d605d)
Start importing Assets/Scripts/GameManager/GameState.cs using Guid(a98b047c94c1bd244aa98ab8962433fc) Importer(2089858483,b0f066a214c2f5e87bad3c948f4d605d) (ScriptedImporter) -> (Import Result ID: 'e3e8160913ff024ca0a429077b792143') in 0.0070353 seconds [static and dynamic dependencies]. Details - ImportResultOutputID=d1b03e5f38d914320013081b506e9af0 DependenciesID=2256ff9c100ccebb2549a2def3f4aede StaticDependenciesID=c036f6a3a8925a00719e12005bfb7c0f 
Number of updated asset objects reloaded before import = 0Number of asset objects unloaded after import = 0

========================================================================
Received Import Request.
  Time since last request: 0.000163 seconds.
  path: Assets/Prefabs/Particles/CrashParticle.prefab
  importAddress: Guid(e954637ad8cb2bc4397fd0e433e62701) Importer(2089858483,b0f066a214c2f5e87bad3c948f4d605d)
Start importing Assets/Prefabs/Particles/CrashParticle.prefab using Guid(e954637ad8cb2bc4397fd0e433e62701) Importer(2089858483,b0f066a214c2f5e87bad3c948f4d605d) (ScriptedImporter) -> (Import Result ID: 'd216ad4e49ff573c6ac940cdeaa5a41d') in 0.0353881 seconds [static and dynamic dependencies]. Details - ImportResultOutputID=19c89c09657d37429d95c0a665be0e28 DependenciesID=24ea150a6a33eccccdbd42b16d0e989a StaticDependenciesID=55677b8ef9121c76c0329c5dd8aad862 
Number of updated asset objects reloaded before import = 0Number of asset objects unloaded after import = 6

========================================================================
Received Import Request.
  Time since last request: 0.000023 seconds.
  path: Assets/Scripts/Tracks/TrackManager.cs
  importAddress: Guid(357943a8c88ecc848b7f5de152a00562) Importer(2089858483,b0f066a214c2f5e87bad3c948f4d605d)
Start importing Assets/Scripts/Tracks/TrackManager.cs using Guid(357943a8c88ecc848b7f5de152a00562) Importer(2089858483,b0f066a214c2f5e87bad3c948f4d605d) (ScriptedImporter) -> (Import Result ID: '4afaee8a5571efef005a141021ff8bbe') in 0.0066832 seconds [static and dynamic dependencies]. Details - ImportResultOutputID=541137855e12a5ea37fb23e733f7c9cb DependenciesID=cd7fe5598ec582b9c182854df0e91805 StaticDependenciesID=83adaf5c88691497bc7dd86323013259 
Number of updated asset objects reloaded before import = 0Number of asset objects unloaded after import = 0

========================================================================
Received Import Request.
  Time since last request: 0.000118 seconds.
  path: Assets/Scripts/Characters/CharacterCollider.cs
  importAddress: Guid(5173e35522b43b644b3cb876a71640c4) Importer(2089858483,b0f066a214c2f5e87bad3c948f4d605d)
Start importing Assets/Scripts/Characters/CharacterCollider.cs using Guid(5173e35522b43b644b3cb876a71640c4) Importer(2089858483,b0f066a214c2f5e87bad3c948f4d605d) (ScriptedImporter) -> (Import Result ID: '5120a5ecbfd91de03cbf864544f6c52c') in 0.0106177 seconds [static and dynamic dependencies]. Details - ImportResultOutputID=3a38a5efa881bd05cd36f2a9c1a64e39 DependenciesID=517f4a80cb4813d22e083e0ff869e3f9 StaticDependenciesID=8aff1cc79c52cdf641c71b26206bae69 
Number of updated asset objects reloaded before import = 0Number of asset objects unloaded after import = 0

========================================================================
Received Import Request.
  Time since last request: 0.000330 seconds.
  path: Assets/Scripts/Obstacles/SimpleBarricade.cs
  importAddress: Guid(01bf43c79f6bad84784689f6386c2e5d) Importer(2089858483,b0f066a214c2f5e87bad3c948f4d605d)
Start importing Assets/Scripts/Obstacles/SimpleBarricade.cs using Guid(01bf43c79f6bad84784689f6386c2e5d) Importer(2089858483,b0f066a214c2f5e87bad3c948f4d605d) (ScriptedImporter) -> (Import Result ID: '99da258122b00ac6e25506fa77223378') in 0.0081732 seconds [static and dynamic dependencies]. Details - ImportResultOutputID=133c03ccb474788aeceeccd26d27f33a DependenciesID=86911c6b92e772ca83e9516037fb803d StaticDependenciesID=0aadb4560f9de020c22b4f42569945be 
Number of updated asset objects reloaded before import = 0Number of asset objects unloaded after import = 0

========================================================================
Received Import Request.
  Time since last request: 0.000034 seconds.
  path: Assets/Scripts/Consumable/Consumable.cs
  importAddress: Guid(1d2ff63a68eba294b9c24ba9e49b5597) Importer(2089858483,b0f066a214c2f5e87bad3c948f4d605d)
Start importing Assets/Scripts/Consumable/Consumable.cs using Guid(1d2ff63a68eba294b9c24ba9e49b5597) Importer(2089858483,b0f066a214c2f5e87bad3c948f4d605d) (ScriptedImporter) -> (Import Result ID: '9bc19b98423c3576587b22edb1b666e2') in 0.005086 seconds [static and dynamic dependencies]. Details - ImportResultOutputID=eb8c3d9c64e62288c9eed9acc238bc30 DependenciesID=d524949464a33309fad843a1fe5de666 StaticDependenciesID=5f6a5338a53417c718141afd02a78596 
Number of updated asset objects reloaded before import = 0Number of asset objects unloaded after import = 0

========================================================================
Received Import Request.
  Time since last request: 0.000391 seconds.
  path: Assets/Prefabs/Particles/InvincibilityCollectParticles.prefab
  importAddress: Guid(9191a4fd2eab74e4693e1a72e5ee97dc) Importer(2089858483,b0f066a214c2f5e87bad3c948f4d605d)
Start importing Assets/Prefabs/Particles/InvincibilityCollectParticles.prefab using Guid(9191a4fd2eab74e4693e1a72e5ee97dc) Importer(2089858483,b0f066a214c2f5e87bad3c948f4d605d) (ScriptedImporter) -> (Import Result ID: '112361c9a180d63ee6b071d0635f5a45') in 0.0353511 seconds [static and dynamic dependencies]. Details - ImportResultOutputID=8725cc15e8b6db5c29b77765a5e3bb93 DependenciesID=302dff34b8e894c1394238a44fd506bf StaticDependenciesID=ebcd091e4b7e92f47848cf677c928db1 
Number of updated asset objects reloaded before import = 0Number of asset objects unloaded after import = 6

========================================================================
Received Import Request.
  Time since last request: 0.000022 seconds.
  path: Assets/Sounds/SFX/FishboneCollection.ogg
  importAddress: Guid(62c15b4aac9d60e4a963f4f55d31e706) Importer(2089858483,b0f066a214c2f5e87bad3c948f4d605d)
Start importing Assets/Sounds/SFX/FishboneCollection.ogg using Guid(62c15b4aac9d60e4a963f4f55d31e706) Importer(2089858483,b0f066a214c2f5e87bad3c948f4d605d) (ScriptedImporter) -> (Import Result ID: '817586f87705552be9535376de3daee0') in 0.0252811 seconds [static and dynamic dependencies]. Details - ImportResultOutputID=587e90bb31e721289504fd98c1b76929 DependenciesID=ca5033e789014afa40caebd1bbccb67e StaticDependenciesID=91f7e192b516e5053e598beb85aacafe 
Number of updated asset objects reloaded before import = 0Number of asset objects unloaded after import = 1

========================================================================
Received Import Request.
  Time since last request: 0.000077 seconds.
  path: Assets/Scripts/Characters/CharacterInputController.cs
  importAddress: Guid(ce47d421cd0db864a9139849f62dedeb) Importer(2089858483,b0f066a214c2f5e87bad3c948f4d605d)
Start importing Assets/Scripts/Characters/CharacterInputController.cs using Guid(ce47d421cd0db864a9139849f62dedeb) Importer(2089858483,b0f066a214c2f5e87bad3c948f4d605d) (ScriptedImporter) -> (Import Result ID: 'a05ac292f878bfb1a9955cf7b62c4e02') in 0.0051092 seconds [static and dynamic dependencies]. Details - ImportResultOutputID=282c1fb763caa0c3fe4d8e85f69bae1d DependenciesID=989988b6425ffd47f3e302777fb0405b StaticDependenciesID=c05f7fa1697bc335fd2e53c165fd9d3c 
Number of updated asset objects reloaded before import = 0Number of asset objects unloaded after import = 0

========================================================================
Received Import Request.
  Time since last request: 0.000096 seconds.
  path: Assets/Models/Daytime/Road03.fbx
  importAddress: Guid(278d5c6b4a4b61548afccfdb78e4b8a8) Importer(2089858483,b0f066a214c2f5e87bad3c948f4d605d)
Start importing Assets/Models/Daytime/Road03.fbx using Guid(278d5c6b4a4b61548afccfdb78e4b8a8) Importer(2089858483,b0f066a214c2f5e87bad3c948f4d605d) (ScriptedImporter) -> (Import Result ID: 'b28fbaf2691475dbc3b1ebcbfd41788c') in 0.0213778 seconds [static and dynamic dependencies]. Details - ImportResultOutputID=ec1df1ee74861c00ee355b829504a009 DependenciesID=6a6ca9f5ba5d19759e36e874c5cef6e0 StaticDependenciesID=765a5705cb726b5ded92903fcea9285d 
Number of updated asset objects reloaded before import = 0Number of asset objects unloaded after import = 8

========================================================================
Received Import Request.
  Time since last request: 0.000025 seconds.
  path: Assets/Models/Daytime/Fan.fbx
  importAddress: Guid(fb32c5aaab6d0254486fbb33454b33f7) Importer(2089858483,b0f066a214c2f5e87bad3c948f4d605d)
Start importing Assets/Models/Daytime/Fan.fbx using Guid(fb32c5aaab6d0254486fbb33454b33f7) Importer(2089858483,b0f066a214c2f5e87bad3c948f4d605d) (ScriptedImporter) -> (Import Result ID: '668b7bc292d34af5b10c03ec22cb195b') in 0.0333377 seconds [static and dynamic dependencies]. Details - ImportResultOutputID=52e08b75d3249ff2df0d84a512d6836d DependenciesID=e1e70cd0dc95d9bfa7206682bace417d StaticDependenciesID=dfddcdd1d8f53f4ac962ced05b0a8d88 
Number of updated asset objects reloaded before import = 0Number of asset objects unloaded after import = 14

========================================================================
Received Import Request.
  Time since last request: 0.000075 seconds.
  path: Assets/Prefabs/Particles/CoinMagnetCollectParticles.prefab
  importAddress: Guid(1c7ad47898d087f4d844c9fd695e576c) Importer(2089858483,b0f066a214c2f5e87bad3c948f4d605d)
Start importing Assets/Prefabs/Particles/CoinMagnetCollectParticles.prefab using Guid(1c7ad47898d087f4d844c9fd695e576c) Importer(2089858483,b0f066a214c2f5e87bad3c948f4d605d) (ScriptedImporter) -> (Import Result ID: 'ea23ecc04edcf21bef72f9c784fd4d85') in 0.0464836 seconds [static and dynamic dependencies]. Details - ImportResultOutputID=b2555e422a9996890b1c33b0bd37fb6b DependenciesID=362a9170552a57a05f0df719801210ee StaticDependenciesID=66e9d78d839a9dfa9c898a367f6bc9fb 
Number of updated asset objects reloaded before import = 0Number of asset objects unloaded after import = 6

========================================================================
Received Import Request.
  Time since last request: 0.000026 seconds.
  path: Assets/Models/Daytime/RoadWorksBarrier03.fbx
  importAddress: Guid(c2200ee472f2e3d49a94ca90b6acde3e) Importer(2089858483,b0f066a214c2f5e87bad3c948f4d605d)
Start importing Assets/Models/Daytime/RoadWorksBarrier03.fbx using Guid(c2200ee472f2e3d49a94ca90b6acde3e) Importer(2089858483,b0f066a214c2f5e87bad3c948f4d605d) (ScriptedImporter) -> (Import Result ID: '783cf8b004df9c14740070f9143af3fb') in 0.0221867 seconds [static and dynamic dependencies]. Details - ImportResultOutputID=1587e5bd5da06370c78a610613ef698d DependenciesID=206ce4612f7a6dfa2e5e8b7edf49b865 StaticDependenciesID=6d72c18eb6bcb5776e0cc19f03ae24df 
Number of updated asset objects reloaded before import = 0Number of asset objects unloaded after import = 8

========================================================================
Received Import Request.
  Time since last request: 0.000025 seconds.
  path: Assets/Prefabs/UI/MissionEntry.prefab
  importAddress: Guid(71514012df4dcd146957cb145cec8287) Importer(2089858483,b0f066a214c2f5e87bad3c948f4d605d)
Start importing Assets/Prefabs/UI/MissionEntry.prefab using Guid(71514012df4dcd146957cb145cec8287) Importer(2089858483,b0f066a214c2f5e87bad3c948f4d605d) (ScriptedImporter) -> (Import Result ID: 'c755bdfcd752ed18db7d5d7ae48d0ccf') in 0.0100574 seconds [static and dynamic dependencies]. Details - ImportResultOutputID=64d95de2d02cfb1c23cbba52b9a13224 DependenciesID=5ef0aa3c93e159ce274c2730dbc612e3 StaticDependenciesID=161e86ef85c3bc73e5e2c7c6d461df9e 
Number of updated asset objects reloaded before import = 0Number of asset objects unloaded after import = 47

========================================================================
Received Import Request.
  Time since last request: 0.000029 seconds.
  path: Assets/MobileDependencyResolver/Editor/CHANGELOG.md
  importAddress: Guid(15066d50e81445ed9e318d0c2beede4e) Importer(2089858483,b0f066a214c2f5e87bad3c948f4d605d)
Start importing Assets/MobileDependencyResolver/Editor/CHANGELOG.md using Guid(15066d50e81445ed9e318d0c2beede4e) Importer(2089858483,b0f066a214c2f5e87bad3c948f4d605d) (ScriptedImporter) -> (Import Result ID: '7dfe97916220f7b83f051de582beb329') in 0.0065974 seconds [static and dynamic dependencies]. Details - ImportResultOutputID=c66906815f07faef8b03dab9d9398d93 DependenciesID=905ac3a116e3d2629da5d98b95af507d StaticDependenciesID=8866cdb741f029fc728eec3df8969847 
Number of updated asset objects reloaded before import = 0Number of asset objects unloaded after import = 1

========================================================================
Received Import Request.
  Time since last request: 0.000240 seconds.
  path: Assets/Models/NightTime/TelegraphPole01Night.fbx
  importAddress: Guid(8db0598205b778148977ecbd613bbc72) Importer(2089858483,b0f066a214c2f5e87bad3c948f4d605d)
Start importing Assets/Models/NightTime/TelegraphPole01Night.fbx using Guid(8db0598205b778148977ecbd613bbc72) Importer(2089858483,b0f066a214c2f5e87bad3c948f4d605d) (ScriptedImporter) -> (Import Result ID: '47851636b4ad01c111431fd8f081b69d') in 0.0182819 seconds [static and dynamic dependencies]. Details - ImportResultOutputID=d68fea68a00b70e056ec12800b9f8aec DependenciesID=95899184f051679ca299e6f98ee8ecc7 StaticDependenciesID=6944dfe8b76c11eeacce1cfdd8c12cf0 
Number of updated asset objects reloaded before import = 0Number of asset objects unloaded after import = 8

========================================================================
Received Import Request.
  Time since last request: 0.000036 seconds.
  path: Assets/Models/NightTime/RoadWorkConeNight.fbx
  importAddress: Guid(529c51c768abc864686cb3e8ab728e7b) Importer(2089858483,b0f066a214c2f5e87bad3c948f4d605d)
Start importing Assets/Models/NightTime/RoadWorkConeNight.fbx using Guid(529c51c768abc864686cb3e8ab728e7b) Importer(2089858483,b0f066a214c2f5e87bad3c948f4d605d) (ScriptedImporter) -> (Import Result ID: 'b400a644af1b7eec4bca90ea640dee2e') in 0.0177855 seconds [static and dynamic dependencies]. Details - ImportResultOutputID=e13f2e0da2b1f4080b80b73de70fce28 DependenciesID=406e92ca17167cdfb38ce620c8001b2a StaticDependenciesID=f6b235856123248e029a89f585f9ce6f 
Number of updated asset objects reloaded before import = 0Number of asset objects unloaded after import = 8

========================================================================
Received Import Request.
  Time since last request: 0.000024 seconds.
  path: Assets/AddressableAssetsData/AssetGroups/Night-Sky.asset
  importAddress: Guid(fab46ba20057801419f1a975233c2cbd) Importer(2089858483,b0f066a214c2f5e87bad3c948f4d605d)
Start importing Assets/AddressableAssetsData/AssetGroups/Night-Sky.asset using Guid(fab46ba20057801419f1a975233c2cbd) Importer(2089858483,b0f066a214c2f5e87bad3c948f4d605d) (ScriptedImporter) -> (Import Result ID: 'bb212701bd81188440b4474c9a287c93') in 0.0052965 seconds [static and dynamic dependencies]. Details - ImportResultOutputID=3ecfe7a008def5c4bd9379a25d69a985 DependenciesID=1cbd572b5cef5be7ef515b942d19cee4 StaticDependenciesID=2bdc234a7c98add0bd25b9961f3687b8 
Number of updated asset objects reloaded before import = 0Number of asset objects unloaded after import = 1

========================================================================
Received Import Request.
  Time since last request: 0.000032 seconds.
  path: Assets/Models/Daytime/Road04.fbx
  importAddress: Guid(44bfb6e7a0a6cd541bb29e99af852562) Importer(2089858483,b0f066a214c2f5e87bad3c948f4d605d)
Start importing Assets/Models/Daytime/Road04.fbx using Guid(44bfb6e7a0a6cd541bb29e99af852562) Importer(2089858483,b0f066a214c2f5e87bad3c948f4d605d) (ScriptedImporter) -> (Import Result ID: '0824cfc38704079b21df5a99351b8e5c') in 0.0158638 seconds [static and dynamic dependencies]. Details - ImportResultOutputID=a725a890371291cdf2063b8708615252 DependenciesID=248ad690ec323aa1bad49437efc29f05 StaticDependenciesID=ad7c7d5e5a529f509991e3529436c40e 
Number of updated asset objects reloaded before import = 0Number of asset objects unloaded after import = 8

========================================================================
Received Import Request.
  Time since last request: 0.000043 seconds.
  path: Assets/Models/NightTime/DumpsterRedNight.fbx
  importAddress: Guid(b8a8c2be8d812e64182cc7c76e4987a6) Importer(2089858483,b0f066a214c2f5e87bad3c948f4d605d)
Start importing Assets/Models/NightTime/DumpsterRedNight.fbx using Guid(b8a8c2be8d812e64182cc7c76e4987a6) Importer(2089858483,b0f066a214c2f5e87bad3c948f4d605d) (ScriptedImporter) -> (Import Result ID: '66eca0d2591a245041594d214e456569') in 0.0174673 seconds [static and dynamic dependencies]. Details - ImportResultOutputID=f2e61a5ef0504be12c2ade484c7aabca DependenciesID=382f81e0deb592fad936d7a79243f232 StaticDependenciesID=40b617a40a51f19d67f87ee2ad0b1ea3 
Number of updated asset objects reloaded before import = 0Number of asset objects unloaded after import = 8

========================================================================
Received Import Request.
  Time since last request: 0.000023 seconds.
  path: Assets/Models/NightTime/House02Night.fbx
  importAddress: Guid(cdd1b3ed33ddf2147997459201c89546) Importer(2089858483,b0f066a214c2f5e87bad3c948f4d605d)
Start importing Assets/Models/NightTime/House02Night.fbx using Guid(cdd1b3ed33ddf2147997459201c89546) Importer(2089858483,b0f066a214c2f5e87bad3c948f4d605d) (ScriptedImporter) -> (Import Result ID: '62acd0c1e01f55ccd2651eade23b1ad8') in 0.0329491 seconds [static and dynamic dependencies]. Details - ImportResultOutputID=986bf8c5a892f2e1956cb0004ff3f96f DependenciesID=a229bb7be6ffaf3af62d14a98ed716b2 StaticDependenciesID=8e21d3be732499d327fc50a1164257e6 
Number of updated asset objects reloaded before import = 0Number of asset objects unloaded after import = 10

========================================================================
Received Import Request.
  Time since last request: 0.000032 seconds.
  path: Assets/Models/NightTime/ClothesLine01Night.fbx
  importAddress: Guid(80119cda50b9f1943b89387a58f7abdf) Importer(2089858483,b0f066a214c2f5e87bad3c948f4d605d)
Start importing Assets/Models/NightTime/ClothesLine01Night.fbx using Guid(80119cda50b9f1943b89387a58f7abdf) Importer(2089858483,b0f066a214c2f5e87bad3c948f4d605d) (ScriptedImporter) -> (Import Result ID: '7e413da9bbc1b1fa32b9ef06f663dba7') in 0.0186292 seconds [static and dynamic dependencies]. Details - ImportResultOutputID=f9bc9c2d4f8afd8cb2d616dcc3422aa7 DependenciesID=815e108b6dbfaf6135a565b346a001f5 StaticDependenciesID=839e9226ec1566b420cc595fc51de24b 
Number of updated asset objects reloaded before import = 0Number of asset objects unloaded after import = 9

========================================================================
Received Import Request.
  Time since last request: 0.000021 seconds.
  path: Assets/mokrane/Animations/Mokrane_Jump.fbx
  importAddress: Guid(9ea7d49a8484db6489eef896e36ad7e7) Importer(2089858483,b0f066a214c2f5e87bad3c948f4d605d)
Start importing Assets/mokrane/Animations/Mokrane_Jump.fbx using Guid(9ea7d49a8484db6489eef896e36ad7e7) Importer(2089858483,b0f066a214c2f5e87bad3c948f4d605d) (ScriptedImporter) -> (Import Result ID: 'dfc2f84223b6efb3ace7e2cf48590edf') in 0.0232022 seconds [static and dynamic dependencies]. Details - ImportResultOutputID=bb979116db04ac93e752b25243b86890 DependenciesID=88051c8b66382d702f7216c43705f20a StaticDependenciesID=323616131e08583a6429649a1eb67889 
Number of updated asset objects reloaded before import = 0Number of asset objects unloaded after import = 137

========================================================================
Received Import Request.
  Time since last request: 0.000026 seconds.
  path: Assets/TextMesh Pro/Shaders/TMP_SDF.shader
  importAddress: Guid(68e6db2ebdc24f95958faec2be5558d6) Importer(2089858483,b0f066a214c2f5e87bad3c948f4d605d)
Start importing Assets/TextMesh Pro/Shaders/TMP_SDF.shader using Guid(68e6db2ebdc24f95958faec2be5558d6) Importer(2089858483,b0f066a214c2f5e87bad3c948f4d605d) (ScriptedImporter) -> (Import Result ID: 'c33808d154fe474dcea86fe3e626bef1') in 0.0111271 seconds [static and dynamic dependencies]. Details - ImportResultOutputID=ccacc1889495e8ee23afd93b678f910b DependenciesID=d9db5375602675c926a97c787abe8792 StaticDependenciesID=02f2f145754d21c99257be40712f4a63 
Number of updated asset objects reloaded before import = 0Number of asset objects unloaded after import = 1

========================================================================
Received Import Request.
  Time since last request: 0.000064 seconds.
  path: Assets/Textures/Graffiti/Graffiti09.png
  importAddress: Guid(bb67dd508c3b85b46a088b3894514f6e) Importer(2089858483,b0f066a214c2f5e87bad3c948f4d605d)
Start importing Assets/Textures/Graffiti/Graffiti09.png using Guid(bb67dd508c3b85b46a088b3894514f6e) Importer(2089858483,b0f066a214c2f5e87bad3c948f4d605d) (ScriptedImporter) -> (Import Result ID: 'eafc23901518f12c86a17a1eb5c6b96a') in 0.0150222 seconds [static and dynamic dependencies]. Details - ImportResultOutputID=516790b176badf33d9a6e6c0123b8af8 DependenciesID=14f3bb591acbf98ba49cc851ccda944c StaticDependenciesID=c449f180ebfbdd608efdce66e30f14bf 
Number of updated asset objects reloaded before import = 0Number of asset objects unloaded after import = 3

========================================================================
Received Import Request.
  Time since last request: 0.000549 seconds.
  path: Assets/TutorialInfo/Icons/URP.png
  importAddress: Guid(a44678ecaccd74543a47304f998f9fa7) Importer(2089858483,b0f066a214c2f5e87bad3c948f4d605d)
Start importing Assets/TutorialInfo/Icons/URP.png using Guid(a44678ecaccd74543a47304f998f9fa7) Importer(2089858483,b0f066a214c2f5e87bad3c948f4d605d) (ScriptedImporter) -> (Import Result ID: 'ad1958835e9926922197656694291abe') in 0.0137393 seconds [static and dynamic dependencies]. Details - ImportResultOutputID=65ee356d78dbb3144ad328146c138ae6 DependenciesID=8ecd27b6cfe335ef9da2f0f3ad0d053d StaticDependenciesID=6040e237f04cf46e7fe81bd59af42667 
Number of updated asset objects reloaded before import = 0Number of asset objects unloaded after import = 1

========================================================================
Received Import Request.
  Time since last request: 0.000511 seconds.
  path: Assets/Sounds/SFX/Slide.ogg
  importAddress: Guid(febd5a5a8b245774fbfa9f0bef51e0b6) Importer(2089858483,b0f066a214c2f5e87bad3c948f4d605d)
Start importing Assets/Sounds/SFX/Slide.ogg using Guid(febd5a5a8b245774fbfa9f0bef51e0b6) Importer(2089858483,b0f066a214c2f5e87bad3c948f4d605d) (ScriptedImporter) -> (Import Result ID: '9a09743f8e57a28cea6667f75138f90d') in 0.0090903 seconds [static and dynamic dependencies]. Details - ImportResultOutputID=1188bd377d26f73483da1f14432c0a7a DependenciesID=fea2ca2ab294b1dde299651ec7d9c11c StaticDependenciesID=8b4c1d6b9d5c63e46d30b163e05f2552 
Number of updated asset objects reloaded before import = 0Number of asset objects unloaded after import = 1

========================================================================
Received Import Request.
  Time since last request: 0.000055 seconds.
  path: Assets/AddressableAssetsData/AssetGroups/Schemas/1fe38e9c980a3ac4fadbc3ac950cbcf8_PlayerDataGroupSchema.asset
  importAddress: Guid(df57255a25e952d4a882338d68f54e0a) Importer(2089858483,b0f066a214c2f5e87bad3c948f4d605d)
Start importing Assets/AddressableAssetsData/AssetGroups/Schemas/1fe38e9c980a3ac4fadbc3ac950cbcf8_PlayerDataGroupSchema.asset using Guid(df57255a25e952d4a882338d68f54e0a) Importer(2089858483,b0f066a214c2f5e87bad3c948f4d605d) (ScriptedImporter) -> (Import Result ID: '20e95e27ef0fd5bb9ea1c698a734a6f8') in 0.0036922 seconds [static and dynamic dependencies]. Details - ImportResultOutputID=76890b31eee8484da8035a8309f097b7 DependenciesID=b2703767324094894489073075f209a8 StaticDependenciesID=22acf69f183a266da25b5710d18f8dc8 
Number of updated asset objects reloaded before import = 0Number of asset objects unloaded after import = 1

========================================================================
Received Import Request.
  Time since last request: 0.000028 seconds.
  path: Assets/TextMesh Pro/Shaders/TMPro_Mobile.cginc
  importAddress: Guid(c334973cef89a9840b0b0c507e0377ab) Importer(2089858483,b0f066a214c2f5e87bad3c948f4d605d)
Start importing Assets/TextMesh Pro/Shaders/TMPro_Mobile.cginc using Guid(c334973cef89a9840b0b0c507e0377ab) Importer(2089858483,b0f066a214c2f5e87bad3c948f4d605d) (ScriptedImporter) -> (Import Result ID: 'c8f40e9eaf26baa2ae42953928f9fb24') in 0.0052946 seconds [static and dynamic dependencies]. Details - ImportResultOutputID=1f953d2565086caf1f2306c386da1f17 DependenciesID=4fa22ae5160e3f9bb3b5046934542524 StaticDependenciesID=3c52ead75c0407d07f24c091d109dded 
Number of updated asset objects reloaded before import = 0Number of asset objects unloaded after import = 1

========================================================================
Received Import Request.
  Time since last request: 0.000051 seconds.
  path: Assets/Tutorial/Down/IndustrialWarehouseUp.prefab
  importAddress: Guid(8515fe4be5c88bc4594fa0b2c4165a95) Importer(2089858483,b0f066a214c2f5e87bad3c948f4d605d)
Start importing Assets/Tutorial/Down/IndustrialWarehouseUp.prefab using Guid(8515fe4be5c88bc4594fa0b2c4165a95) Importer(2089858483,b0f066a214c2f5e87bad3c948f4d605d) (ScriptedImporter) -> (Import Result ID: 'e107917693a47171b7fad9b2ba11ea65') in 0.0262849 seconds [static and dynamic dependencies]. Details - ImportResultOutputID=26870fc8c3e41267a90bf82c606233b6 DependenciesID=1eb631c445a97a8075e3b7bdab7eab43 StaticDependenciesID=2b56bc9a867eb00058f438ac4859fc7f 
Number of updated asset objects reloaded before import = 0Number of asset objects unloaded after import = 108

========================================================================
Received Import Request.
  Time since last request: 0.000025 seconds.
  path: Assets/TextMesh Pro/Shaders/TMP_SDF-URP Unlit.shadergraph
  importAddress: Guid(124c112a6e8f1a54e8b0870e881b56d8) Importer(2089858483,b0f066a214c2f5e87bad3c948f4d605d)
Start importing Assets/TextMesh Pro/Shaders/TMP_SDF-URP Unlit.shadergraph using Guid(124c112a6e8f1a54e8b0870e881b56d8) Importer(2089858483,b0f066a214c2f5e87bad3c948f4d605d) (ScriptedImporter) -> (Import Result ID: 'dcdafd2609b99da932e6234408c050f2') in 0.0062317 seconds [static and dynamic dependencies]. Details - ImportResultOutputID=df4b592964031505d3ddb94d0141e654 DependenciesID=afc5da04fdbbaec7384850431f6f9974 StaticDependenciesID=2e70c7206d9e4ef7fea767e8a8a682a4 
Number of updated asset objects reloaded before import = 0Number of asset objects unloaded after import = 1

========================================================================
Received Import Request.
  Time since last request: 0.000035 seconds.
  path: Assets/Sounds/SFX/TrafficCone.ogg
  importAddress: Guid(0d9e50755a43a614a8233233466a4e80) Importer(2089858483,b0f066a214c2f5e87bad3c948f4d605d)
Start importing Assets/Sounds/SFX/TrafficCone.ogg using Guid(0d9e50755a43a614a8233233466a4e80) Importer(2089858483,b0f066a214c2f5e87bad3c948f4d605d) (ScriptedImporter) -> (Import Result ID: 'c32ed1ed3c7ddacf1c5b143f6041cc74') in 0.0091326 seconds [static and dynamic dependencies]. Details - ImportResultOutputID=47f69532ed7df8296fb7d4556cb3bcfd DependenciesID=23e44f4e09fbccae9c48922ce7ee7518 StaticDependenciesID=5ba15ed8729b62c30f01ab1fcfd40be9 
Number of updated asset objects reloaded before import = 0Number of asset objects unloaded after import = 1

========================================================================
Received Import Request.
  Time since last request: 0.000065 seconds.
  path: Assets/AddressableAssetsData/AssetGroups/Schemas/0188ddff47d9b214ba640c0e529e4332_ContentUpdateGroupSchema.asset
  importAddress: Guid(651de64b823f4894886e1a0af5fc5503) Importer(2089858483,b0f066a214c2f5e87bad3c948f4d605d)
Start importing Assets/AddressableAssetsData/AssetGroups/Schemas/0188ddff47d9b214ba640c0e529e4332_ContentUpdateGroupSchema.asset using Guid(651de64b823f4894886e1a0af5fc5503) Importer(2089858483,b0f066a214c2f5e87bad3c948f4d605d) (ScriptedImporter) -> (Import Result ID: 'e910f15b044e90d7284fefdfd6159366') in 0.0060165 seconds [static and dynamic dependencies]. Details - ImportResultOutputID=15acfb50ff86c09bd8dd2fc3873ebbf1 DependenciesID=3c7c210b54b44a7b8a62b9cc566f87a7 StaticDependenciesID=df250c9189be0295e653d07b92e9811c 
Number of updated asset objects reloaded before import = 0Number of asset objects unloaded after import = 1

========================================================================
Received Import Request.
  Time since last request: 0.000027 seconds.
  path: Assets/TextMesh Pro/Fonts/LiberationSans - OFL.txt
  importAddress: Guid(6e59c59b81ab47f9b6ec5781fa725d2c) Importer(2089858483,b0f066a214c2f5e87bad3c948f4d605d)
Start importing Assets/TextMesh Pro/Fonts/LiberationSans - OFL.txt using Guid(6e59c59b81ab47f9b6ec5781fa725d2c) Importer(2089858483,b0f066a214c2f5e87bad3c948f4d605d) (ScriptedImporter) -> (Import Result ID: '8d699779037f5c7eae352980b551fb63') in 0.0063017 seconds [static and dynamic dependencies]. Details - ImportResultOutputID=30a581c534193e16673f08e51673ca1a DependenciesID=6a2f663f61d50380090220a35058d61a StaticDependenciesID=7649750a4598ec734fc3c768683475c9 
Number of updated asset objects reloaded before import = 0Number of asset objects unloaded after import = 1

========================================================================
Received Import Request.
  Time since last request: 0.000035 seconds.
  path: Assets/StarterAssets/InputSystem/StarterAssets.inputsettings.asset
  importAddress: Guid(9e7be553448fa2546aea5752021cbcf7) Importer(2089858483,b0f066a214c2f5e87bad3c948f4d605d)
Start importing Assets/StarterAssets/InputSystem/StarterAssets.inputsettings.asset using Guid(9e7be553448fa2546aea5752021cbcf7) Importer(2089858483,b0f066a214c2f5e87bad3c948f4d605d) (ScriptedImporter) -> (Import Result ID: '1780f65e41a43b6ad7760a4b5abe9021') in 0.0049872 seconds [static and dynamic dependencies]. Details - ImportResultOutputID=b7965334b7a23ad189da06eeda8e2ace DependenciesID=2b57159e05cb0009ea9001ae5456a573 StaticDependenciesID=b7ca1ba6f7249eefc4ab2aa9d8d86b37 
Number of updated asset objects reloaded before import = 0Number of asset objects unloaded after import = 1

========================================================================
Received Import Request.
  Time since last request: 0.000023 seconds.
  path: Assets/Sounds/Stems/STEMSSpeed2ChoirMono.ogg
  importAddress: Guid(e332926f9f9720947b646c7c3c65902f) Importer(2089858483,b0f066a214c2f5e87bad3c948f4d605d)
Start importing Assets/Sounds/Stems/STEMSSpeed2ChoirMono.ogg using Guid(e332926f9f9720947b646c7c3c65902f) Importer(2089858483,b0f066a214c2f5e87bad3c948f4d605d) (ScriptedImporter) -> (Import Result ID: 'e5de3134677610aeb61f65c2b94811a0') in 0.3507335 seconds [static and dynamic dependencies]. Details - ImportResultOutputID=320ffbf4e0cdd0c3b0ecd0bb5fdeacbe DependenciesID=db72d91cb0cd4cd7527a6410f45767f7 StaticDependenciesID=607548aa6edc58cf3600c87b5333734b 
Number of updated asset objects reloaded before import = 0Number of asset objects unloaded after import = 1

========================================================================
Received Import Request.
  Time since last request: 0.000032 seconds.
  path: Assets/TextMesh Pro/Shaders/TMP_SDF-Surface-Mobile.shader
  importAddress: Guid(85187c2149c549c5b33f0cdb02836b17) Importer(2089858483,b0f066a214c2f5e87bad3c948f4d605d)
Start importing Assets/TextMesh Pro/Shaders/TMP_SDF-Surface-Mobile.shader using Guid(85187c2149c549c5b33f0cdb02836b17) Importer(2089858483,b0f066a214c2f5e87bad3c948f4d605d) (ScriptedImporter) -> (Import Result ID: 'de2f4089b4f66c9510e81ea0ad042b8e') in 0.006157 seconds [static and dynamic dependencies]. Details - ImportResultOutputID=aa848201d99e765f2e0d8ae41556d3d3 DependenciesID=248168db15a96d3d5e50ec206ddaafc2 StaticDependenciesID=58c6b186186993a6af1eb808477416bb 
Number of updated asset objects reloaded before import = 0Number of asset objects unloaded after import = 1

========================================================================
Received Import Request.
  Time since last request: 0.000079 seconds.
  path: Assets/AddressableAssetsData/AssetGroups/Schemas/0ee8914add8bf184eb2669a5f9b6f538_BundledAssetGroupSchema.asset
  importAddress: Guid(e804a7effdc04f24b992534d7b3594d8) Importer(2089858483,b0f066a214c2f5e87bad3c948f4d605d)
Start importing Assets/AddressableAssetsData/AssetGroups/Schemas/0ee8914add8bf184eb2669a5f9b6f538_BundledAssetGroupSchema.asset using Guid(e804a7effdc04f24b992534d7b3594d8) Importer(2089858483,b0f066a214c2f5e87bad3c948f4d605d) (ScriptedImporter) -> (Import Result ID: 'd26a321bee5f5a14488163357f6a7d5c') in 0.0105222 seconds [static and dynamic dependencies]. Details - ImportResultOutputID=f8cf2f22d743065e9a168bec034ab58f DependenciesID=a6ed706ebbd758ff9c665decbf34f38f StaticDependenciesID=212a66939a66c0d8ff9ea0bb1519ffb0 
Number of updated asset objects reloaded before import = 0Number of asset objects unloaded after import = 1

========================================================================
Received Import Request.
  Time since last request: 0.000031 seconds.
  path: Assets/Textures/Graffiti/Graffiti13.png
  importAddress: Guid(11fc4e2b6b0a871489e3f9166321d8d5) Importer(2089858483,b0f066a214c2f5e87bad3c948f4d605d)
Start importing Assets/Textures/Graffiti/Graffiti13.png using Guid(11fc4e2b6b0a871489e3f9166321d8d5) Importer(2089858483,b0f066a214c2f5e87bad3c948f4d605d) (ScriptedImporter) -> (Import Result ID: '30f5277a24881350abdca00c3902f23e') in 0.0159119 seconds [static and dynamic dependencies]. Details - ImportResultOutputID=fc2b9cf1c40728b210693ed890a038bf DependenciesID=493f5aee8bd58584d819636cc3a07f08 StaticDependenciesID=239184968861e3836e5f8d3a41fcb5ab 
Number of updated asset objects reloaded before import = 0Number of asset objects unloaded after import = 3

========================================================================
Received Import Request.
  Time since last request: 0.000120 seconds.
  path: Assets/Tutorial/Up/IndustrialWarehouseUp3.prefab
  importAddress: Guid(2337a0b8ee44c884ea9a30757fe06a71) Importer(2089858483,b0f066a214c2f5e87bad3c948f4d605d)
Start importing Assets/Tutorial/Up/IndustrialWarehouseUp3.prefab using Guid(2337a0b8ee44c884ea9a30757fe06a71) Importer(2089858483,b0f066a214c2f5e87bad3c948f4d605d) (ScriptedImporter) -> (Import Result ID: 'ddd0b0660dc7875ff249054baaf555db') in 0.0170479 seconds [static and dynamic dependencies]. Details - ImportResultOutputID=1c926f7be946c63f894dd95cb2bc2e63 DependenciesID=da55b7a64609be18f787bba2af8404d1 StaticDependenciesID=ca3570eecb2d05cf3388848fcf8580da 
Number of updated asset objects reloaded before import = 0Number of asset objects unloaded after import = 41

========================================================================
Received Import Request.
  Time since last request: 0.000050 seconds.
  path: Assets/Sounds/SFX/PowerUp.ogg
  importAddress: Guid(defdb98bfddc24748aead1ce73ba7972) Importer(2089858483,b0f066a214c2f5e87bad3c948f4d605d)
Start importing Assets/Sounds/SFX/PowerUp.ogg using Guid(defdb98bfddc24748aead1ce73ba7972) Importer(2089858483,b0f066a214c2f5e87bad3c948f4d605d) (ScriptedImporter) -> (Import Result ID: '92c46b019c60f8665bdf3b470b564ce1') in 0.0104514 seconds [static and dynamic dependencies]. Details - ImportResultOutputID=51f738dcd9de8a88ba2dd3732629b00f DependenciesID=09fadb04a76537b63b94c6a79d73a8d3 StaticDependenciesID=12f6a6d76528766edd74ce17f4cb3e24 
Number of updated asset objects reloaded before import = 0Number of asset objects unloaded after import = 1

========================================================================
Received Import Request.
  Time since last request: 0.000030 seconds.
  path: Assets/Textures/Graffiti/back 1.png
  importAddress: Guid(bc24cc0a5904e9046972296806b947ed) Importer(2089858483,b0f066a214c2f5e87bad3c948f4d605d)
Start importing Assets/Textures/Graffiti/back 1.png using Guid(bc24cc0a5904e9046972296806b947ed) Importer(2089858483,b0f066a214c2f5e87bad3c948f4d605d) (ScriptedImporter) -> (Import Result ID: '7f2f9c857ba48d2dfe8b46d7dd5b3c34') in 0.0195732 seconds [static and dynamic dependencies]. Details - ImportResultOutputID=2d0f361b986d8cfa52018377b7788a61 DependenciesID=afd9a0984239f16add971841f58b00a9 StaticDependenciesID=a2770056803bd6d24c65550ff0449ee8 
Number of updated asset objects reloaded before import = 0Number of asset objects unloaded after import = 3

========================================================================
Received Import Request.
  Time since last request: 0.000028 seconds.
  path: Assets/TextMesh Pro/Resources/LineBreaking Following Characters.txt
  importAddress: Guid(fade42e8bc714b018fac513c043d323b) Importer(2089858483,b0f066a214c2f5e87bad3c948f4d605d)
Start importing Assets/TextMesh Pro/Resources/LineBreaking Following Characters.txt using Guid(fade42e8bc714b018fac513c043d323b) Importer(2089858483,b0f066a214c2f5e87bad3c948f4d605d) (ScriptedImporter) -> (Import Result ID: 'e45bf189e990f39d9346dcb0c9e3069f') in 0.0088997 seconds [static and dynamic dependencies]. Details - ImportResultOutputID=6a208d4b9a1c69adf7584d8c4cf1338b DependenciesID=9d3b4599c2ade7f202ce423a41765201 StaticDependenciesID=90e18e177f71b5b2ecebe031e5e8ac67 
Number of updated asset objects reloaded before import = 0Number of asset objects unloaded after import = 1

========================================================================
Received Import Request.
  Time since last request: 0.000028 seconds.
  path: Assets/Textures/Graffiti/Graffiti05.png
  importAddress: Guid(7914a9a713af18c40b1a5f1032318361) Importer(2089858483,b0f066a214c2f5e87bad3c948f4d605d)
Start importing Assets/Textures/Graffiti/Graffiti05.png using Guid(7914a9a713af18c40b1a5f1032318361) Importer(2089858483,b0f066a214c2f5e87bad3c948f4d605d) (ScriptedImporter) -> (Import Result ID: '7e5b4d54a7d22314dc1786bcd9e93237') in 0.0172623 seconds [static and dynamic dependencies]. Details - ImportResultOutputID=555f710f582921b42b92c78e49e13f94 DependenciesID=f1a06f1d1f76046d7a2fa2be32b44856 StaticDependenciesID=830a138282cc6d28eef55216d159de3d 
Number of updated asset objects reloaded before import = 0Number of asset objects unloaded after import = 3

========================================================================
Received Import Request.
  Time since last request: 0.000029 seconds.
  path: Assets/TextMesh Pro/Sprites/EmojiOne.png
  importAddress: Guid(dffef66376be4fa480fb02b19edbe903) Importer(2089858483,b0f066a214c2f5e87bad3c948f4d605d)
Start importing Assets/TextMesh Pro/Sprites/EmojiOne.png using Guid(dffef66376be4fa480fb02b19edbe903) Importer(2089858483,b0f066a214c2f5e87bad3c948f4d605d) (ScriptedImporter) -> (Import Result ID: '7f5aed6867f49d7c3426aff103b28cf5') in 0.0089978 seconds [static and dynamic dependencies]. Details - ImportResultOutputID=957761df90755621c15b273da2ff4e63 DependenciesID=0aa98b69a533438c37dc0c2e57562e59 StaticDependenciesID=712d0021f4fff3d54e8324d26bcf68a1 
Number of updated asset objects reloaded before import = 0Number of asset objects unloaded after import = 1

========================================================================
Received Import Request.
  Time since last request: 0.000023 seconds.
  path: Assets/AddressableAssetsData/AssetGroups/Schemas/a8fe4e1fa1fea394a996ab4b4963537b_BundledAssetGroupSchema.asset
  importAddress: Guid(db1703389e2893a47bbfb0d1d53236e8) Importer(2089858483,b0f066a214c2f5e87bad3c948f4d605d)
Start importing Assets/AddressableAssetsData/AssetGroups/Schemas/a8fe4e1fa1fea394a996ab4b4963537b_BundledAssetGroupSchema.asset using Guid(db1703389e2893a47bbfb0d1d53236e8) Importer(2089858483,b0f066a214c2f5e87bad3c948f4d605d) (ScriptedImporter) -> (Import Result ID: '3ae24de9d8f69b2152620bcf7b3123c3') in 0.0085543 seconds [static and dynamic dependencies]. Details - ImportResultOutputID=2855ea6e0c2f94f0276d37763513003b DependenciesID=adc57a236012c50c43dec2d58e988814 StaticDependenciesID=02181815b8ce30956febe47282219ba3 
Number of updated asset objects reloaded before import = 0Number of asset objects unloaded after import = 1

========================================================================
Received Import Request.
  Time since last request: 0.000026 seconds.
  path: Assets/ALP_Assets/country house01/Materials/BakeMat.mat
  importAddress: Guid(33279a08e1059534c9b5e0e9ab23ea97) Importer(2089858483,b0f066a214c2f5e87bad3c948f4d605d)
Start importing Assets/ALP_Assets/country house01/Materials/BakeMat.mat using Guid(33279a08e1059534c9b5e0e9ab23ea97) Importer(2089858483,b0f066a214c2f5e87bad3c948f4d605d) (ScriptedImporter) -> (Import Result ID: '95c47a6b88302bb62e7169caf7d8be0e') in 0.0052383 seconds [static and dynamic dependencies]. Details - ImportResultOutputID=cbbaf0983002041185abd0f2d2bc6b82 DependenciesID=29809df7868ca4c10b5d35e9394f8685 StaticDependenciesID=487e918134ef4dd524adf697bfa9a289 
Number of updated asset objects reloaded before import = 0Number of asset objects unloaded after import = 1

========================================================================
Received Import Request.
  Time since last request: 0.000025 seconds.
  path: Assets/AddressableAssetsData/AssetGroups/Schemas/6da73523aa5283d4582ef072976f7b42_BundledAssetGroupSchema.asset
  importAddress: Guid(e7f560970ee67c6448953f15f7ea0fe3) Importer(2089858483,b0f066a214c2f5e87bad3c948f4d605d)
Start importing Assets/AddressableAssetsData/AssetGroups/Schemas/6da73523aa5283d4582ef072976f7b42_BundledAssetGroupSchema.asset using Guid(e7f560970ee67c6448953f15f7ea0fe3) Importer(2089858483,b0f066a214c2f5e87bad3c948f4d605d) (ScriptedImporter) -> (Import Result ID: '753229ec83449c833ca7fc06e438fae1') in 0.005657 seconds [static and dynamic dependencies]. Details - ImportResultOutputID=610eb609c06b8ea6ef0041b86d12b555 DependenciesID=a5c01db488e71d731d85571bc60a3c34 StaticDependenciesID=c286e81d7fc7ec408078f8f57330d2d0 
Number of updated asset objects reloaded before import = 0Number of asset objects unloaded after import = 1

========================================================================
Received Import Request.
  Time since last request: 0.000035 seconds.
  path: Assets/AddressableAssetsData/AssetGroups/Schemas/95a3c2cd5e0a1b745a3fd1ce16c01ff9_ContentUpdateGroupSchema.asset
  importAddress: Guid(f568aa2337d236a449922de6d961fbea) Importer(2089858483,b0f066a214c2f5e87bad3c948f4d605d)
Start importing Assets/AddressableAssetsData/AssetGroups/Schemas/95a3c2cd5e0a1b745a3fd1ce16c01ff9_ContentUpdateGroupSchema.asset using Guid(f568aa2337d236a449922de6d961fbea) Importer(2089858483,b0f066a214c2f5e87bad3c948f4d605d) (ScriptedImporter) -> (Import Result ID: '64418ca3e936a3006c492a12d52c3eb5') in 0.007008 seconds [static and dynamic dependencies]. Details - ImportResultOutputID=91abf3937b811d1f22d967d4008d3a98 DependenciesID=2d2e0c5672d0ca16d5be74f76ce1cc4c StaticDependenciesID=6406cb729ad0256fc54b434df5f6b1d4 
Number of updated asset objects reloaded before import = 0Number of asset objects unloaded after import = 1

========================================================================
Received Import Request.
  Time since last request: 0.000027 seconds.
  path: Assets/AddressableAssetsData/AssetGroups/Schemas/d5b757e4f3f1d324089b3212762f79c6_BundledAssetGroupSchema.asset
  importAddress: Guid(398dfe012f75ed9459c9b73e6340452e) Importer(2089858483,b0f066a214c2f5e87bad3c948f4d605d)
Start importing Assets/AddressableAssetsData/AssetGroups/Schemas/d5b757e4f3f1d324089b3212762f79c6_BundledAssetGroupSchema.asset using Guid(398dfe012f75ed9459c9b73e6340452e) Importer(2089858483,b0f066a214c2f5e87bad3c948f4d605d) (ScriptedImporter) -> (Import Result ID: '1cc98f19f907184f05f01b5a002c9da2') in 0.0041604 seconds [static and dynamic dependencies]. Details - ImportResultOutputID=57e656868765ad146a683813cb44d111 DependenciesID=85a2c35f452bb41813520c3605f6aad1 StaticDependenciesID=726407dcc3f436028603e3941b48de33 
Number of updated asset objects reloaded before import = 0Number of asset objects unloaded after import = 1

========================================================================
Received Import Request.
  Time since last request: 0.000169 seconds.
  path: Assets/AddressableAssetsData/AssetGroups/Schemas/ecca703ac90113346a3923a505db5daa_BundledAssetGroupSchema.asset
  importAddress: Guid(f5c335391d8517148b980dfe0fe71ea6) Importer(2089858483,b0f066a214c2f5e87bad3c948f4d605d)
Start importing Assets/AddressableAssetsData/AssetGroups/Schemas/ecca703ac90113346a3923a505db5daa_BundledAssetGroupSchema.asset using Guid(f5c335391d8517148b980dfe0fe71ea6) Importer(2089858483,b0f066a214c2f5e87bad3c948f4d605d) (ScriptedImporter) -> (Import Result ID: '9e8d8e7c45a46b87facdd703ee436c60') in 0.0060745 seconds [static and dynamic dependencies]. Details - ImportResultOutputID=766e2a9817e982778b9af5fc8fd91fcb DependenciesID=437fbf9307f4ed4a3a2a8179cb29dafb StaticDependenciesID=8780a7c2df309e2606fa595bf6c96ec7 
Number of updated asset objects reloaded before import = 0Number of asset objects unloaded after import = 1

========================================================================
Received Import Request.
  Time since last request: 0.000026 seconds.
  path: Assets/AddressableAssetsData/AssetGroups/Schemas/34963f7c1bf93e54f9196484126a6d7f_BundledAssetGroupSchema.asset
  importAddress: Guid(ea1abb9d94e3909498d283a058f0c6e0) Importer(2089858483,b0f066a214c2f5e87bad3c948f4d605d)
Start importing Assets/AddressableAssetsData/AssetGroups/Schemas/34963f7c1bf93e54f9196484126a6d7f_BundledAssetGroupSchema.asset using Guid(ea1abb9d94e3909498d283a058f0c6e0) Importer(2089858483,b0f066a214c2f5e87bad3c948f4d605d) (ScriptedImporter) -> (Import Result ID: '564b2143e644367b4ae3cb8ebe27a908') in 0.0069904 seconds [static and dynamic dependencies]. Details - ImportResultOutputID=12baed40218289502d042d9626e21fd2 DependenciesID=cb227676e852f3ce6983eb97bdaa34dc StaticDependenciesID=375f859131e93aa5991c13de6aa4a572 
Number of updated asset objects reloaded before import = 0Number of asset objects unloaded after import = 1

========================================================================
Received Import Request.
  Time since last request: 0.000049 seconds.
  path: Assets/AddressableAssetsData/AssetGroups/Schemas/95a3c2cd5e0a1b745a3fd1ce16c01ff9_BundledAssetGroupSchema.asset
  importAddress: Guid(1489f7063a4ead94e9ca07302dd2f11e) Importer(2089858483,b0f066a214c2f5e87bad3c948f4d605d)
Start importing Assets/AddressableAssetsData/AssetGroups/Schemas/95a3c2cd5e0a1b745a3fd1ce16c01ff9_BundledAssetGroupSchema.asset using Guid(1489f7063a4ead94e9ca07302dd2f11e) Importer(2089858483,b0f066a214c2f5e87bad3c948f4d605d) (ScriptedImporter) -> (Import Result ID: '8b7bb522a186db874deaed1d1818fb34') in 0.0049716 seconds [static and dynamic dependencies]. Details - ImportResultOutputID=b8ff7fd0c84437f25e3fa9838398c569 DependenciesID=36eaf93814f2b1f964c5cc0d3f04d700 StaticDependenciesID=07378333ed3c065f6f86395197facbaf 
Number of updated asset objects reloaded before import = 0Number of asset objects unloaded after import = 1

========================================================================
Received Import Request.
  Time since last request: 0.000022 seconds.
  path: Assets/AddressableAssetsData/AssetGroups/Schemas/d5b757e4f3f1d324089b3212762f79c6_ContentUpdateGroupSchema.asset
  importAddress: Guid(bcf2e3926b76d4541990e53c88f8337f) Importer(2089858483,b0f066a214c2f5e87bad3c948f4d605d)
Start importing Assets/AddressableAssetsData/AssetGroups/Schemas/d5b757e4f3f1d324089b3212762f79c6_ContentUpdateGroupSchema.asset using Guid(bcf2e3926b76d4541990e53c88f8337f) Importer(2089858483,b0f066a214c2f5e87bad3c948f4d605d) (ScriptedImporter) -> (Import Result ID: '82f4d9b8795a70e225defc8470cc33af') in 0.008553 seconds [static and dynamic dependencies]. Details - ImportResultOutputID=9f60b56f6b48d88de557f5f9cc1abb60 DependenciesID=6d99177319866d7f15a516b75a407704 StaticDependenciesID=21bec49691e8d9ce43604207af84f9ea 
Number of updated asset objects reloaded before import = 0Number of asset objects unloaded after import = 1

========================================================================
Received Import Request.
  Time since last request: 0.000033 seconds.
  path: Assets/AddressableAssetsData/AssetGroups/Schemas/4c4981ffc6cbd384f83bfa48976554ea_ContentUpdateGroupSchema.asset
  importAddress: Guid(67ac5bb53e8413248ad890f97d440439) Importer(2089858483,b0f066a214c2f5e87bad3c948f4d605d)
Start importing Assets/AddressableAssetsData/AssetGroups/Schemas/4c4981ffc6cbd384f83bfa48976554ea_ContentUpdateGroupSchema.asset using Guid(67ac5bb53e8413248ad890f97d440439) Importer(2089858483,b0f066a214c2f5e87bad3c948f4d605d) (ScriptedImporter) -> (Import Result ID: '2a0b9f16c243adb5b468dfef85ee2efb') in 0.0051095 seconds [static and dynamic dependencies]. Details - ImportResultOutputID=163c1c84ecbeb8f2548ed1fb5d4a2b25 DependenciesID=989939a11bd27a7c19486f32480a5f7e StaticDependenciesID=c26ddc7f8426c988723b34830b9988e0 
Number of updated asset objects reloaded before import = 0Number of asset objects unloaded after import = 1

========================================================================
Received Import Request.
  Time since last request: 0.000041 seconds.
  path: Assets/ALP_Assets/country house01/Materials/OldHouseMapWoodGreen.mat
  importAddress: Guid(fcf8289d15f4f4e4aa9aa63a1599a942) Importer(2089858483,b0f066a214c2f5e87bad3c948f4d605d)
Start importing Assets/ALP_Assets/country house01/Materials/OldHouseMapWoodGreen.mat using Guid(fcf8289d15f4f4e4aa9aa63a1599a942) Importer(2089858483,b0f066a214c2f5e87bad3c948f4d605d) (ScriptedImporter) -> (Import Result ID: '687c6c8a72fe57836b163bf3a5f3475c') in 0.0089934 seconds [static and dynamic dependencies]. Details - ImportResultOutputID=f2e7b797c09b313da019329239442344 DependenciesID=d96a27497fb7695d467cc1bd529eadda StaticDependenciesID=ee69ec70bfcea22110cee3e823a03309 
Number of updated asset objects reloaded before import = 0Number of asset objects unloaded after import = 1

========================================================================
Received Import Request.
  Time since last request: 0.000052 seconds.
  path: Assets/ALP_Assets/country house01/DemoScene/DemoScene.unity
  importAddress: Guid(e9ccad99b7b8f6043a28102861b33611) Importer(2089858483,b0f066a214c2f5e87bad3c948f4d605d)
Start importing Assets/ALP_Assets/country house01/DemoScene/DemoScene.unity using Guid(e9ccad99b7b8f6043a28102861b33611) Importer(2089858483,b0f066a214c2f5e87bad3c948f4d605d) (ScriptedImporter) -> (Import Result ID: 'f918aacfbce497e43f4ba7669ec1f412') in 0.0063394 seconds [static and dynamic dependencies]. Details - ImportResultOutputID=e25918a4db328be1151b98e930f9630f DependenciesID=1b06d69cfab55a323d322e6ad27d2d7d StaticDependenciesID=4f6a8c5512e0b5b0c8ac54dedcde6541 
Number of updated asset objects reloaded before import = 0Number of asset objects unloaded after import = 1

========================================================================
Received Import Request.
  Time since last request: 0.000067 seconds.
  path: Assets/AddressableAssetsData/AssetGroups/Schemas/e293c425bd8527844ad6f809d4806dd7_ContentUpdateGroupSchema.asset
  importAddress: Guid(b71267de56b7e6b48a4c0c4ade2332d2) Importer(2089858483,b0f066a214c2f5e87bad3c948f4d605d)
Start importing Assets/AddressableAssetsData/AssetGroups/Schemas/e293c425bd8527844ad6f809d4806dd7_ContentUpdateGroupSchema.asset using Guid(b71267de56b7e6b48a4c0c4ade2332d2) Importer(2089858483,b0f066a214c2f5e87bad3c948f4d605d) (ScriptedImporter) -> (Import Result ID: '68d500b37e9784344a463aeb3e13c23c') in 0.0055843 seconds [static and dynamic dependencies]. Details - ImportResultOutputID=7540eeee2be549aa81ad59cf32af7261 DependenciesID=3cdbfc8f56f841c62cc04ac37993c38d StaticDependenciesID=01538dcee1aef16efb1fc7e2d072397e 
Number of updated asset objects reloaded before import = 0Number of asset objects unloaded after import = 1

========================================================================
Received Import Request.
  Time since last request: 0.000086 seconds.
  path: Assets/ALP_Assets/country house01/Materials/Ceiling01.mat
  importAddress: Guid(af1856f4b2c10364380dd5d15fabd667) Importer(2089858483,b0f066a214c2f5e87bad3c948f4d605d)
Start importing Assets/ALP_Assets/country house01/Materials/Ceiling01.mat using Guid(af1856f4b2c10364380dd5d15fabd667) Importer(2089858483,b0f066a214c2f5e87bad3c948f4d605d) (ScriptedImporter) -> (Import Result ID: '08172b968a1b82ae3c9b4b8a44b57085') in 0.0091893 seconds [static and dynamic dependencies]. Details - ImportResultOutputID=8eb288f84aceb591a2c483ec61da9a04 DependenciesID=562584a7ec38a370603015590fac8812 StaticDependenciesID=0af2a29c25da4902df8343bd479df6dc 
Number of updated asset objects reloaded before import = 0Number of asset objects unloaded after import = 1

========================================================================
Received Import Request.
  Time since last request: 0.000021 seconds.
  path: Assets/AddressableAssetsData/AssetGroups/Schemas/42bc777f296585a479930a4d8fb16c27_ContentUpdateGroupSchema.asset
  importAddress: Guid(93056734fbbe67845a574a7521ce0142) Importer(2089858483,b0f066a214c2f5e87bad3c948f4d605d)
Start importing Assets/AddressableAssetsData/AssetGroups/Schemas/42bc777f296585a479930a4d8fb16c27_ContentUpdateGroupSchema.asset using Guid(93056734fbbe67845a574a7521ce0142) Importer(2089858483,b0f066a214c2f5e87bad3c948f4d605d) (ScriptedImporter) -> (Import Result ID: '1aa0730ef34cedd88724c2cc23331d4e') in 0.0055793 seconds [static and dynamic dependencies]. Details - ImportResultOutputID=34a02cc53abc1c7903f86c39e4bf5dac DependenciesID=f5ab0588eb52f882bf94e9071b5afe48 StaticDependenciesID=0904adefc9b2c583d45698d243b23768 
Number of updated asset objects reloaded before import = 0Number of asset objects unloaded after import = 1

========================================================================
Received Import Request.
  Time since last request: 0.000082 seconds.
  path: Assets/ALP_Assets/country house01/Materials/WindowMap01.mat
  importAddress: Guid(69ca4a564814d3d4f9b8b9bf1511e3d1) Importer(2089858483,b0f066a214c2f5e87bad3c948f4d605d)
Start importing Assets/ALP_Assets/country house01/Materials/WindowMap01.mat using Guid(69ca4a564814d3d4f9b8b9bf1511e3d1) Importer(2089858483,b0f066a214c2f5e87bad3c948f4d605d) (ScriptedImporter) -> (Import Result ID: '2d4ba5881f3a2c2f46f5fa7e2accd4f1') in 0.0083382 seconds [static and dynamic dependencies]. Details - ImportResultOutputID=29087a678be2fb6625077c77a64938c4 DependenciesID=da90ae0f3e95a7e4205ce07ec7a7c4c6 StaticDependenciesID=489f351bcb4f963fa832d07f54669a31 
Number of updated asset objects reloaded before import = 0Number of asset objects unloaded after import = 1

========================================================================
Received Import Request.
  Time since last request: 0.000048 seconds.
  path: Assets/AddressableAssetsData/AssetGroups/Schemas/34963f7c1bf93e54f9196484126a6d7f_ContentUpdateGroupSchema.asset
  importAddress: Guid(5547cd13b730def47b62a2430358df71) Importer(2089858483,b0f066a214c2f5e87bad3c948f4d605d)
Start importing Assets/AddressableAssetsData/AssetGroups/Schemas/34963f7c1bf93e54f9196484126a6d7f_ContentUpdateGroupSchema.asset using Guid(5547cd13b730def47b62a2430358df71) Importer(2089858483,b0f066a214c2f5e87bad3c948f4d605d) (ScriptedImporter) -> (Import Result ID: '51ef5f2658a73e7216d073d58745ccf5') in 0.0044175 seconds [static and dynamic dependencies]. Details - ImportResultOutputID=117d192fbc604c39183c6fb16e2975c1 DependenciesID=09c0fb82fd23dea8aab07fbcfb723596 StaticDependenciesID=df744698e71496d543ac95fcc8d2bdad 
Number of updated asset objects reloaded before import = 0Number of asset objects unloaded after import = 1

========================================================================
Received Import Request.
  Time since last request: 0.000124 seconds.
  path: Assets/ALP_Assets/country house01/Materials/OldHouseMapWood01.mat
  importAddress: Guid(ad127cd095bb88b4c8b9b72ed871525c) Importer(2089858483,b0f066a214c2f5e87bad3c948f4d605d)
Start importing Assets/ALP_Assets/country house01/Materials/OldHouseMapWood01.mat using Guid(ad127cd095bb88b4c8b9b72ed871525c) Importer(2089858483,b0f066a214c2f5e87bad3c948f4d605d) (ScriptedImporter) -> (Import Result ID: '1ede657d8bdc8d2645149fc9ba7df1a7') in 0.0108912 seconds [static and dynamic dependencies]. Details - ImportResultOutputID=1a3ca8caaef4e63ddfee6895e1715b54 DependenciesID=f39be83d735155c64527f6d35b9bd1df StaticDependenciesID=6f6f78796c673d7539021062d6521f33 
Number of updated asset objects reloaded before import = 0Number of asset objects unloaded after import = 1

========================================================================
Received Import Request.
  Time since last request: 0.000064 seconds.
  path: Assets/TutorialInfo/Scripts/Readme.cs
  importAddress: Guid(5b5b52fee2b21a3408f69a9ee4d0ead2) Importer(2089858483,b0f066a214c2f5e87bad3c948f4d605d)
Start importing Assets/TutorialInfo/Scripts/Readme.cs using Guid(5b5b52fee2b21a3408f69a9ee4d0ead2) Importer(2089858483,b0f066a214c2f5e87bad3c948f4d605d) (ScriptedImporter) -> (Import Result ID: 'efd71f05b1f74ef93248a105fecb8119') in 0.0050846 seconds [static and dynamic dependencies]. Details - ImportResultOutputID=bf7835f43be3275b92c2926c550ac376 DependenciesID=35eb29aad61c0cfc5676aed17667984d StaticDependenciesID=7166b6087fb4820606cfcbf1516de31f 
Number of updated asset objects reloaded before import = 0Number of asset objects unloaded after import = 0

========================================================================
Received Import Request.
  Time since last request: 0.000101 seconds.
  path: Assets/Textures/Graffiti/Graffiti02.png
  importAddress: Guid(cb4eb13401bc2e14b958f7874244c899) Importer(2089858483,b0f066a214c2f5e87bad3c948f4d605d)
Start importing Assets/Textures/Graffiti/Graffiti02.png using Guid(cb4eb13401bc2e14b958f7874244c899) Importer(2089858483,b0f066a214c2f5e87bad3c948f4d605d) (ScriptedImporter) -> (Import Result ID: '849120032304fe22eee3072081fcc32a') in 0.0174184 seconds [static and dynamic dependencies]. Details - ImportResultOutputID=ed655046e69f3b2cdc2853269c85a09b DependenciesID=9c4692b8984fad98165f252930deff72 StaticDependenciesID=8f7e43f8c1d4b75f38f9ff7846a011bc 
Number of updated asset objects reloaded before import = 0Number of asset objects unloaded after import = 3

========================================================================
Received Import Request.
  Time since last request: 0.000029 seconds.
  path: Assets/TextMesh Pro/Fonts/LiberationSans.ttf
  importAddress: Guid(e3265ab4bf004d28a9537516768c1c75) Importer(2089858483,b0f066a214c2f5e87bad3c948f4d605d)
Start importing Assets/TextMesh Pro/Fonts/LiberationSans.ttf using Guid(e3265ab4bf004d28a9537516768c1c75) Importer(2089858483,b0f066a214c2f5e87bad3c948f4d605d) (ScriptedImporter) -> (Import Result ID: '4b83c53ce47b20bd6b89284cbc51aefe') in 0.0116534 seconds [static and dynamic dependencies]. Details - ImportResultOutputID=25d60b345a74fcc964fd243166ec63df DependenciesID=035077e396e9afcd1945c31a24a3728b StaticDependenciesID=8d7b10ba804405d2fb9a467f6d8c5b4f 
Number of updated asset objects reloaded before import = 0Number of asset objects unloaded after import = 3

========================================================================
Received Import Request.
  Time since last request: 0.000029 seconds.
  path: Assets/AddressableAssetsData/AssetGroups/Schemas/ecc31cf11925dff4aa3d8130ac62b218_ContentUpdateGroupSchema.asset
  importAddress: Guid(15f267499226fec4796769c20387e637) Importer(2089858483,b0f066a214c2f5e87bad3c948f4d605d)
Start importing Assets/AddressableAssetsData/AssetGroups/Schemas/ecc31cf11925dff4aa3d8130ac62b218_ContentUpdateGroupSchema.asset using Guid(15f267499226fec4796769c20387e637) Importer(2089858483,b0f066a214c2f5e87bad3c948f4d605d) (ScriptedImporter) -> (Import Result ID: 'ede917a9d6df083015e359e244de248a') in 0.0052037 seconds [static and dynamic dependencies]. Details - ImportResultOutputID=ac4331055a76e38ef3d87570b5f6565a DependenciesID=548e74917320c797635679034f536c1b StaticDependenciesID=9dd564eb4515805ad8fea20d09cb556b 
Number of updated asset objects reloaded before import = 0Number of asset objects unloaded after import = 1

========================================================================
Received Import Request.
  Time since last request: 0.000073 seconds.
  path: Assets/AddressableAssetsData/AssetGroups/Schemas/6da73523aa5283d4582ef072976f7b42_ContentUpdateGroupSchema.asset
  importAddress: Guid(791fb63850b0efe479726783edc072ea) Importer(2089858483,b0f066a214c2f5e87bad3c948f4d605d)
Start importing Assets/AddressableAssetsData/AssetGroups/Schemas/6da73523aa5283d4582ef072976f7b42_ContentUpdateGroupSchema.asset using Guid(791fb63850b0efe479726783edc072ea) Importer(2089858483,b0f066a214c2f5e87bad3c948f4d605d) (ScriptedImporter) -> (Import Result ID: 'a423d9f6c6d8fdf937b7fd7e8845cbf0') in 0.0058405 seconds [static and dynamic dependencies]. Details - ImportResultOutputID=7c77f198d138c373f98721f182b329da DependenciesID=0304280090442a24e884385dba42d15a StaticDependenciesID=8fd37e13c369e2a2c9f28c7c468bfdcb 
Number of updated asset objects reloaded before import = 0Number of asset objects unloaded after import = 1

========================================================================
Received Import Request.
  Time since last request: 0.000130 seconds.
  path: Assets/StarterAssets/InputSystem/StarterAssetsInputs.cs
  importAddress: Guid(e087ecce43ebbff45a1b360637807d93) Importer(2089858483,b0f066a214c2f5e87bad3c948f4d605d)
Start importing Assets/StarterAssets/InputSystem/StarterAssetsInputs.cs using Guid(e087ecce43ebbff45a1b360637807d93) Importer(2089858483,b0f066a214c2f5e87bad3c948f4d605d) (ScriptedImporter) -> (Import Result ID: '38ae00185a9c10a23ab3a170eb2eceec') in 0.0056867 seconds [static and dynamic dependencies]. Details - ImportResultOutputID=a07aa1986d419a6dd266ca514b642063 DependenciesID=b2896b46ad8770d11468285cda41f502 StaticDependenciesID=e034fe01a6adb4cdc68e17d85939fb43 
Number of updated asset objects reloaded before import = 0Number of asset objects unloaded after import = 0

========================================================================
Received Import Request.
  Time since last request: 0.000091 seconds.
  path: Assets/TextMesh Pro/Shaders/TMP_SDF-Surface.shader
  importAddress: Guid(f7ada0af4f174f0694ca6a487b8f543d) Importer(2089858483,b0f066a214c2f5e87bad3c948f4d605d)
Start importing Assets/TextMesh Pro/Shaders/TMP_SDF-Surface.shader using Guid(f7ada0af4f174f0694ca6a487b8f543d) Importer(2089858483,b0f066a214c2f5e87bad3c948f4d605d) (ScriptedImporter) -> (Import Result ID: '2610028e8813221671e130f9e6303e24') in 0.0065779 seconds [static and dynamic dependencies]. Details - ImportResultOutputID=b4647cb47b2dc945db268e1e6d92b80b DependenciesID=fdacfda39366ab1b6fa3f40c20a9a1c8 StaticDependenciesID=4be9fe2bc8c8a5e12a808b7d050f93d3 
Number of updated asset objects reloaded before import = 0Number of asset objects unloaded after import = 1

========================================================================
Received Import Request.
  Time since last request: 0.000075 seconds.
  path: Assets/AddressableAssetsData/AssetGroups/Schemas/89278b1b8bdb81c4996129605154b1d9_ContentUpdateGroupSchema.asset
  importAddress: Guid(025fae613a04243428f577ad1ee50562) Importer(2089858483,b0f066a214c2f5e87bad3c948f4d605d)
Start importing Assets/AddressableAssetsData/AssetGroups/Schemas/89278b1b8bdb81c4996129605154b1d9_ContentUpdateGroupSchema.asset using Guid(025fae613a04243428f577ad1ee50562) Importer(2089858483,b0f066a214c2f5e87bad3c948f4d605d) (ScriptedImporter) -> (Import Result ID: 'f349342ca1cc61183772b223cda47ae7') in 0.0086528 seconds [static and dynamic dependencies]. Details - ImportResultOutputID=823f22de30fd19c4375d48669dd541cb DependenciesID=3f1377a1c2815341951165c064b19205 StaticDependenciesID=721e62b0a2a8c1a87ef25a21c01b604a 
Number of updated asset objects reloaded before import = 0Number of asset objects unloaded after import = 1

========================================================================
Received Import Request.
  Time since last request: 0.000025 seconds.
  path: Assets/AddressableAssetsData/AssetGroups/Schemas/ecca703ac90113346a3923a505db5daa_ContentUpdateGroupSchema.asset
  importAddress: Guid(7d63c35d7e6b1074bbb50e55baf660e6) Importer(2089858483,b0f066a214c2f5e87bad3c948f4d605d)
Start importing Assets/AddressableAssetsData/AssetGroups/Schemas/ecca703ac90113346a3923a505db5daa_ContentUpdateGroupSchema.asset using Guid(7d63c35d7e6b1074bbb50e55baf660e6) Importer(2089858483,b0f066a214c2f5e87bad3c948f4d605d) (ScriptedImporter) -> (Import Result ID: '951b22b96cc509de036d4a3d338f1c83') in 0.0047487 seconds [static and dynamic dependencies]. Details - ImportResultOutputID=18afb87a5de89b03e7f3bb55337f2aa3 DependenciesID=a8264dbf34e807801132a08080d19cc2 StaticDependenciesID=f236cb9508410ab349138a60cb94fc37 
Number of updated asset objects reloaded before import = 0Number of asset objects unloaded after import = 1

========================================================================
Received Import Request.
  Time since last request: 0.000088 seconds.
  path: Assets/Textures/Graffiti/b11.png
  importAddress: Guid(ea17c47335a86b94e89d2dfa03be01aa) Importer(2089858483,b0f066a214c2f5e87bad3c948f4d605d)
Start importing Assets/Textures/Graffiti/b11.png using Guid(ea17c47335a86b94e89d2dfa03be01aa) Importer(2089858483,b0f066a214c2f5e87bad3c948f4d605d) (ScriptedImporter) -> (Import Result ID: '2dbc2894aee2676e764c6bfbc21114c2') in 0.0205767 seconds [static and dynamic dependencies]. Details - ImportResultOutputID=d186c7909879331f76552a0542655b6a DependenciesID=0eb8ae0ba61ba847394796ead8a54ecc StaticDependenciesID=831308a357b648d11160656bfef672e7 
Number of updated asset objects reloaded before import = 0Number of asset objects unloaded after import = 3

========================================================================
Received Import Request.
  Time since last request: 0.000021 seconds.
  path: Assets/ALP_Assets/country house01/Materials/New Material.mat
  importAddress: Guid(3fd0805e8dc454844ae22682f7b8730b) Importer(2089858483,b0f066a214c2f5e87bad3c948f4d605d)
Start importing Assets/ALP_Assets/country house01/Materials/New Material.mat using Guid(3fd0805e8dc454844ae22682f7b8730b) Importer(2089858483,b0f066a214c2f5e87bad3c948f4d605d) (ScriptedImporter) -> (Import Result ID: '5eee08e02b53ca2651c9cb17aefa7d92') in 0.0060957 seconds [static and dynamic dependencies]. Details - ImportResultOutputID=6252bd9a57d4a6fc49b2dd9b38c3705f DependenciesID=cb5d1d8bb90b640197f937cd54b48137 StaticDependenciesID=e6fc3da8d7400802750214912462b1ed 
Number of updated asset objects reloaded before import = 0Number of asset objects unloaded after import = 1

========================================================================
Received Import Request.
  Time since last request: 0.000092 seconds.
  path: Assets/TextMesh Pro/Shaders/TMP_SDF-URP Lit.shadergraph
  importAddress: Guid(a3d800b099a06e0478fb790c5e79057a) Importer(2089858483,b0f066a214c2f5e87bad3c948f4d605d)
Start importing Assets/TextMesh Pro/Shaders/TMP_SDF-URP Lit.shadergraph using Guid(a3d800b099a06e0478fb790c5e79057a) Importer(2089858483,b0f066a214c2f5e87bad3c948f4d605d) (ScriptedImporter) -> (Import Result ID: '798af7dc10bd91e98bf4ca58d3c51a4b') in 0.0095343 seconds [static and dynamic dependencies]. Details - ImportResultOutputID=82cbaa69353c089c6209bd1e1bc01e57 DependenciesID=eba4c844979062d470c739f308d4f02a StaticDependenciesID=862a4b64adc3cbc3af4bdbed03dcd58a 
Number of updated asset objects reloaded before import = 0Number of asset objects unloaded after import = 1

========================================================================
Received Import Request.
  Time since last request: 0.000029 seconds.
  path: Assets/TextMesh Pro/Shaders/TMP_SDF-Mobile Overlay.shader
  importAddress: Guid(a02a7d8c237544f1962732b55a9aebf1) Importer(2089858483,b0f066a214c2f5e87bad3c948f4d605d)
Start importing Assets/TextMesh Pro/Shaders/TMP_SDF-Mobile Overlay.shader using Guid(a02a7d8c237544f1962732b55a9aebf1) Importer(2089858483,b0f066a214c2f5e87bad3c948f4d605d) (ScriptedImporter) -> (Import Result ID: 'c9c1a26585d59370596d411a2236221e') in 0.0103342 seconds [static and dynamic dependencies]. Details - ImportResultOutputID=2b14b6ba7a598dd0aafa40ebd910f3c5 DependenciesID=dba8babbb889a01ab1b10b9516bbd1c6 StaticDependenciesID=0cd9ea97f68392fe6cbce5de52c408ad 
Number of updated asset objects reloaded before import = 0Number of asset objects unloaded after import = 1

========================================================================
Received Import Request.
  Time since last request: 0.000106 seconds.
  path: Assets/Textures/Graffiti/Graffiti11.png
  importAddress: Guid(7e59919583afb9341a72173ebbac3fcd) Importer(2089858483,b0f066a214c2f5e87bad3c948f4d605d)
Start importing Assets/Textures/Graffiti/Graffiti11.png using Guid(7e59919583afb9341a72173ebbac3fcd) Importer(2089858483,b0f066a214c2f5e87bad3c948f4d605d) (ScriptedImporter) -> (Import Result ID: 'b5b8713f54f8c2ba4f80cf3b496fed0b') in 0.0151788 seconds [static and dynamic dependencies]. Details - ImportResultOutputID=67bf4b4a0567a1563123db29d9546522 DependenciesID=248f883b3a32f585fa88ad408820b1a3 StaticDependenciesID=0c9ae5f04719b52baaa6a045467f8f1b 
Number of updated asset objects reloaded before import = 0Number of asset objects unloaded after import = 3

========================================================================
Received Import Request.
  Time since last request: 0.000027 seconds.
  path: Assets/Sounds/Stems/STEMSSpeed3StringsMono.ogg
  importAddress: Guid(e5b9826496c6c0141801fef8a5a0eeab) Importer(2089858483,b0f066a214c2f5e87bad3c948f4d605d)
Start importing Assets/Sounds/Stems/STEMSSpeed3StringsMono.ogg using Guid(e5b9826496c6c0141801fef8a5a0eeab) Importer(2089858483,b0f066a214c2f5e87bad3c948f4d605d) (ScriptedImporter) -> (Import Result ID: '7fda2cdc67ecc2e48ef73513f042c946') in 0.3106118 seconds [static and dynamic dependencies]. Details - ImportResultOutputID=15f289541e073a0f594a6d15d97bdb8d DependenciesID=3d99f488ec1f6189a9e3e1f18ed8125e StaticDependenciesID=eab3d912183257333bb051bf67f6a98c 
Number of updated asset objects reloaded before import = 0Number of asset objects unloaded after import = 1

========================================================================
Received Import Request.
  Time since last request: 0.000039 seconds.
  path: Assets/ALP_Assets/country house01/Prefabs/Door01_pr.prefab
  importAddress: Guid(2d52b71e89a086a47873fd6961dd08cc) Importer(2089858483,b0f066a214c2f5e87bad3c948f4d605d)
Start importing Assets/ALP_Assets/country house01/Prefabs/Door01_pr.prefab using Guid(2d52b71e89a086a47873fd6961dd08cc) Importer(2089858483,b0f066a214c2f5e87bad3c948f4d605d) (ScriptedImporter) -> (Import Result ID: '454fe9f8144af6570760e4ee12764130') in 0.0181679 seconds [static and dynamic dependencies]. Details - ImportResultOutputID=083b99949195d3ffec94736df0e99721 DependenciesID=11e232119045172d3018775ed92ed726 StaticDependenciesID=6bd1adba41505418aab5ab5f427fbb90 
Number of updated asset objects reloaded before import = 0Number of asset objects unloaded after import = 22

========================================================================
Received Import Request.
  Time since last request: 0.000036 seconds.
  path: Assets/ALP_Assets/country house01/Textures/DoorsMap01_AO.png
  importAddress: Guid(04b5ccdfd83e9de40ab846fd4686359c) Importer(2089858483,b0f066a214c2f5e87bad3c948f4d605d)
Start importing Assets/ALP_Assets/country house01/Textures/DoorsMap01_AO.png using Guid(04b5ccdfd83e9de40ab846fd4686359c) Importer(2089858483,b0f066a214c2f5e87bad3c948f4d605d) (ScriptedImporter) -> (Import Result ID: '7ffb534ac77bdaf9d81542fc7a01061a') in 0.0194435 seconds [static and dynamic dependencies]. Details - ImportResultOutputID=c31e9d18f50803bf8aa1e641a06b7f7c DependenciesID=8383f44d94d5f884a566ba7596afc2d4 StaticDependenciesID=031d930164cad36a87fd711471f80d25 
Number of updated asset objects reloaded before import = 0Number of asset objects unloaded after import = 1

========================================================================
Received Import Request.
  Time since last request: 0.000105 seconds.
  path: Assets/ALP_Assets/country house01/Textures/WindowMap01.png
  importAddress: Guid(fd1e83bd3c61ea2419aff856d14a7715) Importer(2089858483,b0f066a214c2f5e87bad3c948f4d605d)
Start importing Assets/ALP_Assets/country house01/Textures/WindowMap01.png using Guid(fd1e83bd3c61ea2419aff856d14a7715) Importer(2089858483,b0f066a214c2f5e87bad3c948f4d605d) (ScriptedImporter) -> (Import Result ID: '7fc45300535ea5b3af0c52552390842c') in 0.030556 seconds [static and dynamic dependencies]. Details - ImportResultOutputID=cb83294cc1522749c7ab6b9bbb4b1c5c DependenciesID=8de06feab509b0a89d3b341edf39922f StaticDependenciesID=bc678b592e85e76a8db181337ac9cfc3 
Number of updated asset objects reloaded before import = 0Number of asset objects unloaded after import = 1

========================================================================
Received Import Request.
  Time since last request: 0.000078 seconds.
  path: Assets/ALP_Assets/country house01/Textures/Metal01.png
  importAddress: Guid(ab8f4e9aed7535c4e964bc136056fcc7) Importer(2089858483,b0f066a214c2f5e87bad3c948f4d605d)
Start importing Assets/ALP_Assets/country house01/Textures/Metal01.png using Guid(ab8f4e9aed7535c4e964bc136056fcc7) Importer(2089858483,b0f066a214c2f5e87bad3c948f4d605d) (ScriptedImporter) -> (Import Result ID: '5b322a1c10e1ce49994fbd991c345e33') in 0.0152627 seconds [static and dynamic dependencies]. Details - ImportResultOutputID=895cfef9b2f9c4eddcbea411e90dc7dd DependenciesID=cbc07ec5dceb57d31549dc3bc1a949a7 StaticDependenciesID=a5086fe86713d14e9e79f3c2d20ff45f 
Number of updated asset objects reloaded before import = 0Number of asset objects unloaded after import = 1

========================================================================
Received Import Request.
  Time since last request: 0.000066 seconds.
  path: Assets/ALP_Assets/country house01/Textures/WoodPlank01_R.png
  importAddress: Guid(03205af64509ef349bad811fc17b2dad) Importer(2089858483,b0f066a214c2f5e87bad3c948f4d605d)
Start importing Assets/ALP_Assets/country house01/Textures/WoodPlank01_R.png using Guid(03205af64509ef349bad811fc17b2dad) Importer(2089858483,b0f066a214c2f5e87bad3c948f4d605d) (ScriptedImporter) -> (Import Result ID: '1d2b10621dab7cb1a92b6cb9829a6f84') in 0.0255306 seconds [static and dynamic dependencies]. Details - ImportResultOutputID=cbfe445126d4e8ab6a31a890c8385c4a DependenciesID=ce2e4ee04dbac16cf8b03ec7ea1c2e17 StaticDependenciesID=69f8248d19fc990ea7b329cffdb6ed71 
Number of updated asset objects reloaded before import = 0Number of asset objects unloaded after import = 1

========================================================================
Received Import Request.
  Time since last request: 0.000051 seconds.
  path: Assets/ALP_Assets/country house01/Prefabs/House_Prefab.prefab
  importAddress: Guid(0b26cd811d173394ea7ee69051b77c63) Importer(2089858483,b0f066a214c2f5e87bad3c948f4d605d)
Start importing Assets/ALP_Assets/country house01/Prefabs/House_Prefab.prefab using Guid(0b26cd811d173394ea7ee69051b77c63) Importer(2089858483,b0f066a214c2f5e87bad3c948f4d605d) (ScriptedImporter) -> (Import Result ID: '65b9893be3b101e5378ce2226719cb92') in 0.0286141 seconds [static and dynamic dependencies]. Details - ImportResultOutputID=42277763a45fb71f55601ceec69f3a3a DependenciesID=0793c515b13e5e84c09424911c5333db StaticDependenciesID=7ed5efe005f77953924e853c38268809 
Number of updated asset objects reloaded before import = 0Number of asset objects unloaded after import = 314

========================================================================
Received Import Request.
  Time since last request: 0.000034 seconds.
  path: Assets/ALP_Assets/country house01/Models/Door01.fbx
  importAddress: Guid(5381912f22f2e044db439d7fe95c968d) Importer(2089858483,b0f066a214c2f5e87bad3c948f4d605d)
Start importing Assets/ALP_Assets/country house01/Models/Door01.fbx using Guid(5381912f22f2e044db439d7fe95c968d) Importer(2089858483,b0f066a214c2f5e87bad3c948f4d605d) (ScriptedImporter)MaterialLocation.External is obsolete. External Material Location is no longer supported. (Assets/ALP_Assets/country house01/Models/Door01.fbx)
 -> (Import Result ID: 'b57d379fde312588bf817e6c68a50de1') in 0.0256651 seconds [static and dynamic dependencies]. Details - ImportResultOutputID=51a98d3102fb075bd9ef624855cb90e0 DependenciesID=550f3876f1b0233b937da9889a77ed31 StaticDependenciesID=f708a53d4431caf3d97a6cd8ca1b4b27 
Number of updated asset objects reloaded before import = 0Number of asset objects unloaded after import = 28

========================================================================
Received Import Request.
  Time since last request: 0.000051 seconds.
  path: Assets/ALP_Assets/country house01/Textures/OldHouseMapWood01_Green.png
  importAddress: Guid(96448ea5c7cca06438db9569b2a01318) Importer(2089858483,b0f066a214c2f5e87bad3c948f4d605d)
Start importing Assets/ALP_Assets/country house01/Textures/OldHouseMapWood01_Green.png using Guid(96448ea5c7cca06438db9569b2a01318) Importer(2089858483,b0f066a214c2f5e87bad3c948f4d605d) (ScriptedImporter) -> (Import Result ID: '00a28ed600b01ac8190468b71984358a') in 0.0283339 seconds [static and dynamic dependencies]. Details - ImportResultOutputID=6c4ea74c17bd7a98f7b8e445f2d289d5 DependenciesID=a0d0c301c2812d793429cba97213f836 StaticDependenciesID=96a6a12118432c6cb92ee341a1e5b440 
Number of updated asset objects reloaded before import = 0Number of asset objects unloaded after import = 1

========================================================================
Received Import Request.
  Time since last request: 0.000039 seconds.
  path: Assets/ALP_Assets/country house01/Textures/Glass.png
  importAddress: Guid(48de3b2447a57864785ff8919e5ac9b6) Importer(2089858483,b0f066a214c2f5e87bad3c948f4d605d)
Start importing Assets/ALP_Assets/country house01/Textures/Glass.png using Guid(48de3b2447a57864785ff8919e5ac9b6) Importer(2089858483,b0f066a214c2f5e87bad3c948f4d605d) (ScriptedImporter) -> (Import Result ID: 'a23223fde000f1a241ab39e3c20c44ce') in 0.0154901 seconds [static and dynamic dependencies]. Details - ImportResultOutputID=6b4516e62a6b854a6c0c0f0de9dda024 DependenciesID=fae391f414a45c93f287f88d332d0897 StaticDependenciesID=f98a557b150ae7d747bb1cd8464342a5 
Number of updated asset objects reloaded before import = 0Number of asset objects unloaded after import = 1

========================================================================
Received Import Request.
  Time since last request: 0.000093 seconds.
  path: Assets/ALP_Assets/country house01/Textures/WoodPlank01_AO.png
  importAddress: Guid(ac169e092e546ff4daf5ab21bc0f0573) Importer(2089858483,b0f066a214c2f5e87bad3c948f4d605d)
Start importing Assets/ALP_Assets/country house01/Textures/WoodPlank01_AO.png using Guid(ac169e092e546ff4daf5ab21bc0f0573) Importer(2089858483,b0f066a214c2f5e87bad3c948f4d605d) (ScriptedImporter) -> (Import Result ID: '8a7d8d9d84c71061c219ab0e3702bd4d') in 0.0237394 seconds [static and dynamic dependencies]. Details - ImportResultOutputID=35b8a527d9482b8324e99eac12e79ccd DependenciesID=b17fc7646ce7b6c5bc988df50bee8547 StaticDependenciesID=c277628871832ea34f93bbf3f40dd1ca 
Number of updated asset objects reloaded before import = 0Number of asset objects unloaded after import = 1

========================================================================
Received Import Request.
  Time since last request: 0.000083 seconds.
  path: Assets/ALP_Assets/country house01/Models/Doors.fbx
  importAddress: Guid(66e1e8886a45bf44893f8dc3927f6cbb) Importer(2089858483,b0f066a214c2f5e87bad3c948f4d605d)
Start importing Assets/ALP_Assets/country house01/Models/Doors.fbx using Guid(66e1e8886a45bf44893f8dc3927f6cbb) Importer(2089858483,b0f066a214c2f5e87bad3c948f4d605d) (ScriptedImporter)MaterialLocation.External is obsolete. External Material Location is no longer supported. (Assets/ALP_Assets/country house01/Models/Doors.fbx)
 -> (Import Result ID: 'f0a50d5d7cbd33db7a74d8a3c0822aaa') in 0.0179765 seconds [static and dynamic dependencies]. Details - ImportResultOutputID=8d179c4dc6def12f2a95f84a3f07f3bd DependenciesID=8acb240e4f23940e7ff5e6ab8418541d StaticDependenciesID=f6d6be6ca59f119190e55d86363bd4f1 
Number of updated asset objects reloaded before import = 0Number of asset objects unloaded after import = 28

========================================================================
Received Import Request.
  Time since last request: 0.000022 seconds.
  path: Assets/ALP_Assets/country house01/Textures/OldHouseMapWood02.png
  importAddress: Guid(6fa8e6fb017c7ca4d9cccee71743d6ff) Importer(2089858483,b0f066a214c2f5e87bad3c948f4d605d)
Start importing Assets/ALP_Assets/country house01/Textures/OldHouseMapWood02.png using Guid(6fa8e6fb017c7ca4d9cccee71743d6ff) Importer(2089858483,b0f066a214c2f5e87bad3c948f4d605d) (ScriptedImporter) -> (Import Result ID: 'dd982a4b7246171dd1f89ca0ce536004') in 0.0239449 seconds [static and dynamic dependencies]. Details - ImportResultOutputID=c79285443170dcfdc99820bb03d2c8c3 DependenciesID=c97ce96a2f0c378d7b34e7f94e557ccc StaticDependenciesID=eaf47b98017ad20e587fcdc1a319d85f 
Number of updated asset objects reloaded before import = 0Number of asset objects unloaded after import = 1

========================================================================
Received Import Request.
  Time since last request: 0.000139 seconds.
  path: Assets/ALP_Assets/country house01/Textures/OldHouseMapWood02_N.png
  importAddress: Guid(044051e895bb65249b20b2baeda69b2f) Importer(2089858483,b0f066a214c2f5e87bad3c948f4d605d)
Start importing Assets/ALP_Assets/country house01/Textures/OldHouseMapWood02_N.png using Guid(044051e895bb65249b20b2baeda69b2f) Importer(2089858483,b0f066a214c2f5e87bad3c948f4d605d) (ScriptedImporter) -> (Import Result ID: '050a3ec719525fe4abedff6754f5c2f1') in 0.0452605 seconds [static and dynamic dependencies]. Details - ImportResultOutputID=12ab7409cc27c06b9360297712491423 DependenciesID=cac252ae727b53400aa0e42839cdb2f4 StaticDependenciesID=ee0216bb15c518ad4d488a2589d20640 
Number of updated asset objects reloaded before import = 0Number of asset objects unloaded after import = 1

========================================================================
Received Import Request.
  Time since last request: 0.000047 seconds.
  path: Assets/TextMesh Pro/Resources/LineBreaking Leading Characters.txt
  importAddress: Guid(d82c1b31c7e74239bff1220585707d2b) Importer(2089858483,b0f066a214c2f5e87bad3c948f4d605d)
Start importing Assets/TextMesh Pro/Resources/LineBreaking Leading Characters.txt using Guid(d82c1b31c7e74239bff1220585707d2b) Importer(2089858483,b0f066a214c2f5e87bad3c948f4d605d) (ScriptedImporter) -> (Import Result ID: 'a26dab2007bbf386f21ed0cdd1eccde1') in 0.0059056 seconds [static and dynamic dependencies]. Details - ImportResultOutputID=a4c4a5dd02411d1791ab9bec1bbb4c9b DependenciesID=b4b57beeb4264a473032fc54487d3946 StaticDependenciesID=dda605278c247b9c3f7e62e1f27042f7 
Number of updated asset objects reloaded before import = 0Number of asset objects unloaded after import = 1

========================================================================
Received Import Request.
  Time since last request: 0.000081 seconds.
  path: Assets/AddressableAssetsData/AssetGroups/Schemas/ecc31cf11925dff4aa3d8130ac62b218_BundledAssetGroupSchema.asset
  importAddress: Guid(d00b3dd125fb3e142b299a6e92bb2d0c) Importer(2089858483,b0f066a214c2f5e87bad3c948f4d605d)
Start importing Assets/AddressableAssetsData/AssetGroups/Schemas/ecc31cf11925dff4aa3d8130ac62b218_BundledAssetGroupSchema.asset using Guid(d00b3dd125fb3e142b299a6e92bb2d0c) Importer(2089858483,b0f066a214c2f5e87bad3c948f4d605d) (ScriptedImporter) -> (Import Result ID: 'd366df2971d0e26975e4c65c622ab6e0') in 0.0074332 seconds [static and dynamic dependencies]. Details - ImportResultOutputID=9b02728edef631b9db5eefb0752ec204 DependenciesID=a9958886ab3b573e77fe22cbf8934710 StaticDependenciesID=c14a77338138095ee3e37b95f23800d8 
Number of updated asset objects reloaded before import = 0Number of asset objects unloaded after import = 1

========================================================================
Received Import Request.
  Time since last request: 0.000081 seconds.
  path: Assets/ALP_Assets/country house01/Textures/WoodPlank01.png
  importAddress: Guid(de6799a05f6ef9143a431ab67f80c385) Importer(2089858483,b0f066a214c2f5e87bad3c948f4d605d)
Start importing Assets/ALP_Assets/country house01/Textures/WoodPlank01.png using Guid(de6799a05f6ef9143a431ab67f80c385) Importer(2089858483,b0f066a214c2f5e87bad3c948f4d605d) (ScriptedImporter) -> (Import Result ID: 'a56ac084e8302686ebd6a601fe58e5a7') in 0.0142088 seconds [static and dynamic dependencies]. Details - ImportResultOutputID=20b3f62b55cea5be4419290560a91bcc DependenciesID=136c399c2fb71fabe0a2070c73e981df StaticDependenciesID=0a2868165fe704908973bcd82e463e7d 
Number of updated asset objects reloaded before import = 0Number of asset objects unloaded after import = 1

========================================================================
Received Import Request.
  Time since last request: 0.000046 seconds.
  path: Assets/TextMesh Pro/Shaders/TMP_SDF-Mobile.shader
  importAddress: Guid(fe393ace9b354375a9cb14cdbbc28be4) Importer(2089858483,b0f066a214c2f5e87bad3c948f4d605d)
Start importing Assets/TextMesh Pro/Shaders/TMP_SDF-Mobile.shader using Guid(fe393ace9b354375a9cb14cdbbc28be4) Importer(2089858483,b0f066a214c2f5e87bad3c948f4d605d) (ScriptedImporter) -> (Import Result ID: 'e2380d37f02745159151e397367d70f1') in 0.0105114 seconds [static and dynamic dependencies]. Details - ImportResultOutputID=a21638bf679d0b12ad2d31e706c9c601 DependenciesID=f825658a74829254c0f2c0629933d5bc StaticDependenciesID=fc7b77840337b8921620e800bb6e7ccb 
Number of updated asset objects reloaded before import = 0Number of asset objects unloaded after import = 1

========================================================================
Received Import Request.
  Time since last request: 0.000033 seconds.
  path: Assets/Sounds/Stems/STEMSMainTrackMono.ogg
  importAddress: Guid(b341b9410b3c5274e8b15199f3b95fb5) Importer(2089858483,b0f066a214c2f5e87bad3c948f4d605d)
Start importing Assets/Sounds/Stems/STEMSMainTrackMono.ogg using Guid(b341b9410b3c5274e8b15199f3b95fb5) Importer(2089858483,b0f066a214c2f5e87bad3c948f4d605d) (ScriptedImporter) -> (Import Result ID: '2c0f9d752c46426c7a11af4ed6bfbfe1') in 0.3694956 seconds [static and dynamic dependencies]. Details - ImportResultOutputID=714f9fe93e8eb53c7e050c31bc6bc6e0 DependenciesID=219ede548806c04b200de9e684cc3a28 StaticDependenciesID=ca25a41bdc80afaa7c0cef0ffcde4e15 
Number of updated asset objects reloaded before import = 0Number of asset objects unloaded after import = 1

========================================================================
Received Import Request.
  Time since last request: 0.000031 seconds.
  path: Assets/MobileDependencyResolver/Editor/1.2.185/Google.JarResolver.pdb
  importAddress: Guid(b7140e00752144509139e18bcf3536b6) Importer(2089858483,b0f066a214c2f5e87bad3c948f4d605d)
Start importing Assets/MobileDependencyResolver/Editor/1.2.185/Google.JarResolver.pdb using Guid(b7140e00752144509139e18bcf3536b6) Importer(2089858483,b0f066a214c2f5e87bad3c948f4d605d) (ScriptedImporter) -> (Import Result ID: 'd1dcfcaabd24973bb69bddc8c4371ab1') in 0.0042422 seconds [static and dynamic dependencies]. Details - ImportResultOutputID=0b647925f25022fe1c8fda42a9f20fe9 DependenciesID=f4bc808b2281d7c865bb62eebbeabede StaticDependenciesID=ab707ce78345959b9d250da0cc8c4ed3 
Number of updated asset objects reloaded before import = 0Number of asset objects unloaded after import = 1

========================================================================
Received Import Request.
  Time since last request: 0.000050 seconds.
  path: Assets/MobileDependencyResolver/Editor/1.2.185/Google.PackageManagerResolver.pdb
  importAddress: Guid(fe36d59fa4564be0986ad5ccdace6551) Importer(2089858483,b0f066a214c2f5e87bad3c948f4d605d)
Start importing Assets/MobileDependencyResolver/Editor/1.2.185/Google.PackageManagerResolver.pdb using Guid(fe36d59fa4564be0986ad5ccdace6551) Importer(2089858483,b0f066a214c2f5e87bad3c948f4d605d) (ScriptedImporter) -> (Import Result ID: '12f0d22d2e1aaa416ccac7109fe35ade') in 0.0076041 seconds [static and dynamic dependencies]. Details - ImportResultOutputID=3f88aca40cf18d9076b7314c2d9b080a DependenciesID=dacd8b1701660e6d26ebbb0a01a5ca96 StaticDependenciesID=5a680d594ae2b74234d5fef0e86764f9 
Number of updated asset objects reloaded before import = 0Number of asset objects unloaded after import = 1

========================================================================
Received Import Request.
  Time since last request: 0.000060 seconds.
  path: Assets/Sounds/SFX/Cat/CatJump.ogg
  importAddress: Guid(819da6b208e0c0342b38dbbba363b740) Importer(2089858483,b0f066a214c2f5e87bad3c948f4d605d)
Start importing Assets/Sounds/SFX/Cat/CatJump.ogg using Guid(819da6b208e0c0342b38dbbba363b740) Importer(2089858483,b0f066a214c2f5e87bad3c948f4d605d) (ScriptedImporter) -> (Import Result ID: '2af01ce4d5d27669a4b207b6daf853f2') in 0.0054645 seconds [static and dynamic dependencies]. Details - ImportResultOutputID=7483c2c5d1d9104e39b0caaccfb9e0a4 DependenciesID=b947f1a6370a1ab1d6e260fe5df5f1c8 StaticDependenciesID=055248b4ff83ee82d2471ecd270eb21d 
Number of updated asset objects reloaded before import = 0Number of asset objects unloaded after import = 1

========================================================================
Received Import Request.
  Time since last request: 0.000077 seconds.
  path: Assets/Scripts/Consumable/Types/ExtraLife.cs
  importAddress: Guid(083a2e2fab42d2d44b6a956a2915611b) Importer(2089858483,b0f066a214c2f5e87bad3c948f4d605d)
Start importing Assets/Scripts/Consumable/Types/ExtraLife.cs using Guid(083a2e2fab42d2d44b6a956a2915611b) Importer(2089858483,b0f066a214c2f5e87bad3c948f4d605d) (ScriptedImporter) -> (Import Result ID: '082dcb856ec9ba0a9589de5761fab3f4') in 0.0073115 seconds [static and dynamic dependencies]. Details - ImportResultOutputID=312e697037c8e7583c4ac98d03e12ce0 DependenciesID=a755ed6948247a23b0fc52643928ef61 StaticDependenciesID=409d23ccf8de1fab3c20297d4df226e6 
Number of updated asset objects reloaded before import = 0Number of asset objects unloaded after import = 0

========================================================================
Received Import Request.
  Time since last request: 0.000141 seconds.
  path: Assets/MobileDependencyResolver/Editor/1.2.185/Google.PackageManagerResolver.dll
  importAddress: Guid(bf27b3f704244da0af729a6737adb7f1) Importer(2089858483,b0f066a214c2f5e87bad3c948f4d605d)
Start importing Assets/MobileDependencyResolver/Editor/1.2.185/Google.PackageManagerResolver.dll using Guid(bf27b3f704244da0af729a6737adb7f1) Importer(2089858483,b0f066a214c2f5e87bad3c948f4d605d) (ScriptedImporter) -> (Import Result ID: '1a0703254f3f581218d675ca0f38203e') in 0.005566 seconds [static and dynamic dependencies]. Details - ImportResultOutputID=879eb68bddc3e82d324024d9625bec2f DependenciesID=9d0f250c826764c1202d9754d4b6b8b6 StaticDependenciesID=94a1bef7d6f3c64db31cd3a5da6dbf0d 
Number of updated asset objects reloaded before import = 0Number of asset objects unloaded after import = 0

========================================================================
Received Import Request.
  Time since last request: 0.000079 seconds.
  path: Assets/Scripts/UI/Shop/ShopList.cs
  importAddress: Guid(ffe1990268a46ac4a8f2ae0bd2aa35d8) Importer(2089858483,b0f066a214c2f5e87bad3c948f4d605d)
Start importing Assets/Scripts/UI/Shop/ShopList.cs using Guid(ffe1990268a46ac4a8f2ae0bd2aa35d8) Importer(2089858483,b0f066a214c2f5e87bad3c948f4d605d) (ScriptedImporter) -> (Import Result ID: '5fa606f16db0d7301fa64e2b80e711cc') in 0.0090872 seconds [static and dynamic dependencies]. Details - ImportResultOutputID=e05b76affada1053f15ff22f31ec0227 DependenciesID=03fdd90b925bb228582464ede43d0cf7 StaticDependenciesID=e0ae04fff54857e8c98f783bf4bd4aa2 
Number of updated asset objects reloaded before import = 0Number of asset objects unloaded after import = 0

========================================================================
Received Import Request.
  Time since last request: 0.000114 seconds.
  path: Assets/Sounds/SFX/Raccoon/RaccoonHurt.ogg
  importAddress: Guid(f1f380e6712a73441aa3816d6747a3dd) Importer(2089858483,b0f066a214c2f5e87bad3c948f4d605d)
Start importing Assets/Sounds/SFX/Raccoon/RaccoonHurt.ogg using Guid(f1f380e6712a73441aa3816d6747a3dd) Importer(2089858483,b0f066a214c2f5e87bad3c948f4d605d) (ScriptedImporter) -> (Import Result ID: '40f4c7ebd5be790c35d3faa9da408934') in 0.0060572 seconds [static and dynamic dependencies]. Details - ImportResultOutputID=c2304ce583a5118c7ae31a5b15d17ec8 DependenciesID=25eb1596016b8453e6a0342e8631530a StaticDependenciesID=b16f90d25210cf97a6bb2aef89f92dfa 
Number of updated asset objects reloaded before import = 0Number of asset objects unloaded after import = 1

========================================================================
Received Import Request.
  Time since last request: 0.000273 seconds.
  path: Assets/Scripts/Consumable/Types/Score2Multiplier.cs
  importAddress: Guid(9daeb1760e458fc458c509346dd3d0a8) Importer(2089858483,b0f066a214c2f5e87bad3c948f4d605d)
Start importing Assets/Scripts/Consumable/Types/Score2Multiplier.cs using Guid(9daeb1760e458fc458c509346dd3d0a8) Importer(2089858483,b0f066a214c2f5e87bad3c948f4d605d) (ScriptedImporter) -> (Import Result ID: '8b9228f8b19e8a27bfed442e08c8c843') in 0.0108292 seconds [static and dynamic dependencies]. Details - ImportResultOutputID=6f83e6eba654821514a1c8618dc58c20 DependenciesID=dc959e1285cb03c595a4555fe30a795f StaticDependenciesID=99b2ffbca9947e94045786bf365e9f05 
Number of updated asset objects reloaded before import = 0Number of asset objects unloaded after import = 0

========================================================================
Received Import Request.
  Time since last request: 0.000028 seconds.
  path: Assets/Models/NightTime/Garage03Night.fbx
  importAddress: Guid(cf23d4eb7a0c0ef41baa165c1abf404a) Importer(2089858483,b0f066a214c2f5e87bad3c948f4d605d)
Start importing Assets/Models/NightTime/Garage03Night.fbx using Guid(cf23d4eb7a0c0ef41baa165c1abf404a) Importer(2089858483,b0f066a214c2f5e87bad3c948f4d605d) (ScriptedImporter) -> (Import Result ID: 'f66661a248ba1acdd05fcf94e1021721') in 0.036573 seconds [static and dynamic dependencies]. Details - ImportResultOutputID=872ae9764c59731ce3e40bbd9c6e30da DependenciesID=c4c2c80e709a37ac11b44069ca2a064d StaticDependenciesID=3a959dec1ea03caf304d7cd2bce5c5d8 
Number of updated asset objects reloaded before import = 0Number of asset objects unloaded after import = 9

========================================================================
Received Import Request.
  Time since last request: 0.000026 seconds.
  path: Assets/Textures/Graffiti/Graffiti04.png
  importAddress: Guid(addcf3e67d1b5a846b9eb3d056df0912) Importer(2089858483,b0f066a214c2f5e87bad3c948f4d605d)
Start importing Assets/Textures/Graffiti/Graffiti04.png using Guid(addcf3e67d1b5a846b9eb3d056df0912) Importer(2089858483,b0f066a214c2f5e87bad3c948f4d605d) (ScriptedImporter) -> (Import Result ID: '516eb2905d9f209e983a50243c180cb7') in 0.0372964 seconds [static and dynamic dependencies]. Details - ImportResultOutputID=fddc5ffc93417c8b5dd50961f279fb48 DependenciesID=8ad38a21bec6b00be56dd8909d61c682 StaticDependenciesID=4e651884c114c30ca86e25b90363f5b0 
Number of updated asset objects reloaded before import = 0Number of asset objects unloaded after import = 3

========================================================================
Received Import Request.
  Time since last request: 0.000044 seconds.
  path: Assets/StarterAssets/InputSystem/StarterAssets.inputactions
  importAddress: Guid(4419d82f33d36e848b3ed5af4c8da37e) Importer(2089858483,b0f066a214c2f5e87bad3c948f4d605d)
Start importing Assets/StarterAssets/InputSystem/StarterAssets.inputactions using Guid(4419d82f33d36e848b3ed5af4c8da37e) Importer(2089858483,b0f066a214c2f5e87bad3c948f4d605d) (ScriptedImporter) -> (Import Result ID: 'e65c5b0a835a56a8358220a5c2858376') in 0.0058677 seconds [static and dynamic dependencies]. Details - ImportResultOutputID=2056553b9f89f485ad8d25be74cce659 DependenciesID=45acfc1f58500e54ad409e1542f18ac2 StaticDependenciesID=202b8cc86ea0e380b0ba4c42779b5836 
Number of updated asset objects reloaded before import = 0Number of asset objects unloaded after import = 1

========================================================================
Received Import Request.
  Time since last request: 0.000136 seconds.
  path: Assets/Sounds/Music/MenuTheme.ogg
  importAddress: Guid(1588137430bfbab4b9a00ba3b220b82b) Importer(2089858483,b0f066a214c2f5e87bad3c948f4d605d)
Start importing Assets/Sounds/Music/MenuTheme.ogg using Guid(1588137430bfbab4b9a00ba3b220b82b) Importer(2089858483,b0f066a214c2f5e87bad3c948f4d605d) (ScriptedImporter) -> (Import Result ID: '03a2e9f65dea20b486b16c19243ead13') in 0.0090212 seconds [static and dynamic dependencies]. Details - ImportResultOutputID=dfeda4a82faf85af19c385853dcae4da DependenciesID=bcb4a6eeb0affb8d426d2bb02da09c82 StaticDependenciesID=76c9955dfa99e9b2ee30d69016949ab8 
Number of updated asset objects reloaded before import = 0Number of asset objects unloaded after import = 1

========================================================================
Received Import Request.
  Time since last request: 0.000110 seconds.
  path: Assets/mokrane/Animations/Mokrane_Dying Backwards.fbx
  importAddress: Guid(3206cd614070e7c438969c52fafc1852) Importer(2089858483,b0f066a214c2f5e87bad3c948f4d605d)
Start importing Assets/mokrane/Animations/Mokrane_Dying Backwards.fbx using Guid(3206cd614070e7c438969c52fafc1852) Importer(2089858483,b0f066a214c2f5e87bad3c948f4d605d) (ScriptedImporter) -> (Import Result ID: '2bd33d8245bcd98d5b3f06673c28e925') in 0.024804 seconds [static and dynamic dependencies]. Details - ImportResultOutputID=8a2c5e68d7cdf5a0c69abd2f07f81534 DependenciesID=51af5d2e8d372dcaf267aa38649bae95 StaticDependenciesID=8b4a5e17cd8134a123a3eadb7b82c4d0 
Number of updated asset objects reloaded before import = 0Number of asset objects unloaded after import = 135

========================================================================
Received Import Request.
  Time since last request: 0.000031 seconds.
  path: Assets/Models/NightTime/Bin01Night.fbx
  importAddress: Guid(7006727c2022b8a40a7242f30b4df1a0) Importer(2089858483,b0f066a214c2f5e87bad3c948f4d605d)
Start importing Assets/Models/NightTime/Bin01Night.fbx using Guid(7006727c2022b8a40a7242f30b4df1a0) Importer(2089858483,b0f066a214c2f5e87bad3c948f4d605d) (ScriptedImporter) -> (Import Result ID: 'af6049d8f3de55682f80b342492953c8') in 0.0199355 seconds [static and dynamic dependencies]. Details - ImportResultOutputID=ead6c8ff8c4f0050ae655ae1bb3707ac DependenciesID=772f10084170f5588d7f58f4580a6580 StaticDependenciesID=ddd5e40d90dbffc38b3e60321908cb7d 
Number of updated asset objects reloaded before import = 0Number of asset objects unloaded after import = 8

========================================================================
Received Import Request.
  Time since last request: 0.000024 seconds.
  path: Assets/Models/Daytime/RoadWorksCone.fbx
  importAddress: Guid(a8c476cf0b8398b4e919eabd66d621af) Importer(2089858483,b0f066a214c2f5e87bad3c948f4d605d)
Start importing Assets/Models/Daytime/RoadWorksCone.fbx using Guid(a8c476cf0b8398b4e919eabd66d621af) Importer(2089858483,b0f066a214c2f5e87bad3c948f4d605d) (ScriptedImporter) -> (Import Result ID: '81ed8309b4310a93eb87aeadc205e2e4') in 0.01896 seconds [static and dynamic dependencies]. Details - ImportResultOutputID=9f2f1b85c916d30a0c3342b9d7774530 DependenciesID=b0fef8875a6df1b1933a52c5b0a5f4b0 StaticDependenciesID=c1dc493bf19b4048d56c3b97b0032768 
Number of updated asset objects reloaded before import = 0Number of asset objects unloaded after import = 8

========================================================================
Received Import Request.
  Time since last request: 0.000135 seconds.
  path: Assets/Animation/Materials/CatAlbedo.mat
  importAddress: Guid(71297c77242e18649b0af4273c1581df) Importer(2089858483,b0f066a214c2f5e87bad3c948f4d605d)
Start importing Assets/Animation/Materials/CatAlbedo.mat using Guid(71297c77242e18649b0af4273c1581df) Importer(2089858483,b0f066a214c2f5e87bad3c948f4d605d) (ScriptedImporter) -> (Import Result ID: 'd258cbc0bad48c79ad4914149f86719c') in 0.0104471 seconds [static and dynamic dependencies]. Details - ImportResultOutputID=b4cf724030707244a4acf7642a2f0666 DependenciesID=e5ff470dafd406cb7d71086f613406fa StaticDependenciesID=2c8d50e453c92519093e0effbba2e0e4 
Number of updated asset objects reloaded before import = 0Number of asset objects unloaded after import = 1

========================================================================
Received Import Request.
  Time since last request: 0.000064 seconds.
  path: Assets/ALP_Assets/country house01/Materials/OldHouseMapWood02.mat
  importAddress: Guid(ecd128db1118ce547a6d0d43689030e3) Importer(2089858483,b0f066a214c2f5e87bad3c948f4d605d)
Start importing Assets/ALP_Assets/country house01/Materials/OldHouseMapWood02.mat using Guid(ecd128db1118ce547a6d0d43689030e3) Importer(2089858483,b0f066a214c2f5e87bad3c948f4d605d) (ScriptedImporter) -> (Import Result ID: 'eea58f24f484cb801ad645bc34024346') in 0.0081074 seconds [static and dynamic dependencies]. Details - ImportResultOutputID=d9823b4b670d3418d34346374e1ca852 DependenciesID=37ea35dba5074d626b984b72417b0530 StaticDependenciesID=96c0a798a5a3ae9d84aecae2c3b115dd 
Number of updated asset objects reloaded before import = 0Number of asset objects unloaded after import = 1

========================================================================
Received Import Request.
  Time since last request: 0.000079 seconds.
  path: Assets/Models/NightTime/SkipYellowNight.fbx
  importAddress: Guid(4faf008bf018d4b4badab7708ec45263) Importer(2089858483,b0f066a214c2f5e87bad3c948f4d605d)
Start importing Assets/Models/NightTime/SkipYellowNight.fbx using Guid(4faf008bf018d4b4badab7708ec45263) Importer(2089858483,b0f066a214c2f5e87bad3c948f4d605d) (ScriptedImporter) -> (Import Result ID: '6715b1c53e6154a709e3a9b2918edcf1') in 0.0156715 seconds [static and dynamic dependencies]. Details - ImportResultOutputID=df0343c3b2baa9f4e99db25f1a5c5726 DependenciesID=f9a26bef16e269f97033e3089536542a StaticDependenciesID=7c72c8f4b9e02a1bfb65d4e258053b04 
Number of updated asset objects reloaded before import = 0Number of asset objects unloaded after import = 9

========================================================================
Received Import Request.
  Time since last request: 0.000018 seconds.
  path: Assets/StarterAssets/ThirdPersonController/Prefabs/NestedParentArmature_Unpack.prefab
  importAddress: Guid(c708a3b79cd542b42bbfedb17e213bc1) Importer(2089858483,b0f066a214c2f5e87bad3c948f4d605d)
Start importing Assets/StarterAssets/ThirdPersonController/Prefabs/NestedParentArmature_Unpack.prefab using Guid(c708a3b79cd542b42bbfedb17e213bc1) Importer(2089858483,b0f066a214c2f5e87bad3c948f4d605d) (ScriptedImporter) -> (Import Result ID: 'ff6b315f598b2fbaa378d49daa303cb3') in 0.0149227 seconds [static and dynamic dependencies]. Details - ImportResultOutputID=efcd95fb03832e4273c8ef51959146b6 DependenciesID=cea0d750fb070f25c469e86a027dcf3b StaticDependenciesID=cff955f144100d5995e5c5afeb68afec 
Number of updated asset objects reloaded before import = 0Number of asset objects unloaded after import = 228

========================================================================
Received Import Request.
  Time since last request: 0.000029 seconds.
  path: Assets/StarterAssets/Mobile/UI/UI_Circle_Faded.png
  importAddress: Guid(90ded0611e490aa4ba6961afbfc2280d) Importer(2089858483,b0f066a214c2f5e87bad3c948f4d605d)
Start importing Assets/StarterAssets/Mobile/UI/UI_Circle_Faded.png using Guid(90ded0611e490aa4ba6961afbfc2280d) Importer(2089858483,b0f066a214c2f5e87bad3c948f4d605d) (ScriptedImporter) -> (Import Result ID: '743ea86a159e5d1bf4e68609c9a0f878') in 0.0403103 seconds [static and dynamic dependencies]. Details - ImportResultOutputID=c6437fb73fe9ac1180a37241ed75fd5a DependenciesID=3945bb7f62fa61fac2d1a97eab0405aa StaticDependenciesID=591b541eac8c31a4d31e77cd8611ee5d 
Number of updated asset objects reloaded before import = 0Number of asset objects unloaded after import = 3

========================================================================
Received Import Request.
  Time since last request: 0.000141 seconds.
  path: Assets/TextMesh Pro/Examples & Extras/Scenes/06 - Extra Rich Text Examples.unity
  importAddress: Guid(39a1fa96ad2a449b908fca29d4297a74) Importer(2089858483,b0f066a214c2f5e87bad3c948f4d605d)
Start importing Assets/TextMesh Pro/Examples & Extras/Scenes/06 - Extra Rich Text Examples.unity using Guid(39a1fa96ad2a449b908fca29d4297a74) Importer(2089858483,b0f066a214c2f5e87bad3c948f4d605d) (ScriptedImporter) -> (Import Result ID: '5bfd779fce1e88648467f5c01b3e1094') in 0.0066479 seconds [static and dynamic dependencies]. Details - ImportResultOutputID=8b1a4b2cd470e45e4cc4393a15e0be8f DependenciesID=27e82e27b686e4d9e316d475b3f73f53 StaticDependenciesID=269f6014f81948d27e8a5176ef6b60fd 
Number of updated asset objects reloaded before import = 0Number of asset objects unloaded after import = 1

========================================================================
Received Import Request.
  Time since last request: 0.000077 seconds.
  path: Assets/TextMesh Pro/Examples & Extras/Materials/Ground - Logo Scene.mat
  importAddress: Guid(c719e38f25a9480abd2480ab621a2949) Importer(2089858483,b0f066a214c2f5e87bad3c948f4d605d)
Start importing Assets/TextMesh Pro/Examples & Extras/Materials/Ground - Logo Scene.mat using Guid(c719e38f25a9480abd2480ab621a2949) Importer(2089858483,b0f066a214c2f5e87bad3c948f4d605d) (ScriptedImporter) -> (Import Result ID: 'e95204d04b9ff1fe2c7fa1a2ab1bd94d') in 0.0110173 seconds [static and dynamic dependencies]. Details - ImportResultOutputID=74ec19700b24f642bb8cde3741e3c60e DependenciesID=a673634edc90288a0f80a230f80c5a56 StaticDependenciesID=68ca4cf6943ab439053a4d527285369a 
Number of updated asset objects reloaded before import = 0Number of asset objects unloaded after import = 1

========================================================================
Received Import Request.
  Time since last request: 0.000031 seconds.
  path: Assets/StarterAssets/Environment/Prefabs/Environment_Prefab.prefab
  importAddress: Guid(09aade0ecefd01e4b8f7661acf64f5c2) Importer(2089858483,b0f066a214c2f5e87bad3c948f4d605d)
Start importing Assets/StarterAssets/Environment/Prefabs/Environment_Prefab.prefab using Guid(09aade0ecefd01e4b8f7661acf64f5c2) Importer(2089858483,b0f066a214c2f5e87bad3c948f4d605d) (ScriptedImporter) -> (Import Result ID: '2e2b6da408a2c20b4efd4a845c5b8360') in 0.0176224 seconds [static and dynamic dependencies]. Details - ImportResultOutputID=cc98f89ff857b1bb69fdfbcb7cee845a DependenciesID=9c9728c7fb101bb9f739beb1d91b69b0 StaticDependenciesID=d91e6b6e33d547228cc18d2f9de0e016 
Number of updated asset objects reloaded before import = 0Number of asset objects unloaded after import = 303

========================================================================
Received Import Request.
  Time since last request: 0.000082 seconds.
  path: Assets/TextMesh Pro/Examples & Extras/Fonts/Bangers.ttf
  importAddress: Guid(5dd49b3eacc540408c98eee0de38e0f1) Importer(2089858483,b0f066a214c2f5e87bad3c948f4d605d)
Start importing Assets/TextMesh Pro/Examples & Extras/Fonts/Bangers.ttf using Guid(5dd49b3eacc540408c98eee0de38e0f1) Importer(2089858483,b0f066a214c2f5e87bad3c948f4d605d) (ScriptedImporter) -> (Import Result ID: '70cf25598dd47a99c61a259eaf3d172b') in 0.0124538 seconds [static and dynamic dependencies]. Details - ImportResultOutputID=e83d2f12dafae5c71b63102e4e367d0b DependenciesID=c7568667a545fffa3ac5f11a3a41304f StaticDependenciesID=75f5b161c2970ade0f8135657d1eb8c9 
Number of updated asset objects reloaded before import = 0Number of asset objects unloaded after import = 3

========================================================================
Received Import Request.
  Time since last request: 0.000027 seconds.
  path: Assets/StarterAssets/ThirdPersonController/Scripts/ThirdPersonController.cs
  importAddress: Guid(26e54e5a728a9234ab24fcf1460ed8a2) Importer(2089858483,b0f066a214c2f5e87bad3c948f4d605d)
Start importing Assets/StarterAssets/ThirdPersonController/Scripts/ThirdPersonController.cs using Guid(26e54e5a728a9234ab24fcf1460ed8a2) Importer(2089858483,b0f066a214c2f5e87bad3c948f4d605d) (ScriptedImporter) -> (Import Result ID: '1fe5f665b02ee3c2baf9eb470a7ab3af') in 0.0045774 seconds [static and dynamic dependencies]. Details - ImportResultOutputID=dc909a76040341634bdad9fa0609195a DependenciesID=f51cd9c858a5d3ede401e960fccf1cd3 StaticDependenciesID=de560ad1eb6ad4365b8614fcf84d1dea 
Number of updated asset objects reloaded before import = 0Number of asset objects unloaded after import = 0

========================================================================
Received Import Request.
  Time since last request: 0.000030 seconds.
  path: Assets/TextMesh Pro/Examples & Extras/Fonts/Roboto-Bold.ttf
  importAddress: Guid(4beb055f07aaff244873dec698d0363e) Importer(2089858483,b0f066a214c2f5e87bad3c948f4d605d)
Start importing Assets/TextMesh Pro/Examples & Extras/Fonts/Roboto-Bold.ttf using Guid(4beb055f07aaff244873dec698d0363e) Importer(2089858483,b0f066a214c2f5e87bad3c948f4d605d) (ScriptedImporter) -> (Import Result ID: '75c8da223052013bcfd38e55dea84ff8') in 0.0133647 seconds [static and dynamic dependencies]. Details - ImportResultOutputID=daf0bd6321c5588e8124a752ef03b043 DependenciesID=17bc2134789da11c22b77d711cf1afcd StaticDependenciesID=b00eb83aad946eea5d3187f5705ba5c9 
Number of updated asset objects reloaded before import = 0Number of asset objects unloaded after import = 3

========================================================================
Received Import Request.
  Time since last request: 0.000033 seconds.
  path: Assets/TextMesh Pro/Examples & Extras/Scenes/02 - Multi-line TextMesh Pro.unity
  importAddress: Guid(251716609f634449bfe8ce75c0ed78fe) Importer(2089858483,b0f066a214c2f5e87bad3c948f4d605d)
Start importing Assets/TextMesh Pro/Examples & Extras/Scenes/02 - Multi-line TextMesh Pro.unity using Guid(251716609f634449bfe8ce75c0ed78fe) Importer(2089858483,b0f066a214c2f5e87bad3c948f4d605d) (ScriptedImporter) -> (Import Result ID: '4ee8dd890ee745945528ce79d5d5748d') in 0.0060218 seconds [static and dynamic dependencies]. Details - ImportResultOutputID=a20e9ab5b49488d55c995f72cc030efe DependenciesID=0e17d3cd5491669de01d8d85cd28a7e3 StaticDependenciesID=8277194e21543d7dcda111bcb0d69af5 
Number of updated asset objects reloaded before import = 0Number of asset objects unloaded after import = 1

========================================================================
Received Import Request.
  Time since last request: 0.000024 seconds.
  path: Assets/StarterAssets/ThirdPersonController/Prefabs/PlayerCapsule.prefab
  importAddress: Guid(2553cec8fdb3eb643bbe9f2ec880c472) Importer(2089858483,b0f066a214c2f5e87bad3c948f4d605d)
Start importing Assets/StarterAssets/ThirdPersonController/Prefabs/PlayerCapsule.prefab using Guid(2553cec8fdb3eb643bbe9f2ec880c472) Importer(2089858483,b0f066a214c2f5e87bad3c948f4d605d) (ScriptedImporter) -> (Import Result ID: '52b7eaaea5f8f27200d52b4ed8138f69') in 0.009125 seconds [static and dynamic dependencies]. Details - ImportResultOutputID=bca51910751dd2bd824bdd4fa77b0727 DependenciesID=3bf961e86c58d7841cb8ac23c5a1b84e StaticDependenciesID=de3e359c651c6407542e2698c30f6a03 
Number of updated asset objects reloaded before import = 0Number of asset objects unloaded after import = 16

========================================================================
Received Import Request.
  Time since last request: 0.000032 seconds.
  path: Assets/StarterAssets/ThirdPersonController/Prefabs/PlayerFollowCamera.prefab
  importAddress: Guid(a1a802ecaf6775746bb2a929fb554ad8) Importer(2089858483,b0f066a214c2f5e87bad3c948f4d605d)
Start importing Assets/StarterAssets/ThirdPersonController/Prefabs/PlayerFollowCamera.prefab using Guid(a1a802ecaf6775746bb2a929fb554ad8) Importer(2089858483,b0f066a214c2f5e87bad3c948f4d605d) (ScriptedImporter) -> (Import Result ID: 'b1198f75621bb283ea39bb38ac0fef4e') in 0.0089397 seconds [static and dynamic dependencies]. Details - ImportResultOutputID=0a2dd79f52f88555d9ffa437f7511432 DependenciesID=0dd0b796e675decd6c9c0eb7a4da85cc StaticDependenciesID=5c0b732b8dc3330ac514e274f9a79fa9 
Number of updated asset objects reloaded before import = 0Number of asset objects unloaded after import = 10

========================================================================
Received Import Request.
  Time since last request: 0.000019 seconds.
  path: Assets/StarterAssets/Environment/Prefabs/Ramp_Prefab.prefab
  importAddress: Guid(8a7437817844dce4894b049de73b75f2) Importer(2089858483,b0f066a214c2f5e87bad3c948f4d605d)
Start importing Assets/StarterAssets/Environment/Prefabs/Ramp_Prefab.prefab using Guid(8a7437817844dce4894b049de73b75f2) Importer(2089858483,b0f066a214c2f5e87bad3c948f4d605d) (ScriptedImporter) -> (Import Result ID: '29c53b91106d67e4cdc16048c1f48395') in 0.0114823 seconds [static and dynamic dependencies]. Details - ImportResultOutputID=cfae9eed2c7d2693c6277993bccb9a58 DependenciesID=25db6cc1ed0fd07bc321b46f18427292 StaticDependenciesID=69265e2e282bca7dee83770beb93a9c1 
Number of updated asset objects reloaded before import = 0Number of asset objects unloaded after import = 9

========================================================================
Received Import Request.
  Time since last request: 0.000030 seconds.
  path: Assets/StarterAssets/Mobile/UI/UI_Icon_Sprint.png
  importAddress: Guid(b0fa70abd2a79904cb00b175dfd8ec7e) Importer(2089858483,b0f066a214c2f5e87bad3c948f4d605d)
Start importing Assets/StarterAssets/Mobile/UI/UI_Icon_Sprint.png using Guid(b0fa70abd2a79904cb00b175dfd8ec7e) Importer(2089858483,b0f066a214c2f5e87bad3c948f4d605d) (ScriptedImporter) -> (Import Result ID: '5f71a8f848cf2a02b8fb9a9e5e79cb7a') in 0.0213845 seconds [static and dynamic dependencies]. Details - ImportResultOutputID=ec2394563c52cd5f7cf36f2e0280cf3a DependenciesID=27288af6d74d6a021a88cde5086f187c StaticDependenciesID=d12543364e16beb1779d7a2028341b36 
Number of updated asset objects reloaded before import = 0Number of asset objects unloaded after import = 3

========================================================================
Received Import Request.
  Time since last request: 0.000028 seconds.
  path: Assets/TextMesh Pro/Examples & Extras/Materials/Ground - URP.mat
  importAddress: Guid(71529b88994c1a341b22bc57c038674a) Importer(2089858483,b0f066a214c2f5e87bad3c948f4d605d)
Start importing Assets/TextMesh Pro/Examples & Extras/Materials/Ground - URP.mat using Guid(71529b88994c1a341b22bc57c038674a) Importer(2089858483,b0f066a214c2f5e87bad3c948f4d605d) (ScriptedImporter) -> (Import Result ID: '038f31e07bccb23357495d5da5d246c6') in 0.0131576 seconds [static and dynamic dependencies]. Details - ImportResultOutputID=703913285771badbbaeec41836d61d23 DependenciesID=7da67ccf1723d7f555c3d49ea4814038 StaticDependenciesID=9d4de6c82e42db88fd72629ce693009f 
Number of updated asset objects reloaded before import = 0Number of asset objects unloaded after import = 1

========================================================================
Received Import Request.
  Time since last request: 0.000042 seconds.
  path: Assets/TextMesh Pro/Examples & Extras/Fonts/Oswald-Bold - OFL.txt
  importAddress: Guid(d2cf87a8a7a94aa8b80dff1c807c1178) Importer(2089858483,b0f066a214c2f5e87bad3c948f4d605d)
Start importing Assets/TextMesh Pro/Examples & Extras/Fonts/Oswald-Bold - OFL.txt using Guid(d2cf87a8a7a94aa8b80dff1c807c1178) Importer(2089858483,b0f066a214c2f5e87bad3c948f4d605d) (ScriptedImporter) -> (Import Result ID: 'a9d8347fe2407ac092b42e02d0dff0c9') in 0.0046379 seconds [static and dynamic dependencies]. Details - ImportResultOutputID=0eac226ebd3b9ca6c45a628222df806a DependenciesID=26095c739bfff5932809f09a70a71215 StaticDependenciesID=aedc8061a106f97e9965e464e7bc1589 
Number of updated asset objects reloaded before import = 0Number of asset objects unloaded after import = 1

========================================================================
Received Import Request.
  Time since last request: 0.000108 seconds.
  path: Assets/StarterAssets/Environment/Prefabs/Wall_Prefab.prefab
  importAddress: Guid(9eb847ab97b24024588682c8601254cf) Importer(2089858483,b0f066a214c2f5e87bad3c948f4d605d)
Start importing Assets/StarterAssets/Environment/Prefabs/Wall_Prefab.prefab using Guid(9eb847ab97b24024588682c8601254cf) Importer(2089858483,b0f066a214c2f5e87bad3c948f4d605d) (ScriptedImporter) -> (Import Result ID: 'a6fd76fa6dc7fd024042b1e5b8b96fd4') in 0.0180903 seconds [static and dynamic dependencies]. Details - ImportResultOutputID=7708a9fa1c7e60c05ba02a6b7a669783 DependenciesID=8637f58480383de41f7eb5e21c17f076 StaticDependenciesID=9555c11e666b561e7ec01e7d032c3de8 
Number of updated asset objects reloaded before import = 0Number of asset objects unloaded after import = 10

========================================================================
Received Import Request.
  Time since last request: 0.000031 seconds.
  path: Assets/UniversalRenderPipelineGlobalSettings.asset
  importAddress: Guid(3ae9f5699a7e0094189ff4a45fb7f784) Importer(815301076,1909f56bfc062723c751e8b465ee728b)
Start importing Assets/UniversalRenderPipelineGlobalSettings.asset using Guid(3ae9f5699a7e0094189ff4a45fb7f784) Importer(815301076,1909f56bfc062723c751e8b465ee728b) (PreviewImporter) -> (Import Result ID: '832d57969a176b3b36c8727708e43b90') in 0.0061347 seconds [static and dynamic dependencies]. Details - ImportResultOutputID=3c600c2f82303885c98fdfd363d02352 DependenciesID=274751ea2e7879c6ae32cd83cbcf7ca4 StaticDependenciesID=5690e77ded1c4154dc4a888d7fe1be4a 
Number of updated asset objects reloaded before import = 0Number of asset objects unloaded after import = 1

========================================================================
Received Import Request.
  Time since last request: 0.000028 seconds.
  path: Assets/StarterAssets/TutorialInfo/Icons/ReadMeImg.PNG
  importAddress: Guid(44a17a5b205fcd349a24700e6f5615bd) Importer(2089858483,b0f066a214c2f5e87bad3c948f4d605d)
Start importing Assets/StarterAssets/TutorialInfo/Icons/ReadMeImg.PNG using Guid(44a17a5b205fcd349a24700e6f5615bd) Importer(2089858483,b0f066a214c2f5e87bad3c948f4d605d) (ScriptedImporter) -> (Import Result ID: '0d4f78be9bcb240f85a47878ce008c73') in 0.0133603 seconds [static and dynamic dependencies]. Details - ImportResultOutputID=43106e5b92d6c371bdc516d20d8167b7 DependenciesID=e2ce2e507ead46751b82c657ed30bda8 StaticDependenciesID=facaac94a06e93fcffe8066ca377e994 
Number of updated asset objects reloaded before import = 0Number of asset objects unloaded after import = 1

========================================================================
Received Import Request.
  Time since last request: 0.000028 seconds.
  path: Assets/StarterAssets/ThirdPersonController/Scenes/Playground.unity
  importAddress: Guid(e9017d5f96b9f09489b4b37e1d6eb914) Importer(2089858483,b0f066a214c2f5e87bad3c948f4d605d)
Start importing Assets/StarterAssets/ThirdPersonController/Scenes/Playground.unity using Guid(e9017d5f96b9f09489b4b37e1d6eb914) Importer(2089858483,b0f066a214c2f5e87bad3c948f4d605d) (ScriptedImporter) -> (Import Result ID: '39cbb8419c8530bd5bba134908b6c1dd') in 0.0108745 seconds [static and dynamic dependencies]. Details - ImportResultOutputID=16c9edf790586c997c2fa9ed77994a34 DependenciesID=d5a06786f3e59c4b1a079619658a0c5f StaticDependenciesID=92441c1892b7fa6293790a2c75bf7be2 
Number of updated asset objects reloaded before import = 0Number of asset objects unloaded after import = 1

========================================================================
Received Import Request.
  Time since last request: 0.000081 seconds.
  path: Assets/StarterAssets/ThirdPersonController/Scenes/PlaygroundSettings.lighting
  importAddress: Guid(3b3f7400d3526e9429c39d03afb714b3) Importer(2089858483,b0f066a214c2f5e87bad3c948f4d605d)
Start importing Assets/StarterAssets/ThirdPersonController/Scenes/PlaygroundSettings.lighting using Guid(3b3f7400d3526e9429c39d03afb714b3) Importer(2089858483,b0f066a214c2f5e87bad3c948f4d605d) (ScriptedImporter)LightingSettings: switching bake backend from 2 to 1.
 -> (Import Result ID: '12491b435451dd942c1fdf5ba66b897c') in 0.0231517 seconds [static and dynamic dependencies]. Details - ImportResultOutputID=64098c64339ef6c9371e8da5765b76d1 DependenciesID=f084961b8d13ca5a925243c8dcd076cd StaticDependenciesID=4d72e9b5ff63eb20e9a22903fd79dac3 
Number of updated asset objects reloaded before import = 0Number of asset objects unloaded after import = 1

========================================================================
Received Import Request.
  Time since last request: 0.000025 seconds.
  path: Assets/TextMesh Pro/Examples & Extras/Prefabs/TextMeshPro - Prefab 1.prefab
  importAddress: Guid(a6e39ced0ea046bcb636c3f0b2e2a745) Importer(2089858483,b0f066a214c2f5e87bad3c948f4d605d)
Start importing Assets/TextMesh Pro/Examples & Extras/Prefabs/TextMeshPro - Prefab 1.prefab using Guid(a6e39ced0ea046bcb636c3f0b2e2a745) Importer(2089858483,b0f066a214c2f5e87bad3c948f4d605d) (ScriptedImporter) -> (Import Result ID: '26f26cda543750be90b69a9366b4e26d') in 0.0230603 seconds [static and dynamic dependencies]. Details - ImportResultOutputID=5d72cabbd078e4f81c4160fb77f9f731 DependenciesID=ef2a5f9a4f875148b8668f95b48c0b13 StaticDependenciesID=02734367dba71f983038d6ff39683de7 
Number of updated asset objects reloaded before import = 0Number of asset objects unloaded after import = 9

========================================================================
Received Import Request.
  Time since last request: 0.000029 seconds.
  path: Assets/TextMesh Pro/Examples & Extras/Scenes/03 - Line Justification.unity
  importAddress: Guid(21a509e1d3cd49978623fa564adb6f02) Importer(2089858483,b0f066a214c2f5e87bad3c948f4d605d)
Start importing Assets/TextMesh Pro/Examples & Extras/Scenes/03 - Line Justification.unity using Guid(21a509e1d3cd49978623fa564adb6f02) Importer(2089858483,b0f066a214c2f5e87bad3c948f4d605d) (ScriptedImporter) -> (Import Result ID: '2b39075a304ddc51faedd3f84b2eea3e') in 0.00601 seconds [static and dynamic dependencies]. Details - ImportResultOutputID=65ce421d9a58f0ae8a0483a43c8117e1 DependenciesID=48222cad23bc4b1464618cc349ed931b StaticDependenciesID=a55e284f017e803ecfac8c4b8bccd81a 
Number of updated asset objects reloaded before import = 0Number of asset objects unloaded after import = 1

========================================================================
Received Import Request.
  Time since last request: 0.000029 seconds.
  path: Assets/TextMesh Pro/Examples & Extras/Fonts/Roboto-Bold - License.txt
  importAddress: Guid(f0303f887b8fa7243a51432c478ff2f3) Importer(2089858483,b0f066a214c2f5e87bad3c948f4d605d)
Start importing Assets/TextMesh Pro/Examples & Extras/Fonts/Roboto-Bold - License.txt using Guid(f0303f887b8fa7243a51432c478ff2f3) Importer(2089858483,b0f066a214c2f5e87bad3c948f4d605d) (ScriptedImporter) -> (Import Result ID: 'cb4ceb5f6b977b747196f7856ffc8eae') in 0.009263 seconds [static and dynamic dependencies]. Details - ImportResultOutputID=aaa67aeadbbeca21c02d637a15b980e3 DependenciesID=af8f6b45e43b3daa4dbbcb0e207b8df0 StaticDependenciesID=59ccab25f0b2d873e8f29ee6134e53ed 
Number of updated asset objects reloaded before import = 0Number of asset objects unloaded after import = 1

========================================================================
Received Import Request.
  Time since last request: 0.000065 seconds.
  path: Assets/TextMesh Pro/Examples & Extras/Materials/Ground - Surface Shader Scene.mat
  importAddress: Guid(aadd5a709a48466c887296bb5b1b8110) Importer(2089858483,b0f066a214c2f5e87bad3c948f4d605d)
Start importing Assets/TextMesh Pro/Examples & Extras/Materials/Ground - Surface Shader Scene.mat using Guid(aadd5a709a48466c887296bb5b1b8110) Importer(2089858483,b0f066a214c2f5e87bad3c948f4d605d) (ScriptedImporter) -> (Import Result ID: 'eca773bbfa2ac17760d360103cf6ec01') in 0.0051306 seconds [static and dynamic dependencies]. Details - ImportResultOutputID=7b7ab46c2ef9b5e9fb2fd884545e31cb DependenciesID=e64981d9d484afa5b52fb9110e6b0e32 StaticDependenciesID=bd7cd399992f8762d3301b2cc69aee14 
Number of updated asset objects reloaded before import = 0Number of asset objects unloaded after import = 1

========================================================================
Received Import Request.
  Time since last request: 0.000059 seconds.
  path: Assets/StarterAssets/Environment/Prefabs/Structure_Prefab.prefab
  importAddress: Guid(79e624e6a8770a946afb866fd94b394b) Importer(2089858483,b0f066a214c2f5e87bad3c948f4d605d)
Start importing Assets/StarterAssets/Environment/Prefabs/Structure_Prefab.prefab using Guid(79e624e6a8770a946afb866fd94b394b) Importer(2089858483,b0f066a214c2f5e87bad3c948f4d605d) (ScriptedImporter) -> (Import Result ID: 'd0ff09da3d26fb102cda75eeaa601155') in 0.0324242 seconds [static and dynamic dependencies]. Details - ImportResultOutputID=c6d1bf67651651e6bc71207a7ad0598b DependenciesID=42e5d30d04d62cdfb47c5a4e34047b83 StaticDependenciesID=74a39eed1be304dbecca473ef57e3ad9 
Number of updated asset objects reloaded before import = 0Number of asset objects unloaded after import = 116

========================================================================
Received Import Request.
  Time since last request: 0.000025 seconds.
  path: Assets/Animation/Animators/Dog.controller
  importAddress: Guid(813e40250a4b86342aa7ed5ac5906f4a) Importer(2089858483,b0f066a214c2f5e87bad3c948f4d605d)
Start importing Assets/Animation/Animators/Dog.controller using Guid(813e40250a4b86342aa7ed5ac5906f4a) Importer(2089858483,b0f066a214c2f5e87bad3c948f4d605d) (ScriptedImporter) -> (Import Result ID: '33f4c253e3b3f54cf5bdfd4d78ee50b6') in 0.0131509 seconds [static and dynamic dependencies]. Details - ImportResultOutputID=a39761a21ed70863b0a690b0135cf871 DependenciesID=9f4b4b5d30c511a47ba93f07e09146b7 StaticDependenciesID=169256aa6c9842667152ce77d148e48b 
Number of updated asset objects reloaded before import = 0Number of asset objects unloaded after import = 10

========================================================================
Received Import Request.
  Time since last request: 0.000025 seconds.
  path: Assets/Models/Daytime/Warehouse02.fbx
  importAddress: Guid(7a81a2da35d793c4590d34c242ca5901) Importer(2089858483,b0f066a214c2f5e87bad3c948f4d605d)
Start importing Assets/Models/Daytime/Warehouse02.fbx using Guid(7a81a2da35d793c4590d34c242ca5901) Importer(2089858483,b0f066a214c2f5e87bad3c948f4d605d) (ScriptedImporter) -> (Import Result ID: 'bd3f96d8c8b279c1751c150c1a125bbe') in 0.0285239 seconds [static and dynamic dependencies]. Details - ImportResultOutputID=200a16eadb75328b1cf54cb86b639b33 DependenciesID=09a0b35effe28d8abc665845edae8e08 StaticDependenciesID=1cf4f34a8679b52439c322e8e059e9ba 
Number of updated asset objects reloaded before import = 0Number of asset objects unloaded after import = 12

========================================================================
Received Import Request.
  Time since last request: 0.000021 seconds.
  path: Assets/TextMesh Pro/Shaders/TMP_SDF-Mobile-2-Pass.shader
  importAddress: Guid(0178fcb869bafef4690d177d31d17db8) Importer(2089858483,b0f066a214c2f5e87bad3c948f4d605d)
Start importing Assets/TextMesh Pro/Shaders/TMP_SDF-Mobile-2-Pass.shader using Guid(0178fcb869bafef4690d177d31d17db8) Importer(2089858483,b0f066a214c2f5e87bad3c948f4d605d) (ScriptedImporter) -> (Import Result ID: '5a1b4dc7c915d3f3f1811454ce2bc965') in 0.0059511 seconds [static and dynamic dependencies]. Details - ImportResultOutputID=b8502c3ad26780052c944c2d60c639b1 DependenciesID=d28afc64ffb5f426007afbfd9eaaa867 StaticDependenciesID=2936f04a1dd55b511cbbf5990c3e04da 
Number of updated asset objects reloaded before import = 0Number of asset objects unloaded after import = 1

========================================================================
Received Import Request.
  Time since last request: 0.000027 seconds.
  path: Assets/AddressableAssetsData/AssetGroups/Schemas/0188ddff47d9b214ba640c0e529e4332_BundledAssetGroupSchema.asset
  importAddress: Guid(12eae49895653ee40960355053e44bd4) Importer(2089858483,b0f066a214c2f5e87bad3c948f4d605d)
Start importing Assets/AddressableAssetsData/AssetGroups/Schemas/0188ddff47d9b214ba640c0e529e4332_BundledAssetGroupSchema.asset using Guid(12eae49895653ee40960355053e44bd4) Importer(2089858483,b0f066a214c2f5e87bad3c948f4d605d) (ScriptedImporter) -> (Import Result ID: 'd6a8ce796e15b07ec4b75e8cdc140a37') in 0.0052638 seconds [static and dynamic dependencies]. Details - ImportResultOutputID=e37674b4407def99a78e471b0e745042 DependenciesID=62c9713667c7e4bf030df07ede8dfa73 StaticDependenciesID=1909fda8c6be9f7c52a7cd313455280c 
Number of updated asset objects reloaded before import = 0Number of asset objects unloaded after import = 1

========================================================================
Received Import Request.
  Time since last request: 0.000056 seconds.
  path: Assets/StarterAssets/Environment/Prefabs/Box_350x250x300_Prefab.prefab
  importAddress: Guid(687dbafc2b84b2846b9a4a7a7dae2a7e) Importer(2089858483,b0f066a214c2f5e87bad3c948f4d605d)
Start importing Assets/StarterAssets/Environment/Prefabs/Box_350x250x300_Prefab.prefab using Guid(687dbafc2b84b2846b9a4a7a7dae2a7e) Importer(2089858483,b0f066a214c2f5e87bad3c948f4d605d) (ScriptedImporter) -> (Import Result ID: 'fe09cd7194a8e155544afada61527f55') in 0.0088554 seconds [static and dynamic dependencies]. Details - ImportResultOutputID=13986276da3e81c1b70e296fdb807707 DependenciesID=3a6a79ca1bfd9e17db9ade69615330c6 StaticDependenciesID=e806a59fa74f2a418bb91f369aee22c6 
Number of updated asset objects reloaded before import = 0Number of asset objects unloaded after import = 9

========================================================================
Received Import Request.
  Time since last request: 0.000041 seconds.
  path: Assets/Models/NightTime/SkipRedNight.fbx
  importAddress: Guid(38f59a21f5a981147b53d0ddf77872a4) Importer(2089858483,b0f066a214c2f5e87bad3c948f4d605d)
Start importing Assets/Models/NightTime/SkipRedNight.fbx using Guid(38f59a21f5a981147b53d0ddf77872a4) Importer(2089858483,b0f066a214c2f5e87bad3c948f4d605d) (ScriptedImporter) -> (Import Result ID: 'd8c2708df50ea395fda5b1ed74170cdf') in 0.0281766 seconds [static and dynamic dependencies]. Details - ImportResultOutputID=781336eab9191caf909ededf8e00c948 DependenciesID=3b0dfbebf7a846ce5f64ce185ca6a4a1 StaticDependenciesID=4ba3e20ddf49142d9626d061ba863bfd 
Number of updated asset objects reloaded before import = 0Number of asset objects unloaded after import = 9

========================================================================
Received Import Request.
  Time since last request: 0.000026 seconds.
  path: Assets/Models/NightTime/WoodFence02Night.fbx
  importAddress: Guid(db3062059606fec4ab765ae46f1257cb) Importer(2089858483,b0f066a214c2f5e87bad3c948f4d605d)
Start importing Assets/Models/NightTime/WoodFence02Night.fbx using Guid(db3062059606fec4ab765ae46f1257cb) Importer(2089858483,b0f066a214c2f5e87bad3c948f4d605d) (ScriptedImporter) -> (Import Result ID: 'ff44ad30c3e3d946019bcd088a0393be') in 0.0178494 seconds [static and dynamic dependencies]. Details - ImportResultOutputID=e84088f61eb82933329f716d2da9ba9a DependenciesID=59161a06a9594ca5f30458ba9acde916 StaticDependenciesID=5923e5bce0a3c04bdb2dac8569d75138 
Number of updated asset objects reloaded before import = 0Number of asset objects unloaded after import = 8

========================================================================
Received Import Request.
  Time since last request: 0.000023 seconds.
  path: Assets/ALP_Assets/country house01/Prefabs/Door04_pr.prefab
  importAddress: Guid(6fa552ed3cc233e42a48625b60b546cc) Importer(2089858483,b0f066a214c2f5e87bad3c948f4d605d)
Start importing Assets/ALP_Assets/country house01/Prefabs/Door04_pr.prefab using Guid(6fa552ed3cc233e42a48625b60b546cc) Importer(2089858483,b0f066a214c2f5e87bad3c948f4d605d) (ScriptedImporter) -> (Import Result ID: '47cbd71c13e5ffbac8688829669a5f69') in 0.0123924 seconds [static and dynamic dependencies]. Details - ImportResultOutputID=7e07b7005b41abead2ca460afcf57abe DependenciesID=b87fae8d66d8c59f86e1d43d5176c1c2 StaticDependenciesID=d43c0a5b48658ba56fa3f040a255f2c4 
Number of updated asset objects reloaded before import = 0Number of asset objects unloaded after import = 22

========================================================================
Received Import Request.
  Time since last request: 0.000020 seconds.
  path: Assets/TextMesh Pro/Examples & Extras/Scripts/VertexShakeA.cs
  importAddress: Guid(f7cfa58e417a46ea8889989684c2522e) Importer(2089858483,b0f066a214c2f5e87bad3c948f4d605d)
Start importing Assets/TextMesh Pro/Examples & Extras/Scripts/VertexShakeA.cs using Guid(f7cfa58e417a46ea8889989684c2522e) Importer(2089858483,b0f066a214c2f5e87bad3c948f4d605d) (ScriptedImporter) -> (Import Result ID: 'fa30804fded1b087327f1329ffa7b716') in 0.0059332 seconds [static and dynamic dependencies]. Details - ImportResultOutputID=d1270146996af38a48ae65e1945638a3 DependenciesID=858c5125d6b4f6725fd332debcf5b08f StaticDependenciesID=4b62aa94cfd5f5035f738db9b75dc8b8 
Number of updated asset objects reloaded before import = 0Number of asset objects unloaded after import = 0

========================================================================
Received Import Request.
  Time since last request: 0.000031 seconds.
  path: Assets/TextMesh Pro/Examples & Extras/Scenes/12 - Link Example.unity
  importAddress: Guid(9747140c28254be2adc582210dfb89b8) Importer(2089858483,b0f066a214c2f5e87bad3c948f4d605d)
Start importing Assets/TextMesh Pro/Examples & Extras/Scenes/12 - Link Example.unity using Guid(9747140c28254be2adc582210dfb89b8) Importer(2089858483,b0f066a214c2f5e87bad3c948f4d605d) (ScriptedImporter) -> (Import Result ID: 'b93087da6d706b39cef796103e71f150') in 0.0056131 seconds [static and dynamic dependencies]. Details - ImportResultOutputID=56e38e11c8323dcf2d3ae2aac27c8d2a DependenciesID=e4a8cf719650724589c7933a8d56490f StaticDependenciesID=783aa79767af29325d290e419a768f29 
Number of updated asset objects reloaded before import = 0Number of asset objects unloaded after import = 1

========================================================================
Received Import Request.
  Time since last request: 0.000092 seconds.
  path: Assets/TextMesh Pro/Examples & Extras/Scenes/14 - Multi Font & Sprites.unity
  importAddress: Guid(22a2fba786ad4c40ac0ba09f0b933100) Importer(2089858483,b0f066a214c2f5e87bad3c948f4d605d)
Start importing Assets/TextMesh Pro/Examples & Extras/Scenes/14 - Multi Font & Sprites.unity using Guid(22a2fba786ad4c40ac0ba09f0b933100) Importer(2089858483,b0f066a214c2f5e87bad3c948f4d605d) (ScriptedImporter) -> (Import Result ID: '9e7189505592826cdbeaf818e3fcafb0') in 0.0063657 seconds [static and dynamic dependencies]. Details - ImportResultOutputID=64a3de60bbfdaf8e06371aa304c06a99 DependenciesID=28dfd1a2fffeefc9586b8973baf15898 StaticDependenciesID=9817f119e4a7c6f1e7402363a686df18 
Number of updated asset objects reloaded before import = 0Number of asset objects unloaded after import = 1

========================================================================
Received Import Request.
  Time since last request: 0.000046 seconds.
  path: Assets/TextMesh Pro/Examples & Extras/Scripts/TMP_PhoneNumberValidator.cs
  importAddress: Guid(83680ab1a69f4102ac67d1459fe76e1f) Importer(2089858483,b0f066a214c2f5e87bad3c948f4d605d)
Start importing Assets/TextMesh Pro/Examples & Extras/Scripts/TMP_PhoneNumberValidator.cs using Guid(83680ab1a69f4102ac67d1459fe76e1f) Importer(2089858483,b0f066a214c2f5e87bad3c948f4d605d) (ScriptedImporter) -> (Import Result ID: '8b56a2f4da46b0608ed12d49c1b2ae8c') in 0.0053479 seconds [static and dynamic dependencies]. Details - ImportResultOutputID=e2eeb94f45559218fbae5792cf5a4786 DependenciesID=dac86073a40e38a00df51e22ff6e986d StaticDependenciesID=34d4b4472e87676327c8fa1f5e917fe0 
Number of updated asset objects reloaded before import = 0Number of asset objects unloaded after import = 0

========================================================================
Received Import Request.
  Time since last request: 0.000102 seconds.
  path: Assets/TextMesh Pro/Examples & Extras/Scripts/TextMeshProFloatingText.cs
  importAddress: Guid(a4d4c76e63944cba8c7d00f56334b98c) Importer(2089858483,b0f066a214c2f5e87bad3c948f4d605d)
Start importing Assets/TextMesh Pro/Examples & Extras/Scripts/TextMeshProFloatingText.cs using Guid(a4d4c76e63944cba8c7d00f56334b98c) Importer(2089858483,b0f066a214c2f5e87bad3c948f4d605d) (ScriptedImporter) -> (Import Result ID: 'f76039389c42aa05505977db22d60bb3') in 0.0038732 seconds [static and dynamic dependencies]. Details - ImportResultOutputID=18a087dca37f36735c5cffe57819a4cd DependenciesID=278406f6f1523fb6837d14cca3589a36 StaticDependenciesID=68f10f33891c64502079fe8420591725 
Number of updated asset objects reloaded before import = 0Number of asset objects unloaded after import = 0

========================================================================
Received Import Request.
  Time since last request: 0.000114 seconds.
  path: Assets/TextMesh Pro/Examples & Extras/Scripts/WarpTextExample.cs
  importAddress: Guid(790744c462254b7ba8038e6ed28b3db2) Importer(2089858483,b0f066a214c2f5e87bad3c948f4d605d)
Start importing Assets/TextMesh Pro/Examples & Extras/Scripts/WarpTextExample.cs using Guid(790744c462254b7ba8038e6ed28b3db2) Importer(2089858483,b0f066a214c2f5e87bad3c948f4d605d) (ScriptedImporter) -> (Import Result ID: '96702b89fecb36d9efc40f520034baa9') in 0.0038975 seconds [static and dynamic dependencies]. Details - ImportResultOutputID=cc0274cb050aab42e0c3aadec76cd947 DependenciesID=7b84b45c4a44cae88e15ecac6d47bee8 StaticDependenciesID=848b33441927819fbb3bf9ebf969b40d 
Number of updated asset objects reloaded before import = 0Number of asset objects unloaded after import = 0

========================================================================
Received Import Request.
  Time since last request: 0.000138 seconds.
  path: Assets/TextMesh Pro/Examples & Extras/Scripts/TextMeshSpawner.cs
  importAddress: Guid(76c11bbcfddf44e0ba17d6c2751c8d84) Importer(2089858483,b0f066a214c2f5e87bad3c948f4d605d)
Start importing Assets/TextMesh Pro/Examples & Extras/Scripts/TextMeshSpawner.cs using Guid(76c11bbcfddf44e0ba17d6c2751c8d84) Importer(2089858483,b0f066a214c2f5e87bad3c948f4d605d) (ScriptedImporter) -> (Import Result ID: 'd033c7e35121574b1fccb5e3e481838e') in 0.0078272 seconds [static and dynamic dependencies]. Details - ImportResultOutputID=e7a8146ae3c82cad7328440f790b1317 DependenciesID=09a73b79cf1be50f2da5e9fa777aabbf StaticDependenciesID=62fe542cfd5a22a67e77713f612bd843 
Number of updated asset objects reloaded before import = 0Number of asset objects unloaded after import = 0

========================================================================
Received Import Request.
  Time since last request: 0.000208 seconds.
  path: Assets/TextMesh Pro/Examples & Extras/Scenes/12a - Text Interactions.unity
  importAddress: Guid(08572ab7713642c8a60789750f0bce5c) Importer(2089858483,b0f066a214c2f5e87bad3c948f4d605d)
Start importing Assets/TextMesh Pro/Examples & Extras/Scenes/12a - Text Interactions.unity using Guid(08572ab7713642c8a60789750f0bce5c) Importer(2089858483,b0f066a214c2f5e87bad3c948f4d605d) (ScriptedImporter) -> (Import Result ID: 'a7ccc6a4f779c0bd7634ee6e9b3f3ddf') in 0.0067322 seconds [static and dynamic dependencies]. Details - ImportResultOutputID=530118daaec93a11634ea70e9af9879b DependenciesID=f34f5e861a6cb54b404a44c854c4088c StaticDependenciesID=310d7e474cd94cb89012c994d16a29c7 
Number of updated asset objects reloaded before import = 0Number of asset objects unloaded after import = 1

========================================================================
Received Import Request.
  Time since last request: 0.000109 seconds.
  path: Assets/TextMesh Pro/Examples & Extras/Scripts/VertexJitter.cs
  importAddress: Guid(2ed57967c52645d390a89dcf8f61ba73) Importer(2089858483,b0f066a214c2f5e87bad3c948f4d605d)
Start importing Assets/TextMesh Pro/Examples & Extras/Scripts/VertexJitter.cs using Guid(2ed57967c52645d390a89dcf8f61ba73) Importer(2089858483,b0f066a214c2f5e87bad3c948f4d605d) (ScriptedImporter) -> (Import Result ID: '844d176f56ef1d10150aa296b7bd9788') in 0.0049639 seconds [static and dynamic dependencies]. Details - ImportResultOutputID=f6dad87905a38d0e26d90ff28d33fbbd DependenciesID=a9bf96be533cae64783848412134fefb StaticDependenciesID=2700a116e56802fbecceb58fea111043 
Number of updated asset objects reloaded before import = 0Number of asset objects unloaded after import = 0

========================================================================
Received Import Request.
  Time since last request: 0.000113 seconds.
  path: Assets/TextMesh Pro/Examples & Extras/Scripts/VertexShakeB.cs
  importAddress: Guid(e4e0d9ccee5f4950be8979268c9014e0) Importer(2089858483,b0f066a214c2f5e87bad3c948f4d605d)
Start importing Assets/TextMesh Pro/Examples & Extras/Scripts/VertexShakeB.cs using Guid(e4e0d9ccee5f4950be8979268c9014e0) Importer(2089858483,b0f066a214c2f5e87bad3c948f4d605d) (ScriptedImporter) -> (Import Result ID: '414548912e194cc331cd86b5a7db0399') in 0.0091621 seconds [static and dynamic dependencies]. Details - ImportResultOutputID=65db9f63de3aac9964528d45c6a02187 DependenciesID=a1b9c249418337f909ce94f9a2b6450a StaticDependenciesID=310cf453eca8562ca47bbe5e79e7a187 
Number of updated asset objects reloaded before import = 0Number of asset objects unloaded after import = 0

========================================================================
Received Import Request.
  Time since last request: 0.000509 seconds.
  path: Assets/TextMesh Pro/Examples & Extras/Scripts/TeleType.cs
  importAddress: Guid(e32c266ee6204b21a427753cb0694c81) Importer(2089858483,b0f066a214c2f5e87bad3c948f4d605d)
Start importing Assets/TextMesh Pro/Examples & Extras/Scripts/TeleType.cs using Guid(e32c266ee6204b21a427753cb0694c81) Importer(2089858483,b0f066a214c2f5e87bad3c948f4d605d) (ScriptedImporter) -> (Import Result ID: 'ecd38d1128d0fb1cd5d4f382dff08251') in 0.0062553 seconds [static and dynamic dependencies]. Details - ImportResultOutputID=ca644fc4bd4a67b146e6eb4240dc7810 DependenciesID=201c360db3ef0061673618f6c9134484 StaticDependenciesID=3752d3ff699420640d16245a6e643db0 
Number of updated asset objects reloaded before import = 0Number of asset objects unloaded after import = 0

========================================================================
Received Import Request.
  Time since last request: 0.000030 seconds.
  path: Assets/TextMesh Pro/Examples & Extras/Scenes/26 - Dropdown Placeholder Example.unity
  importAddress: Guid(0851605490a599b46b6ac5cb681d93ea) Importer(2089858483,b0f066a214c2f5e87bad3c948f4d605d)
Start importing Assets/TextMesh Pro/Examples & Extras/Scenes/26 - Dropdown Placeholder Example.unity using Guid(0851605490a599b46b6ac5cb681d93ea) Importer(2089858483,b0f066a214c2f5e87bad3c948f4d605d) (ScriptedImporter) -> (Import Result ID: '642854760c6fc01875d4f8f15891ad5a') in 0.0054141 seconds [static and dynamic dependencies]. Details - ImportResultOutputID=aa51fe6714ef29e31cf72cadc188c2e2 DependenciesID=b2d9a17fe8e7bf62ef10d76d5688d5f6 StaticDependenciesID=a0a12bf6c23dcc6f699b51b651f971e1 
Number of updated asset objects reloaded before import = 0Number of asset objects unloaded after import = 1

========================================================================
Received Import Request.
  Time since last request: 0.000028 seconds.
  path: Assets/TextMesh Pro/Examples & Extras/Scripts/ObjectSpin.cs
  importAddress: Guid(4f19c7f94c794c5097d8bd11e39c750d) Importer(2089858483,b0f066a214c2f5e87bad3c948f4d605d)
Start importing Assets/TextMesh Pro/Examples & Extras/Scripts/ObjectSpin.cs using Guid(4f19c7f94c794c5097d8bd11e39c750d) Importer(2089858483,b0f066a214c2f5e87bad3c948f4d605d) (ScriptedImporter) -> (Import Result ID: '003065b09daddf122a2013791a32ddfc') in 0.0040904 seconds [static and dynamic dependencies]. Details - ImportResultOutputID=5e04aa3ba7a5221880354e20d2c72517 DependenciesID=72ab60e4965dca4396a04bfa84f72f35 StaticDependenciesID=ef8b1edf378432b262250e1fb0f2c070 
Number of updated asset objects reloaded before import = 0Number of asset objects unloaded after import = 0

========================================================================
Received Import Request.
  Time since last request: 0.000099 seconds.
  path: Assets/TextMesh Pro/Examples & Extras/Scenes/18 - ScrollRect & Masking & Layout.unity
  importAddress: Guid(03f9d74cec8e4b94a29d2dfd177c821b) Importer(2089858483,b0f066a214c2f5e87bad3c948f4d605d)
Start importing Assets/TextMesh Pro/Examples & Extras/Scenes/18 - ScrollRect & Masking & Layout.unity using Guid(03f9d74cec8e4b94a29d2dfd177c821b) Importer(2089858483,b0f066a214c2f5e87bad3c948f4d605d) (ScriptedImporter) -> (Import Result ID: 'c41aa2ddda8228ae295cb39e363a999f') in 0.0083844 seconds [static and dynamic dependencies]. Details - ImportResultOutputID=6b6d7e86e67e969ba67525153c67e759 DependenciesID=55b2d60a2b20cb0cd3463da95893c850 StaticDependenciesID=d48d37a34db597fe42a3dd5e35360325 
Number of updated asset objects reloaded before import = 0Number of asset objects unloaded after import = 1

========================================================================
Received Import Request.
  Time since last request: 0.000060 seconds.
  path: Assets/TextMesh Pro/Examples & Extras/Scenes/10 - Bullets & Numbered List Example.unity
  importAddress: Guid(c3f814e1d12c45568daf3dd9a86a0e61) Importer(2089858483,b0f066a214c2f5e87bad3c948f4d605d)
Start importing Assets/TextMesh Pro/Examples & Extras/Scenes/10 - Bullets & Numbered List Example.unity using Guid(c3f814e1d12c45568daf3dd9a86a0e61) Importer(2089858483,b0f066a214c2f5e87bad3c948f4d605d) (ScriptedImporter) -> (Import Result ID: '31acf3842c6baad6cf9f87e36e7edd83') in 0.0116573 seconds [static and dynamic dependencies]. Details - ImportResultOutputID=c989e57df6a03a8fa21008704627c343 DependenciesID=528120ff8343b8dd454eb81770b518ca StaticDependenciesID=5da279dec08c38354a1348ae6d6abdfe 
Number of updated asset objects reloaded before import = 0Number of asset objects unloaded after import = 1

========================================================================
Received Import Request.
  Time since last request: 0.000113 seconds.
  path: Assets/TextMesh Pro/Examples & Extras/Scenes/17 - Old Computer Terminal.unity
  importAddress: Guid(3e2e4d7b0bed4cf9ab827e9f32448f69) Importer(2089858483,b0f066a214c2f5e87bad3c948f4d605d)
Start importing Assets/TextMesh Pro/Examples & Extras/Scenes/17 - Old Computer Terminal.unity using Guid(3e2e4d7b0bed4cf9ab827e9f32448f69) Importer(2089858483,b0f066a214c2f5e87bad3c948f4d605d) (ScriptedImporter) -> (Import Result ID: 'c1661a7260f3e68583e3c5992520728d') in 0.0045734 seconds [static and dynamic dependencies]. Details - ImportResultOutputID=344e022a69e86b9f43c75e4c4d5c5da9 DependenciesID=0e0f6b5e3d3327e0d647300e5520cc04 StaticDependenciesID=49e38ef910179a020d577e2062037075 
Number of updated asset objects reloaded before import = 0Number of asset objects unloaded after import = 1

========================================================================
Received Import Request.
  Time since last request: 0.000063 seconds.
  path: Assets/TextMesh Pro/Examples & Extras/Scripts/TextConsoleSimulator.cs
  importAddress: Guid(43bcd35a1c0c40ccb6d472893fe2093f) Importer(2089858483,b0f066a214c2f5e87bad3c948f4d605d)
Start importing Assets/TextMesh Pro/Examples & Extras/Scripts/TextConsoleSimulator.cs using Guid(43bcd35a1c0c40ccb6d472893fe2093f) Importer(2089858483,b0f066a214c2f5e87bad3c948f4d605d) (ScriptedImporter) -> (Import Result ID: 'e05995d36f29cb2060d638c5e33818e8') in 0.003814 seconds [static and dynamic dependencies]. Details - ImportResultOutputID=fd745ea2364077aacfc619925744c908 DependenciesID=8770089d2d5884d74e122e6c97a901fc StaticDependenciesID=72e3fd52a5046304b70dfa263cf89404 
Number of updated asset objects reloaded before import = 0Number of asset objects unloaded after import = 0

========================================================================
Received Import Request.
  Time since last request: 0.000022 seconds.
  path: Assets/TextMesh Pro/Examples & Extras/Scripts/Benchmark04.cs
  importAddress: Guid(dc20866c0d5e413ab7559440e15333ae) Importer(2089858483,b0f066a214c2f5e87bad3c948f4d605d)
Start importing Assets/TextMesh Pro/Examples & Extras/Scripts/Benchmark04.cs using Guid(dc20866c0d5e413ab7559440e15333ae) Importer(2089858483,b0f066a214c2f5e87bad3c948f4d605d) (ScriptedImporter) -> (Import Result ID: '75f10740c94c90e534da8aa647aee688') in 0.0036976 seconds [static and dynamic dependencies]. Details - ImportResultOutputID=1cd68f38f1d4b91f47c00f5b10f25def DependenciesID=218ad0335682b6904bfc4551eb9ddaf5 StaticDependenciesID=6bc14ac5a03fc522ff5484b060715d3d 
Number of updated asset objects reloaded before import = 0Number of asset objects unloaded after import = 0

========================================================================
Received Import Request.
  Time since last request: 0.000361 seconds.
  path: Assets/TextMesh Pro/Examples & Extras/Scripts/TMP_FrameRateCounter.cs
  importAddress: Guid(686ec78b56aa445795335fbadafcfaa4) Importer(2089858483,b0f066a214c2f5e87bad3c948f4d605d)
Start importing Assets/TextMesh Pro/Examples & Extras/Scripts/TMP_FrameRateCounter.cs using Guid(686ec78b56aa445795335fbadafcfaa4) Importer(2089858483,b0f066a214c2f5e87bad3c948f4d605d) (ScriptedImporter) -> (Import Result ID: '3a34b68cca2215a9383411b86d97d4d8') in 0.005035 seconds [static and dynamic dependencies]. Details - ImportResultOutputID=089e23ebb6ad40d0073de3ef1c3e1190 DependenciesID=cd2af79e77e5bd010fe7e8d50daea091 StaticDependenciesID=86e304cfad00f9a91d434c7b98e2e5f8 
Number of updated asset objects reloaded before import = 0Number of asset objects unloaded after import = 0

========================================================================
Received Import Request.
  Time since last request: 0.000103 seconds.
  path: Assets/TextMesh Pro/Examples & Extras/Scenes/21 - Script Example.unity
  importAddress: Guid(50f52f9274434ecfb34dd87f0836f323) Importer(2089858483,b0f066a214c2f5e87bad3c948f4d605d)
Start importing Assets/TextMesh Pro/Examples & Extras/Scenes/21 - Script Example.unity using Guid(50f52f9274434ecfb34dd87f0836f323) Importer(2089858483,b0f066a214c2f5e87bad3c948f4d605d) (ScriptedImporter) -> (Import Result ID: 'f2e94c1762cf2f741361aa70c8c71b62') in 0.0096715 seconds [static and dynamic dependencies]. Details - ImportResultOutputID=c5333ba7540208b52d2eb9992ac0dec5 DependenciesID=068990366247a9abc10492fa7258dda6 StaticDependenciesID=7913ce83fe816fc985e13a1042ad655f 
Number of updated asset objects reloaded before import = 0Number of asset objects unloaded after import = 1

========================================================================
Received Import Request.
  Time since last request: 0.000055 seconds.
  path: Assets/TextMesh Pro/Examples & Extras/Scenes/22 - Basic Scripting Example.unity
  importAddress: Guid(6250f98e58fe4abbaada5d84b7ca846d) Importer(2089858483,b0f066a214c2f5e87bad3c948f4d605d)
Start importing Assets/TextMesh Pro/Examples & Extras/Scenes/22 - Basic Scripting Example.unity using Guid(6250f98e58fe4abbaada5d84b7ca846d) Importer(2089858483,b0f066a214c2f5e87bad3c948f4d605d) (ScriptedImporter) -> (Import Result ID: '204f66e1b5736506dbe92136c76ea6aa') in 0.004028 seconds [static and dynamic dependencies]. Details - ImportResultOutputID=a2a5c9ddd35847e26875b5f232778ad4 DependenciesID=8f9fe74c2ce3b487c112565671e238d6 StaticDependenciesID=11edb9b9a4f2e6ac29886052e8fa6f18 
Number of updated asset objects reloaded before import = 0Number of asset objects unloaded after import = 1

========================================================================
Received Import Request.
  Time since last request: 0.000041 seconds.
  path: Assets/TextMesh Pro/Examples & Extras/Scripts/TMP_ExampleScript_01.cs
  importAddress: Guid(6f2c5b59b6874405865e2616e4ec276a) Importer(2089858483,b0f066a214c2f5e87bad3c948f4d605d)
Start importing Assets/TextMesh Pro/Examples & Extras/Scripts/TMP_ExampleScript_01.cs using Guid(6f2c5b59b6874405865e2616e4ec276a) Importer(2089858483,b0f066a214c2f5e87bad3c948f4d605d) (ScriptedImporter) -> (Import Result ID: '16a8d1b1796f20839ce2c57a2a1d1b96') in 0.0042875 seconds [static and dynamic dependencies]. Details - ImportResultOutputID=46e632c91c7d16ebeefbcb42fc75e094 DependenciesID=2738df8d405b7f5b0ebcefd1ad06f79b StaticDependenciesID=90acfdb6f88018db149ac9fc8bf807e9 
Number of updated asset objects reloaded before import = 0Number of asset objects unloaded after import = 0

========================================================================
Received Import Request.
  Time since last request: 0.000045 seconds.
  path: Assets/TextMesh Pro/Examples & Extras/Scripts/TMP_TextInfoDebugTool.cs
  importAddress: Guid(21256c5b62f346f18640dad779911e20) Importer(2089858483,b0f066a214c2f5e87bad3c948f4d605d)
Start importing Assets/TextMesh Pro/Examples & Extras/Scripts/TMP_TextInfoDebugTool.cs using Guid(21256c5b62f346f18640dad779911e20) Importer(2089858483,b0f066a214c2f5e87bad3c948f4d605d) (ScriptedImporter) -> (Import Result ID: '8448782d1dcb6bc783516b250250a9ac') in 0.005748 seconds [static and dynamic dependencies]. Details - ImportResultOutputID=98f6c9fe83860655b5e027d0d906f90f DependenciesID=ec0732eff3b8c46aa5b43d4e65c9b0c2 StaticDependenciesID=be5183f6f09cfb70976b47e81954bd90 
Number of updated asset objects reloaded before import = 0Number of asset objects unloaded after import = 0

========================================================================
Received Import Request.
  Time since last request: 0.000103 seconds.
  path: Assets/TextMesh Pro/Examples & Extras/Scripts/TMP_UiFrameRateCounter.cs
  importAddress: Guid(24b0dc2d1d494adbbec1f4db26b4cf83) Importer(2089858483,b0f066a214c2f5e87bad3c948f4d605d)
Start importing Assets/TextMesh Pro/Examples & Extras/Scripts/TMP_UiFrameRateCounter.cs using Guid(24b0dc2d1d494adbbec1f4db26b4cf83) Importer(2089858483,b0f066a214c2f5e87bad3c948f4d605d) (ScriptedImporter) -> (Import Result ID: 'cce591820dfcc647c8db0a576d758089') in 0.0067366 seconds [static and dynamic dependencies]. Details - ImportResultOutputID=9f07ea125ba9ac9457281eee528eb18a DependenciesID=31e134d914dcda171d554cddbddddee5 StaticDependenciesID=6884d8f9ff53aa617470cfeb28ea1a01 
Number of updated asset objects reloaded before import = 0Number of asset objects unloaded after import = 0

========================================================================
Received Import Request.
  Time since last request: 0.000046 seconds.
  path: Assets/TextMesh Pro/Examples & Extras/Scenes/19 - Masking Texture & Soft Mask.unity
  importAddress: Guid(9abcd5bd764646568a6ea70d00f9264c) Importer(2089858483,b0f066a214c2f5e87bad3c948f4d605d)
Start importing Assets/TextMesh Pro/Examples & Extras/Scenes/19 - Masking Texture & Soft Mask.unity using Guid(9abcd5bd764646568a6ea70d00f9264c) Importer(2089858483,b0f066a214c2f5e87bad3c948f4d605d) (ScriptedImporter) -> (Import Result ID: '4d50d04036f7a6daf3895aa13c56dc28') in 0.0053832 seconds [static and dynamic dependencies]. Details - ImportResultOutputID=96d9463b125d4f0c12081669728afbea DependenciesID=22e6b8cacb2eaee43ba97ae83b240d24 StaticDependenciesID=44fd23200067209ce0ee15b104f5bf58 
Number of updated asset objects reloaded before import = 0Number of asset objects unloaded after import = 1

========================================================================
Received Import Request.
  Time since last request: 0.000025 seconds.
  path: Assets/TextMesh Pro/Examples & Extras/Scripts/Benchmark02.cs
  importAddress: Guid(e8538afcddc14efbb5d9e94b7ae50197) Importer(2089858483,b0f066a214c2f5e87bad3c948f4d605d)
Start importing Assets/TextMesh Pro/Examples & Extras/Scripts/Benchmark02.cs using Guid(e8538afcddc14efbb5d9e94b7ae50197) Importer(2089858483,b0f066a214c2f5e87bad3c948f4d605d) (ScriptedImporter) -> (Import Result ID: '62d277ed88d4b26ec125f7ee582b4868') in 0.0039927 seconds [static and dynamic dependencies]. Details - ImportResultOutputID=2da6ecc451858cc20403eae1484b887b DependenciesID=abdc973fa521050734989a72dc52dcaa StaticDependenciesID=c0ddc6bfab0119e725ca2944e315ebe8 
Number of updated asset objects reloaded before import = 0Number of asset objects unloaded after import = 0

========================================================================
Received Import Request.
  Time since last request: 0.000076 seconds.
  path: Assets/TextMesh Pro/Examples & Extras/Scenes/08 - Improved Text Alignment.unity
  importAddress: Guid(5fe2257128d9401fad0790f581dc8a6f) Importer(2089858483,b0f066a214c2f5e87bad3c948f4d605d)
Start importing Assets/TextMesh Pro/Examples & Extras/Scenes/08 - Improved Text Alignment.unity using Guid(5fe2257128d9401fad0790f581dc8a6f) Importer(2089858483,b0f066a214c2f5e87bad3c948f4d605d) (ScriptedImporter) -> (Import Result ID: 'b97495b5a903eff7afe4865a05b6c2de') in 0.0056573 seconds [static and dynamic dependencies]. Details - ImportResultOutputID=76eb5f06a8adc8120eb4800d5a9dd82a DependenciesID=2545cf0ef702e3a346c07f4160025755 StaticDependenciesID=09e257fce39290b23c45843579a08c23 
Number of updated asset objects reloaded before import = 0Number of asset objects unloaded after import = 1

========================================================================
Received Import Request.
  Time since last request: 0.000020 seconds.
  path: Assets/TextMesh Pro/Examples & Extras/Textures/Floor Tiles 1 - diffuse.jpg
  importAddress: Guid(85ac55597b97403c82fc6601a93cf241) Importer(2089858483,b0f066a214c2f5e87bad3c948f4d605d)
Start importing Assets/TextMesh Pro/Examples & Extras/Textures/Floor Tiles 1 - diffuse.jpg using Guid(85ac55597b97403c82fc6601a93cf241) Importer(2089858483,b0f066a214c2f5e87bad3c948f4d605d) (ScriptedImporter) -> (Import Result ID: '4392c898f372bd0fe3ee40debc937e61') in 0.0179397 seconds [static and dynamic dependencies]. Details - ImportResultOutputID=dbcbea933dff78edf9ccda16fc7a3f8e DependenciesID=c97d6e9385ad5c28ce7056135a201719 StaticDependenciesID=a1c73e8632467aa7b25967b1fd61cb4f 
Number of updated asset objects reloaded before import = 0Number of asset objects unloaded after import = 1

========================================================================
Received Import Request.
  Time since last request: 0.000029 seconds.
  path: Assets/TextMesh Pro/Examples & Extras/Textures/Fruit Jelly (B&W).jpg
  importAddress: Guid(1cdc5b506b1a4a33a53c30669ced1f51) Importer(2089858483,b0f066a214c2f5e87bad3c948f4d605d)
Start importing Assets/TextMesh Pro/Examples & Extras/Textures/Fruit Jelly (B&W).jpg using Guid(1cdc5b506b1a4a33a53c30669ced1f51) Importer(2089858483,b0f066a214c2f5e87bad3c948f4d605d) (ScriptedImporter) -> (Import Result ID: '9c14de571656aeb2e9b94f77ab85c24e') in 0.0116114 seconds [static and dynamic dependencies]. Details - ImportResultOutputID=c2cfe4b2b84962bc791b788166cef6f9 DependenciesID=27723130239e3009e98561bba70cf59b StaticDependenciesID=7dfc1d4d9d22eed8a100064430f6202e 
Number of updated asset objects reloaded before import = 0Number of asset objects unloaded after import = 1

========================================================================
Received Import Request.
  Time since last request: 0.000099 seconds.
  path: Assets/TextMesh Pro/Examples & Extras/Scenes/13 - Soft Hyphenation.unity
  importAddress: Guid(875684baf40f4d008ce806d03e2a81b2) Importer(2089858483,b0f066a214c2f5e87bad3c948f4d605d)
Start importing Assets/TextMesh Pro/Examples & Extras/Scenes/13 - Soft Hyphenation.unity using Guid(875684baf40f4d008ce806d03e2a81b2) Importer(2089858483,b0f066a214c2f5e87bad3c948f4d605d) (ScriptedImporter) -> (Import Result ID: '83d82842e246e7d3e282d3fdd7947da7') in 0.0067149 seconds [static and dynamic dependencies]. Details - ImportResultOutputID=6c70612bd5324ce6e1d5f6704d64e5da DependenciesID=c4cd0752d793ea9c41da08f61d7a9453 StaticDependenciesID=8b22a603b95319b51179f73ca79b9eb2 
Number of updated asset objects reloaded before import = 0Number of asset objects unloaded after import = 1

========================================================================
Received Import Request.
  Time since last request: 0.000067 seconds.
  path: Assets/TextMesh Pro/Examples & Extras/Scenes/24 - Surface Shader Example.unity
  importAddress: Guid(8c4969fd8ba94a68b07cf11f3e7a5137) Importer(2089858483,b0f066a214c2f5e87bad3c948f4d605d)
Start importing Assets/TextMesh Pro/Examples & Extras/Scenes/24 - Surface Shader Example.unity using Guid(8c4969fd8ba94a68b07cf11f3e7a5137) Importer(2089858483,b0f066a214c2f5e87bad3c948f4d605d) (ScriptedImporter) -> (Import Result ID: '241c878cf74b15b789de8024d6810c59') in 0.0090884 seconds [static and dynamic dependencies]. Details - ImportResultOutputID=1d14ada47a0411774b243296238f69fc DependenciesID=90ccf258ec4462180d19376939c6681e StaticDependenciesID=6be887906382fdcd7d881f2db52569fb 
Number of updated asset objects reloaded before import = 0Number of asset objects unloaded after import = 1

========================================================================
Received Import Request.
  Time since last request: 0.000048 seconds.
  path: Assets/TextMesh Pro/Examples & Extras/Scenes/15 - Inline Graphics & Sprites.unity
  importAddress: Guid(e76e6c0f81964cbda3fe0b7d26ed8060) Importer(2089858483,b0f066a214c2f5e87bad3c948f4d605d)
Start importing Assets/TextMesh Pro/Examples & Extras/Scenes/15 - Inline Graphics & Sprites.unity using Guid(e76e6c0f81964cbda3fe0b7d26ed8060) Importer(2089858483,b0f066a214c2f5e87bad3c948f4d605d) (ScriptedImporter) -> (Import Result ID: 'b8ba1853d5c81576a696c4d639de7bcf') in 0.004405 seconds [static and dynamic dependencies]. Details - ImportResultOutputID=852198d1eb3a9284e319678f70c57d05 DependenciesID=566172883cbc24337068f259f122dcf7 StaticDependenciesID=5e26c399827767fcf2d698b09612d3e7 
Number of updated asset objects reloaded before import = 0Number of asset objects unloaded after import = 1

========================================================================
Received Import Request.
  Time since last request: 0.000039 seconds.
  path: Assets/Scenes/Start/LightingData.asset
  importAddress: Guid(6a0f22236b8ffb1499b51e6e08b81117) Importer(2089858483,b0f066a214c2f5e87bad3c948f4d605d)
Start importing Assets/Scenes/Start/LightingData.asset using Guid(6a0f22236b8ffb1499b51e6e08b81117) Importer(2089858483,b0f066a214c2f5e87bad3c948f4d605d) (ScriptedImporter) -> (Import Result ID: '19b749b9e66bba0442c45ffb54240e4f') in 0.0048786 seconds [static and dynamic dependencies]. Details - ImportResultOutputID=ae080d101840656a2abcdd36d194827f DependenciesID=93afb40681e90302692b0e6534bdf42e StaticDependenciesID=a9f8fe1bbd56b4399f4c96faebe10ad2 
Number of updated asset objects reloaded before import = 0Number of asset objects unloaded after import = 2

========================================================================
Received Import Request.
  Time since last request: 0.000053 seconds.
  path: Assets/Models/Daytime/Apartments02.fbx
  importAddress: Guid(3614af98a643df04283bed41c8f4f7d4) Importer(2089858483,b0f066a214c2f5e87bad3c948f4d605d)
Start importing Assets/Models/Daytime/Apartments02.fbx using Guid(3614af98a643df04283bed41c8f4f7d4) Importer(2089858483,b0f066a214c2f5e87bad3c948f4d605d) (ScriptedImporter) -> (Import Result ID: '2e6c7598c917ef6b0fff75881741932e') in 0.0231937 seconds [static and dynamic dependencies]. Details - ImportResultOutputID=49a93d2a1ecac5c3cb43a1dc6edcfafa DependenciesID=4bc8298cd21fac49196111caa2db8a3d StaticDependenciesID=a30c2c14ec2e9b04f3633ef2fc2f99bf 
Number of updated asset objects reloaded before import = 0Number of asset objects unloaded after import = 9

========================================================================
Received Import Request.
  Time since last request: 0.000029 seconds.
  path: Assets/Models/NightTime/Cloud02Night.fbx
  importAddress: Guid(164a167d9f6f028498cc3b1732616292) Importer(2089858483,b0f066a214c2f5e87bad3c948f4d605d)
Start importing Assets/Models/NightTime/Cloud02Night.fbx using Guid(164a167d9f6f028498cc3b1732616292) Importer(2089858483,b0f066a214c2f5e87bad3c948f4d605d) (ScriptedImporter) -> (Import Result ID: '1ffef73357810f520fbaab20cddda63a') in 0.0239177 seconds [static and dynamic dependencies]. Details - ImportResultOutputID=a5492e79c953935d88b5bac7991e615f DependenciesID=74dd4b0442f838e350b5dcd3d690a26b StaticDependenciesID=42a4470357dd411494eee2cbe5eda148 
Number of updated asset objects reloaded before import = 0Number of asset objects unloaded after import = 8

========================================================================
Received Import Request.
  Time since last request: 0.000306 seconds.
  path: Assets/Models/NightTime/Road04Night.fbx
  importAddress: Guid(809dcc9239ac44748969b983deed2b1b) Importer(2089858483,b0f066a214c2f5e87bad3c948f4d605d)
Start importing Assets/Models/NightTime/Road04Night.fbx using Guid(809dcc9239ac44748969b983deed2b1b) Importer(2089858483,b0f066a214c2f5e87bad3c948f4d605d) (ScriptedImporter) -> (Import Result ID: 'f92a8699785793be93e329b0a5dbb3f9') in 0.0156269 seconds [static and dynamic dependencies]. Details - ImportResultOutputID=16a2d63b5709625cda06ba314a7185aa DependenciesID=88507d3c7c1bfa92097bf51cd687b2fe StaticDependenciesID=0888eff0ead68188788a3a98e1bfc2a2 
Number of updated asset objects reloaded before import = 0Number of asset objects unloaded after import = 8

========================================================================
Received Import Request.
  Time since last request: 0.000466 seconds.
  path: Assets/mokrane/Animations/Mokrane_Picking Up Object.fbx
  importAddress: Guid(3c14aa615d06fff4da15370ef3bb9589) Importer(2089858483,b0f066a214c2f5e87bad3c948f4d605d)
Start importing Assets/mokrane/Animations/Mokrane_Picking Up Object.fbx using Guid(3c14aa615d06fff4da15370ef3bb9589) Importer(2089858483,b0f066a214c2f5e87bad3c948f4d605d) (ScriptedImporter) -> (Import Result ID: 'fc563c16062cb65aa1c7e2c3320109ec') in 0.0266123 seconds [static and dynamic dependencies]. Details - ImportResultOutputID=e39c004dc87237b5694509a4075c6951 DependenciesID=8651a89bc2c36f4e22de4bab4d126ccd StaticDependenciesID=11776597d40ce0ac8db79fb19dfc7f16 
Number of updated asset objects reloaded before import = 0Number of asset objects unloaded after import = 137

========================================================================
Received Import Request.
  Time since last request: 0.000045 seconds.
  path: Assets/Scripts/UI/Shop/ShopUI.cs
  importAddress: Guid(7e37e904904515e45968849a10ca9cd4) Importer(2089858483,b0f066a214c2f5e87bad3c948f4d605d)
Start importing Assets/Scripts/UI/Shop/ShopUI.cs using Guid(7e37e904904515e45968849a10ca9cd4) Importer(2089858483,b0f066a214c2f5e87bad3c948f4d605d) (ScriptedImporter) -> (Import Result ID: '18180d37083c68db8ebd042afce82dc9') in 0.0069255 seconds [static and dynamic dependencies]. Details - ImportResultOutputID=079a417ee2878943cf102de4700c5400 DependenciesID=27d43b51a7a4b08198df17dfdef74e36 StaticDependenciesID=f9f9cdb0f94dd90d667c89274eba4f75 
Number of updated asset objects reloaded before import = 0Number of asset objects unloaded after import = 0

========================================================================
Received Import Request.
  Time since last request: 0.000069 seconds.
  path: Assets/TextMesh Pro/Shaders/TMP_SDF-HDRP LIT.shadergraph
  importAddress: Guid(ca2ed216f98028c4dae6c5224a952b3c) Importer(2089858483,b0f066a214c2f5e87bad3c948f4d605d)
Start importing Assets/TextMesh Pro/Shaders/TMP_SDF-HDRP LIT.shadergraph using Guid(ca2ed216f98028c4dae6c5224a952b3c) Importer(2089858483,b0f066a214c2f5e87bad3c948f4d605d) (ScriptedImporter) -> (Import Result ID: '9e59f80a6455a9f9dff1c3d11b3a9e76') in 0.0073004 seconds [static and dynamic dependencies]. Details - ImportResultOutputID=b835b25dc7c1bb0895f69dc893284ea4 DependenciesID=76e12806a6065d62b500afd134e4cc95 StaticDependenciesID=d2e47b0202b7793cc774999f519fc45b 
Number of updated asset objects reloaded before import = 0Number of asset objects unloaded after import = 1

========================================================================
Received Import Request.
  Time since last request: 0.000031 seconds.
  path: Assets/TextMesh Pro/Shaders/TMP_Sprite.shader
  importAddress: Guid(cf81c85f95fe47e1a27f6ae460cf182c) Importer(2089858483,b0f066a214c2f5e87bad3c948f4d605d)
Start importing Assets/TextMesh Pro/Shaders/TMP_Sprite.shader using Guid(cf81c85f95fe47e1a27f6ae460cf182c) Importer(2089858483,b0f066a214c2f5e87bad3c948f4d605d) (ScriptedImporter) -> (Import Result ID: 'd792f4aa0f4cd999af687dc89afd4e3c') in 0.0092139 seconds [static and dynamic dependencies]. Details - ImportResultOutputID=2319754f17ae69cdf87408dc17db3286 DependenciesID=fd25dbe7ec0306ade7312a98820a00f3 StaticDependenciesID=a81e5bd42182df2690e5bdad867634f4 
Number of updated asset objects reloaded before import = 0Number of asset objects unloaded after import = 1

========================================================================
Received Import Request.
  Time since last request: 0.000024 seconds.
  path: Assets/MobileDependencyResolver/Editor/1.2.185/Google.IOSResolver.dll
  importAddress: Guid(a1a3cd348b3c4bbc82b68b73893f222a) Importer(2089858483,b0f066a214c2f5e87bad3c948f4d605d)
Start importing Assets/MobileDependencyResolver/Editor/1.2.185/Google.IOSResolver.dll using Guid(a1a3cd348b3c4bbc82b68b73893f222a) Importer(2089858483,b0f066a214c2f5e87bad3c948f4d605d) (ScriptedImporter) -> (Import Result ID: '41305aeb829276b6e84cf214ab328c98') in 0.0156292 seconds [static and dynamic dependencies]. Details - ImportResultOutputID=e2ffd3b92479fa8b905d54008d2fa823 DependenciesID=11b6859f7bec4b3f2105b173fe169bc7 StaticDependenciesID=b6bc53c4b814a8620037072d066d1027 
Number of updated asset objects reloaded before import = 0Number of asset objects unloaded after import = 0

========================================================================
Received Import Request.
  Time since last request: 0.000029 seconds.
  path: Assets/Models/Daytime/Car01.fbx
  importAddress: Guid(c465382239af23b42aed17eb30f6a2b0) Importer(2089858483,b0f066a214c2f5e87bad3c948f4d605d)
Start importing Assets/Models/Daytime/Car01.fbx using Guid(c465382239af23b42aed17eb30f6a2b0) Importer(2089858483,b0f066a214c2f5e87bad3c948f4d605d) (ScriptedImporter) -> (Import Result ID: '255c7a8b2556d6ead1dcd153c5268f19') in 0.0307617 seconds [static and dynamic dependencies]. Details - ImportResultOutputID=4e054dd15c78332f93fea770d123de45 DependenciesID=ecf07e27f675de8f13510e5a56e1fdb9 StaticDependenciesID=71650d53a969e1eb8492e8c718b9c620 
Number of updated asset objects reloaded before import = 0Number of asset objects unloaded after import = 23

========================================================================
Received Import Request.
  Time since last request: 0.000029 seconds.
  path: Assets/Scripts/UI/LicenceDisplayer.cs
  importAddress: Guid(acacd8c3bf2793f4a8da0727706d7f03) Importer(2089858483,b0f066a214c2f5e87bad3c948f4d605d)
Start importing Assets/Scripts/UI/LicenceDisplayer.cs using Guid(acacd8c3bf2793f4a8da0727706d7f03) Importer(2089858483,b0f066a214c2f5e87bad3c948f4d605d) (ScriptedImporter) -> (Import Result ID: '781c57c4bc6b112eab4dfd5a730b8b96') in 0.0043699 seconds [static and dynamic dependencies]. Details - ImportResultOutputID=d75e52fed4f0f16765f68af1b9a46dc8 DependenciesID=ce008c5b37052fa480f539be93189f11 StaticDependenciesID=a2b1b24123491c54b1a7eef44303c1f1 
Number of updated asset objects reloaded before import = 0Number of asset objects unloaded after import = 0

========================================================================
Received Import Request.
  Time since last request: 0.000073 seconds.
  path: Assets/Models/Daytime/RoadWorksBarrier02.fbx
  importAddress: Guid(f7715405e25bba848b01157690c5fe35) Importer(2089858483,b0f066a214c2f5e87bad3c948f4d605d)
Start importing Assets/Models/Daytime/RoadWorksBarrier02.fbx using Guid(f7715405e25bba848b01157690c5fe35) Importer(2089858483,b0f066a214c2f5e87bad3c948f4d605d) (ScriptedImporter) -> (Import Result ID: 'ec13ccdcb1a9147a1d66a0174fdb9c1a') in 0.0185094 seconds [static and dynamic dependencies]. Details - ImportResultOutputID=28e347ccd710b3641ffd45f651b7cf0b DependenciesID=f2c1d3a91e32f7c3cf974be7ebcdf90c StaticDependenciesID=5b055591bf22ad5d98d4a37a8ce5aafe 
Number of updated asset objects reloaded before import = 0Number of asset objects unloaded after import = 8

========================================================================
Received Import Request.
  Time since last request: 0.000036 seconds.
  path: Assets/ALP_Assets/country house01/Textures/OldHouseMapWood01_AO.png
  importAddress: Guid(a0175ec9ea79242408f0318c992ffa60) Importer(2089858483,b0f066a214c2f5e87bad3c948f4d605d)
Start importing Assets/ALP_Assets/country house01/Textures/OldHouseMapWood01_AO.png using Guid(a0175ec9ea79242408f0318c992ffa60) Importer(2089858483,b0f066a214c2f5e87bad3c948f4d605d) (ScriptedImporter) -> (Import Result ID: 'cdf9ac9324deb42b7a5a23b9d180620f') in 0.0144581 seconds [static and dynamic dependencies]. Details - ImportResultOutputID=5eff7a6b7536193b690ae0605b7b8725 DependenciesID=10818589823d24bf030a551eab17f45d StaticDependenciesID=72c485e9fcdbb5aa9f67b42d0a5dbc16 
Number of updated asset objects reloaded before import = 0Number of asset objects unloaded after import = 1

========================================================================
Received Import Request.
  Time since last request: 0.000174 seconds.
  path: Assets/TextMesh Pro/Examples & Extras/Fonts/Roboto-Bold - AFL.txt
  importAddress: Guid(f28c334d44214474d9702d3ad79ecb0a) Importer(2089858483,b0f066a214c2f5e87bad3c948f4d605d)
Start importing Assets/TextMesh Pro/Examples & Extras/Fonts/Roboto-Bold - AFL.txt using Guid(f28c334d44214474d9702d3ad79ecb0a) Importer(2089858483,b0f066a214c2f5e87bad3c948f4d605d) (ScriptedImporter) -> (Import Result ID: '7c5cb884016ba71d5ec05e3952b66a60') in 0.0045665 seconds [static and dynamic dependencies]. Details - ImportResultOutputID=6a785bcd8e978f8cc6d27514d77fab7f DependenciesID=011f4942f03c589e49fba12e5b886da9 StaticDependenciesID=cbec66116dde00fda57beca4eb6ceb46 
Number of updated asset objects reloaded before import = 0Number of asset objects unloaded after import = 1

========================================================================
Received Import Request.
  Time since last request: 0.000058 seconds.
  path: Assets/TextMesh Pro/Examples & Extras/Scenes/23 - Animating Vertex Attributes.unity
  importAddress: Guid(54e994244b4b467e8583cf2da6dcc716) Importer(2089858483,b0f066a214c2f5e87bad3c948f4d605d)
Start importing Assets/TextMesh Pro/Examples & Extras/Scenes/23 - Animating Vertex Attributes.unity using Guid(54e994244b4b467e8583cf2da6dcc716) Importer(2089858483,b0f066a214c2f5e87bad3c948f4d605d) (ScriptedImporter) -> (Import Result ID: '10f7ee6a2e3bb9320979780dbd07db41') in 0.0073147 seconds [static and dynamic dependencies]. Details - ImportResultOutputID=e98538cd9a689a390b25ca515b67b3d8 DependenciesID=f6c1577a8a595131772c0e5edd0830f9 StaticDependenciesID=aa55b32ef9dec03eb78d278785cb46bf 
Number of updated asset objects reloaded before import = 0Number of asset objects unloaded after import = 1

========================================================================
Received Import Request.
  Time since last request: 0.000050 seconds.
  path: Assets/ALP_Assets/country house01/Prefabs/Door02_pr.prefab
  importAddress: Guid(fadf7932e0841974e9fe0f70bf28cee5) Importer(2089858483,b0f066a214c2f5e87bad3c948f4d605d)
Start importing Assets/ALP_Assets/country house01/Prefabs/Door02_pr.prefab using Guid(fadf7932e0841974e9fe0f70bf28cee5) Importer(2089858483,b0f066a214c2f5e87bad3c948f4d605d) (ScriptedImporter) -> (Import Result ID: '96c687bebcbf32c6f7853acd6c4e4250') in 0.0153619 seconds [static and dynamic dependencies]. Details - ImportResultOutputID=9404c765d22f76d8f301b0af1766fe76 DependenciesID=ac83d07a20833f5fbe7af47bf8a6ff21 StaticDependenciesID=e6666d8672b2551e053be0b5f0aa960c 
Number of updated asset objects reloaded before import = 0Number of asset objects unloaded after import = 22

========================================================================
Received Import Request.
  Time since last request: 0.000025 seconds.
  path: Assets/mokrane/texture/hair.png
  importAddress: Guid(9df347c89b5b3dc4aa8506d96d76aeec) Importer(2089858483,b0f066a214c2f5e87bad3c948f4d605d)
Start importing Assets/mokrane/texture/hair.png using Guid(9df347c89b5b3dc4aa8506d96d76aeec) Importer(2089858483,b0f066a214c2f5e87bad3c948f4d605d) (ScriptedImporter) -> (Import Result ID: 'fd095d2aad719616cdbff65adca0b489') in 0.0142106 seconds [static and dynamic dependencies]. Details - ImportResultOutputID=785dbe017331917e2ae577f54e481841 DependenciesID=cf817aea2a3161e7d12928331e42ba8b StaticDependenciesID=5baf5b4db45790c728e8751cc58c9304 
Number of updated asset objects reloaded before import = 0Number of asset objects unloaded after import = 1

========================================================================
Received Import Request.
  Time since last request: 0.000119 seconds.
  path: Assets/Scripts/Sounds/MusicPlayer.cs
  importAddress: Guid(35e3b2f55914ad449803d16ec91e4021) Importer(2089858483,b0f066a214c2f5e87bad3c948f4d605d)
Start importing Assets/Scripts/Sounds/MusicPlayer.cs using Guid(35e3b2f55914ad449803d16ec91e4021) Importer(2089858483,b0f066a214c2f5e87bad3c948f4d605d) (ScriptedImporter) -> (Import Result ID: 'f93a7511d6ab81417d69fd1940dc6306') in 0.0046439 seconds [static and dynamic dependencies]. Details - ImportResultOutputID=572407a08ca5d6449d4bdaa5c36f912e DependenciesID=e6654f75727d46ce00bdf181463e94f8 StaticDependenciesID=a254809625d895caf238a68a47fd7497 
Number of updated asset objects reloaded before import = 0Number of asset objects unloaded after import = 0

========================================================================
Received Import Request.
  Time since last request: 0.000095 seconds.
  path: Assets/TextMesh Pro/Shaders/TMP_Bitmap-Mobile.shader
  importAddress: Guid(1e3b057af24249748ff873be7fafee47) Importer(2089858483,b0f066a214c2f5e87bad3c948f4d605d)
Start importing Assets/TextMesh Pro/Shaders/TMP_Bitmap-Mobile.shader using Guid(1e3b057af24249748ff873be7fafee47) Importer(2089858483,b0f066a214c2f5e87bad3c948f4d605d) (ScriptedImporter) -> (Import Result ID: 'c36333585c0df4522a4195b76761896f') in 0.0049095 seconds [static and dynamic dependencies]. Details - ImportResultOutputID=b4f77e5b049550e4a379021d00e348fa DependenciesID=bb78558fe1c79297f1713e000b39bc75 StaticDependenciesID=ba05bf65226584121c1346f54df493db 
Number of updated asset objects reloaded before import = 0Number of asset objects unloaded after import = 1

========================================================================
Received Import Request.
  Time since last request: 0.000088 seconds.
  path: Assets/Scripts/UI/HighscoreUI.cs
  importAddress: Guid(1a6452b9bb1a07a45b7eb7869a8a49ab) Importer(2089858483,b0f066a214c2f5e87bad3c948f4d605d)
Start importing Assets/Scripts/UI/HighscoreUI.cs using Guid(1a6452b9bb1a07a45b7eb7869a8a49ab) Importer(2089858483,b0f066a214c2f5e87bad3c948f4d605d) (ScriptedImporter) -> (Import Result ID: '40c2305ca625888d8e2ace594981942c') in 0.0041786 seconds [static and dynamic dependencies]. Details - ImportResultOutputID=88f64701d69e2d38dd84a56b2989de2f DependenciesID=e445d2d62400bf02a0eab1a500f54be4 StaticDependenciesID=777a0b37ca99edb1ebb03d52fcd5daf8 
Number of updated asset objects reloaded before import = 0Number of asset objects unloaded after import = 0

========================================================================
Received Import Request.
  Time since last request: 0.000112 seconds.
  path: Assets/TextMesh Pro/Examples & Extras/Textures/Wipe Pattern - Circle.psd
  importAddress: Guid(10c49fcd9c64421db7c0133e61e55f97) Importer(2089858483,b0f066a214c2f5e87bad3c948f4d605d)
Start importing Assets/TextMesh Pro/Examples & Extras/Textures/Wipe Pattern - Circle.psd using Guid(10c49fcd9c64421db7c0133e61e55f97) Importer(2089858483,b0f066a214c2f5e87bad3c948f4d605d) (ScriptedImporter) -> (Import Result ID: 'c88fe29df6e9f4b77ca9d86fead6e601') in 0.0090806 seconds [static and dynamic dependencies]. Details - ImportResultOutputID=5e65e7a8ace90efa1c58ff0ce7fd573b DependenciesID=47bef8c08681602b67e4d17f4d47f675 StaticDependenciesID=8d1517b6d5a2e0b2f71ca265f6d73732 
Number of updated asset objects reloaded before import = 0Number of asset objects unloaded after import = 1

========================================================================
Received Import Request.
  Time since last request: 0.000032 seconds.
  path: Assets/Bundles/Themes/NightTime/Urban/UrbanBuilding03.prefab
  importAddress: Guid(fee9019dfd7946b40892dcef5d3fcc42) Importer(2089858483,b0f066a214c2f5e87bad3c948f4d605d)
Start importing Assets/Bundles/Themes/NightTime/Urban/UrbanBuilding03.prefab using Guid(fee9019dfd7946b40892dcef5d3fcc42) Importer(2089858483,b0f066a214c2f5e87bad3c948f4d605d) (ScriptedImporter) -> (Import Result ID: '4cc1ec54c09490292e699f14d93bbe44') in 0.0268202 seconds [static and dynamic dependencies]. Details - ImportResultOutputID=166065bb200f050d7b63129d5381deeb DependenciesID=5e35915b11b77e846f12d67fdf45175c StaticDependenciesID=501daba76a4d47ba5cdba6a842bdb93e 
Number of updated asset objects reloaded before import = 0Number of asset objects unloaded after import = 140

========================================================================
Received Import Request.
  Time since last request: 0.000030 seconds.
  path: Assets/TextMesh Pro/Examples & Extras/Textures/Gradient Vertical (Color).jpg
  importAddress: Guid(03d0538de6e24c0f819bfc9ce084dfa9) Importer(2089858483,b0f066a214c2f5e87bad3c948f4d605d)
Start importing Assets/TextMesh Pro/Examples & Extras/Textures/Gradient Vertical (Color).jpg using Guid(03d0538de6e24c0f819bfc9ce084dfa9) Importer(2089858483,b0f066a214c2f5e87bad3c948f4d605d) (ScriptedImporter) -> (Import Result ID: 'd0362591e9ad48590e3b937a81a0e8af') in 0.0131875 seconds [static and dynamic dependencies]. Details - ImportResultOutputID=c3465a2879d08f7d3186b35541e7594d DependenciesID=9ae59bc17fe610690b8d32ce091b281f StaticDependenciesID=77a21e41cf77f67bdc28ff230c4593c0 
Number of updated asset objects reloaded before import = 0Number of asset objects unloaded after import = 1

========================================================================
Received Import Request.
  Time since last request: 0.000044 seconds.
  path: Assets/Bundles/Themes/Default/Urban/UrbanPlasterWalls02.prefab
  importAddress: Guid(423b9549e9d84034aac50ab7e0459e77) Importer(2089858483,b0f066a214c2f5e87bad3c948f4d605d)
Start importing Assets/Bundles/Themes/Default/Urban/UrbanPlasterWalls02.prefab using Guid(423b9549e9d84034aac50ab7e0459e77) Importer(2089858483,b0f066a214c2f5e87bad3c948f4d605d) (ScriptedImporter) -> (Import Result ID: '4c61f0b267847e62404348a68a30fb72') in 0.0138947 seconds [static and dynamic dependencies]. Details - ImportResultOutputID=a685f4061010f078d3e3508f7e7439ee DependenciesID=445c65f0f7d0f690c9dfc68172c13c4c StaticDependenciesID=3348f4c40536be1f9dcc565b0d744de0 
Number of updated asset objects reloaded before import = 0Number of asset objects unloaded after import = 56

========================================================================
Received Import Request.
  Time since last request: 0.000053 seconds.
  path: Assets/Bundles/Themes/NightTime/Obstacles/ObstacleLowBarrier.prefab
  importAddress: Guid(a9b51c81c20d09b49a078e5821bb9d58) Importer(2089858483,b0f066a214c2f5e87bad3c948f4d605d)
Start importing Assets/Bundles/Themes/NightTime/Obstacles/ObstacleLowBarrier.prefab using Guid(a9b51c81c20d09b49a078e5821bb9d58) Importer(2089858483,b0f066a214c2f5e87bad3c948f4d605d) (ScriptedImporter) -> (Import Result ID: '8145bfcca1529f4627863b35be580b79') in 0.0145999 seconds [static and dynamic dependencies]. Details - ImportResultOutputID=47b4d40c823a122e86ed991992304d23 DependenciesID=82bdd7f36eb80ecf6db98f7710414c26 StaticDependenciesID=52257157416de8dd64097267fa10750d 
Number of updated asset objects reloaded before import = 0Number of asset objects unloaded after import = 23

========================================================================
Received Import Request.
  Time since last request: 0.000036 seconds.
  path: Assets/Bundles/Themes/NightTime/Urban/UrbanRoadIntersection.prefab
  importAddress: Guid(2ff30b5076d96ac4eb9ef7bf11a1bf5b) Importer(2089858483,b0f066a214c2f5e87bad3c948f4d605d)
Start importing Assets/Bundles/Themes/NightTime/Urban/UrbanRoadIntersection.prefab using Guid(2ff30b5076d96ac4eb9ef7bf11a1bf5b) Importer(2089858483,b0f066a214c2f5e87bad3c948f4d605d) (ScriptedImporter) -> (Import Result ID: 'a5bd97616c7c5c4e6ed75fc45d60c60d') in 0.0257492 seconds [static and dynamic dependencies]. Details - ImportResultOutputID=48b1c6f8deb3c5501f6046b5f0a518ea DependenciesID=7e5c2373c2778f0af94a0708f03ba1c6 StaticDependenciesID=bfe809727a009c97c7f3e95718a31922 
Number of updated asset objects reloaded before import = 0Number of asset objects unloaded after import = 161

========================================================================
Received Import Request.
  Time since last request: 0.000036 seconds.
  path: Assets/TextMesh Pro/Examples & Extras/Textures/Wipe Pattern - Diagonal.psd
  importAddress: Guid(ed5290d8df18488780e2996b9b882f01) Importer(2089858483,b0f066a214c2f5e87bad3c948f4d605d)
Start importing Assets/TextMesh Pro/Examples & Extras/Textures/Wipe Pattern - Diagonal.psd using Guid(ed5290d8df18488780e2996b9b882f01) Importer(2089858483,b0f066a214c2f5e87bad3c948f4d605d) (ScriptedImporter) -> (Import Result ID: '0a8095149d2a5491fef26cc974085d2a') in 0.0126232 seconds [static and dynamic dependencies]. Details - ImportResultOutputID=8f399cc34360988731b9204ed3886fc2 DependenciesID=8be31dab4785e4791ce85f95c3c29dbb StaticDependenciesID=e6c566f7a3e355d8dd414b484f63a62a 
Number of updated asset objects reloaded before import = 0Number of asset objects unloaded after import = 1

========================================================================
Received Import Request.
  Time since last request: 0.000071 seconds.
  path: Assets/Bundles/Themes/NightTime/Urban/UrbanRoadTSection.prefab
  importAddress: Guid(24e342794dd5ea94fa4836beedc3a776) Importer(2089858483,b0f066a214c2f5e87bad3c948f4d605d)
Start importing Assets/Bundles/Themes/NightTime/Urban/UrbanRoadTSection.prefab using Guid(24e342794dd5ea94fa4836beedc3a776) Importer(2089858483,b0f066a214c2f5e87bad3c948f4d605d) (ScriptedImporter) -> (Import Result ID: '5c8c92cd404b3299676cf70d2dfbfa55') in 0.0203505 seconds [static and dynamic dependencies]. Details - ImportResultOutputID=f6a8ac6cf38f9b6fb9d0f40c41e7c66d DependenciesID=c75cee6db02e60cfcd81e2cc73da392e StaticDependenciesID=88d80bba17b3ee971f0641a45de425bf 
Number of updated asset objects reloaded before import = 0Number of asset objects unloaded after import = 155

========================================================================
Received Import Request.
  Time since last request: 0.000034 seconds.
  path: Assets/Bundles/Themes/NightTime/Sky/NightCloud02.prefab
  importAddress: Guid(07a627dbf273e1d45bcb01af87c57cbb) Importer(2089858483,b0f066a214c2f5e87bad3c948f4d605d)
Start importing Assets/Bundles/Themes/NightTime/Sky/NightCloud02.prefab using Guid(07a627dbf273e1d45bcb01af87c57cbb) Importer(2089858483,b0f066a214c2f5e87bad3c948f4d605d) (ScriptedImporter) -> (Import Result ID: 'e70163e7c8f2b5ac374184900caeff4d') in 0.0076362 seconds [static and dynamic dependencies]. Details - ImportResultOutputID=1449b003381b4e928e7fedb2668754d2 DependenciesID=f4a10903e001d598f2b1920c77859bfe StaticDependenciesID=3aea90b67d3fa188e496902d4647d426 
Number of updated asset objects reloaded before import = 0Number of asset objects unloaded after import = 9

========================================================================
Received Import Request.
  Time since last request: 0.000048 seconds.
  path: Assets/Bundles/Themes/NightTime/Urban/UrbanPlasterWalls01.prefab
  importAddress: Guid(5bc3c5bd95058764489501ac1024b7ea) Importer(2089858483,b0f066a214c2f5e87bad3c948f4d605d)
Start importing Assets/Bundles/Themes/NightTime/Urban/UrbanPlasterWalls01.prefab using Guid(5bc3c5bd95058764489501ac1024b7ea) Importer(2089858483,b0f066a214c2f5e87bad3c948f4d605d) (ScriptedImporter) -> (Import Result ID: '5f71733ea969252b6454aa973286f983') in 0.0136289 seconds [static and dynamic dependencies]. Details - ImportResultOutputID=cb4724c76547569d6be8116ec4151dd8 DependenciesID=f71060316541ad9fefa7013d43546685 StaticDependenciesID=e30651ba4320701d40755eecf2890461 
Number of updated asset objects reloaded before import = 0Number of asset objects unloaded after import = 41

========================================================================
Received Import Request.
  Time since last request: 0.000079 seconds.
  path: Assets/TextMesh Pro/Examples & Extras/Textures/Small Crate_normal.jpg
  importAddress: Guid(8878a782f4334ecbbcf683b3ac780966) Importer(2089858483,b0f066a214c2f5e87bad3c948f4d605d)
Start importing Assets/TextMesh Pro/Examples & Extras/Textures/Small Crate_normal.jpg using Guid(8878a782f4334ecbbcf683b3ac780966) Importer(2089858483,b0f066a214c2f5e87bad3c948f4d605d) (ScriptedImporter) -> (Import Result ID: '7c088eef6b6b78195dda698ae641ab50') in 0.0123291 seconds [static and dynamic dependencies]. Details - ImportResultOutputID=954fd17e76dfa7d92a40f49c424d16b7 DependenciesID=f7c41d3e04c585f73fed1629083a54e0 StaticDependenciesID=bac78780346386a88a64a4872ed4e793 
Number of updated asset objects reloaded before import = 0Number of asset objects unloaded after import = 1

========================================================================
Received Import Request.
  Time since last request: 0.000066 seconds.
  path: Assets/Bundles/Themes/NightTime/Urban/UrbanBrickWalls01.prefab
  importAddress: Guid(fd02fb81cd8dfa94fb3811b38b78b386) Importer(2089858483,b0f066a214c2f5e87bad3c948f4d605d)
Start importing Assets/Bundles/Themes/NightTime/Urban/UrbanBrickWalls01.prefab using Guid(fd02fb81cd8dfa94fb3811b38b78b386) Importer(2089858483,b0f066a214c2f5e87bad3c948f4d605d) (ScriptedImporter) -> (Import Result ID: '9353c210b16eef7062f85815010642a8') in 0.0180661 seconds [static and dynamic dependencies]. Details - ImportResultOutputID=fa19c479127ea1a54d59e5a1f1b42138 DependenciesID=673b6c43ed2bab6cc7187af5635d36b9 StaticDependenciesID=20dc825157d91ae29bbfd678802d3d7d 
Number of updated asset objects reloaded before import = 0Number of asset objects unloaded after import = 60

========================================================================
Received Import Request.
  Time since last request: 0.000116 seconds.
  path: Assets/Bundles/Themes/Default/Industrial/IndustrialWarehouse01.prefab
  importAddress: Guid(2d4807022e73aa34ab8f01892dbdfe1d) Importer(2089858483,b0f066a214c2f5e87bad3c948f4d605d)
Start importing Assets/Bundles/Themes/Default/Industrial/IndustrialWarehouse01.prefab using Guid(2d4807022e73aa34ab8f01892dbdfe1d) Importer(2089858483,b0f066a214c2f5e87bad3c948f4d605d) (ScriptedImporter) -> (Import Result ID: '1fd2acc851d5eb4880185201d062a324') in 0.0178916 seconds [static and dynamic dependencies]. Details - ImportResultOutputID=c05bb67087804d47b0ce950415bd3f47 DependenciesID=83e9c25d8dec080202e208d4868cbf45 StaticDependenciesID=4d2944246111794980b3b9d1035dabe6 
Number of updated asset objects reloaded before import = 0Number of asset objects unloaded after import = 41

========================================================================
Received Import Request.
  Time since last request: 0.000027 seconds.
  path: Assets/Bundles/Themes/Default/Industrial/IndustrialWarehouse03.prefab
  importAddress: Guid(9e0040302c7a83c4d8e1ddf3979d6979) Importer(2089858483,b0f066a214c2f5e87bad3c948f4d605d)
Start importing Assets/Bundles/Themes/Default/Industrial/IndustrialWarehouse03.prefab using Guid(9e0040302c7a83c4d8e1ddf3979d6979) Importer(2089858483,b0f066a214c2f5e87bad3c948f4d605d) (ScriptedImporter) -> (Import Result ID: '3788c275bff438eab1fcbb0b3e8ea0b8') in 0.0235381 seconds [static and dynamic dependencies]. Details - ImportResultOutputID=8cf591fc5001ffe9c3f41b98dd8174cc DependenciesID=ad88748d54a21f999ab95f1cb8213e65 StaticDependenciesID=876e2e7e6635939323e896d532196b1d 
Number of updated asset objects reloaded before import = 0Number of asset objects unloaded after import = 116

========================================================================
Received Import Request.
  Time since last request: 0.000028 seconds.
  path: Assets/Bundles/Themes/Default/Obstacles/ObstacleWheelyBin.prefab
  importAddress: Guid(d9056217b765e1b4893238b9e7ebddbc) Importer(2089858483,b0f066a214c2f5e87bad3c948f4d605d)
Start importing Assets/Bundles/Themes/Default/Obstacles/ObstacleWheelyBin.prefab using Guid(d9056217b765e1b4893238b9e7ebddbc) Importer(2089858483,b0f066a214c2f5e87bad3c948f4d605d) (ScriptedImporter) -> (Import Result ID: '2ecf3fb830dab17e6b64df2b63ac8510') in 0.0142155 seconds [static and dynamic dependencies]. Details - ImportResultOutputID=60587a9774c31b6d88840acce07cbc4e DependenciesID=45fcac2928ba6259c5057c4460f3c0ea StaticDependenciesID=22b3446d85a3468e681089b1b664795f 
Number of updated asset objects reloaded before import = 0Number of asset objects unloaded after import = 25

========================================================================
Received Import Request.
  Time since last request: 0.000041 seconds.
  path: Assets/Bundles/Themes/Default/Suburbs/SuburbsHouse03.prefab
  importAddress: Guid(544006c54b323e9419926850d7e3fbac) Importer(2089858483,b0f066a214c2f5e87bad3c948f4d605d)
Start importing Assets/Bundles/Themes/Default/Suburbs/SuburbsHouse03.prefab using Guid(544006c54b323e9419926850d7e3fbac) Importer(2089858483,b0f066a214c2f5e87bad3c948f4d605d) (ScriptedImporter) -> (Import Result ID: '6e68822aa2e6c3dde2d0a3917672baa0') in 0.017471 seconds [static and dynamic dependencies]. Details - ImportResultOutputID=e8afcb281f7239d7a196845eef1ba774 DependenciesID=b3a1bb46331987a7ea09f43ca09fd7aa StaticDependenciesID=8aa2fd1dc449d6b7089bd15492591d6b 
Number of updated asset objects reloaded before import = 0Number of asset objects unloaded after import = 71

========================================================================
Received Import Request.
  Time since last request: 0.000025 seconds.
  path: Assets/Bundles/Themes/Default/Obstacles/ObstacleHighBarrier.prefab
  importAddress: Guid(b19a0bd8ede69fe4683dff84150a047b) Importer(2089858483,b0f066a214c2f5e87bad3c948f4d605d)
Start importing Assets/Bundles/Themes/Default/Obstacles/ObstacleHighBarrier.prefab using Guid(b19a0bd8ede69fe4683dff84150a047b) Importer(2089858483,b0f066a214c2f5e87bad3c948f4d605d) (ScriptedImporter) -> (Import Result ID: '11b113f3465b4a62a97ee6e05ee9a361') in 0.0117844 seconds [static and dynamic dependencies]. Details - ImportResultOutputID=237ff8d237dd5bb2014bbabec5da0db7 DependenciesID=ed97cf7429a52ab1299bad7a8d280166 StaticDependenciesID=bc2e542326a7db36f3e33f18feda3284 
Number of updated asset objects reloaded before import = 0Number of asset objects unloaded after import = 16

========================================================================
Received Import Request.
  Time since last request: 0.000023 seconds.
  path: Assets/TextMesh Pro/Resources/Fonts & Materials/LiberationSans SDF - Drop Shadow.mat
  importAddress: Guid(e73a58f6e2794ae7b1b7e50b7fb811b0) Importer(2089858483,b0f066a214c2f5e87bad3c948f4d605d)
Start importing Assets/TextMesh Pro/Resources/Fonts & Materials/LiberationSans SDF - Drop Shadow.mat using Guid(e73a58f6e2794ae7b1b7e50b7fb811b0) Importer(2089858483,b0f066a214c2f5e87bad3c948f4d605d) (ScriptedImporter) -> (Import Result ID: 'a7b0ec9c70e8b9572025dcb347c8bf3e') in 0.0192297 seconds [static and dynamic dependencies]. Details - ImportResultOutputID=ce72ef32eaaac8d7ab488adf28ad3e68 DependenciesID=a50d6a7860a8b6dbb37eef200024da51 StaticDependenciesID=88019135da2da4fcd85cec6acfa02a85 
Number of updated asset objects reloaded before import = 0Number of asset objects unloaded after import = 2

========================================================================
Received Import Request.
  Time since last request: 0.000023 seconds.
  path: Assets/Bundles/Themes/Default/Obstacles/ObstacleRoadworksBarrier.prefab
  importAddress: Guid(82eb370d70e50344cb6eeb919a1429b8) Importer(2089858483,b0f066a214c2f5e87bad3c948f4d605d)
Start importing Assets/Bundles/Themes/Default/Obstacles/ObstacleRoadworksBarrier.prefab using Guid(82eb370d70e50344cb6eeb919a1429b8) Importer(2089858483,b0f066a214c2f5e87bad3c948f4d605d) (ScriptedImporter) -> (Import Result ID: '3fc5fc9a8ffc8cd7e5c2aeea955fd954') in 0.0112894 seconds [static and dynamic dependencies]. Details - ImportResultOutputID=4860f0e08722a975a24c91d5b5bc7939 DependenciesID=a332e105dcb100a78e37d5c1ec7ee636 StaticDependenciesID=c209e7d134ca7d5be545661447396cd6 
Number of updated asset objects reloaded before import = 0Number of asset objects unloaded after import = 15

========================================================================
Received Import Request.
  Time since last request: 0.000072 seconds.
  path: Assets/TextMesh Pro/Resources/Fonts & Materials/LiberationSans SDF.asset
  importAddress: Guid(8f586378b4e144a9851e7b34d9b748ee) Importer(2089858483,b0f066a214c2f5e87bad3c948f4d605d)
Start importing Assets/TextMesh Pro/Resources/Fonts & Materials/LiberationSans SDF.asset using Guid(8f586378b4e144a9851e7b34d9b748ee) Importer(2089858483,b0f066a214c2f5e87bad3c948f4d605d) (ScriptedImporter) -> (Import Result ID: 'ead4b5ebc46efb34f705c2ec68383d7d') in 0.0290842 seconds [static and dynamic dependencies]. Details - ImportResultOutputID=5cc74271044d6d71777356122e20401a DependenciesID=88ab90c127d66d0d7ee6c1f19c6a2fba StaticDependenciesID=f24aa01374016caa59713b859ae89089 
Number of updated asset objects reloaded before import = 0Number of asset objects unloaded after import = 1

========================================================================
Received Import Request.
  Time since last request: 0.000027 seconds.
  path: Assets/TutorialInfo/Scripts/Editor/ReadmeEditor.cs
  importAddress: Guid(542850894a1302343a169ee04e70f433) Importer(2089858483,b0f066a214c2f5e87bad3c948f4d605d)
Start importing Assets/TutorialInfo/Scripts/Editor/ReadmeEditor.cs using Guid(542850894a1302343a169ee04e70f433) Importer(2089858483,b0f066a214c2f5e87bad3c948f4d605d) (ScriptedImporter) -> (Import Result ID: 'ae2d77e370739befe16d7ccf363df16e') in 0.007454 seconds [static and dynamic dependencies]. Details - ImportResultOutputID=9545cb2dd70a917176a1671eed4a80c9 DependenciesID=e12c71412c9a278000639289d724d52c StaticDependenciesID=6739fb70b4ce9438e7730e663324f925 
Number of updated asset objects reloaded before import = 0Number of asset objects unloaded after import = 0

========================================================================
Received Import Request.
  Time since last request: 0.000101 seconds.
  path: Assets/Bundles/Themes/NightTime/Obstacles/ObstacleBin.prefab
  importAddress: Guid(e4530c9317086c24e956c8e653d7cfc1) Importer(2089858483,b0f066a214c2f5e87bad3c948f4d605d)
Start importing Assets/Bundles/Themes/NightTime/Obstacles/ObstacleBin.prefab using Guid(e4530c9317086c24e956c8e653d7cfc1) Importer(2089858483,b0f066a214c2f5e87bad3c948f4d605d) (ScriptedImporter) -> (Import Result ID: '85119f7841f9f11bc978e2b6fa23f28d') in 0.0136772 seconds [static and dynamic dependencies]. Details - ImportResultOutputID=57c0c5c99fabec627837b5a924135c91 DependenciesID=f95ecdd2b1c32ccdc0128e22ea6af394 StaticDependenciesID=75d7971d208725056abf0ea14958324e 
Number of updated asset objects reloaded before import = 0Number of asset objects unloaded after import = 25

========================================================================
Received Import Request.
  Time since last request: 0.000035 seconds.
  path: Assets/Bundles/Themes/NightTime/Obstacles/ObstacleRat.prefab
  importAddress: Guid(35231d694d6c0ae4da2714b8969719cd) Importer(2089858483,b0f066a214c2f5e87bad3c948f4d605d)
Start importing Assets/Bundles/Themes/NightTime/Obstacles/ObstacleRat.prefab using Guid(35231d694d6c0ae4da2714b8969719cd) Importer(2089858483,b0f066a214c2f5e87bad3c948f4d605d) (ScriptedImporter) -> (Import Result ID: 'e9d1a283f4591d4208c8e110bbbbf054') in 0.0132836 seconds [static and dynamic dependencies]. Details - ImportResultOutputID=384376aed2f891b1a49d9b9d22e47f1f DependenciesID=f52b7e47ff3c8d0757c4e1fb8349f5ff StaticDependenciesID=9e1fe51428fa6a3a9596d442b91c1941 
Number of updated asset objects reloaded before import = 0Number of asset objects unloaded after import = 21

========================================================================
Received Import Request.
  Time since last request: 0.000026 seconds.
  path: Assets/TextMesh Pro/Examples & Extras/Textures/Small Crate_diffuse.jpg
  importAddress: Guid(602cb87b6a29443b8636370ea0751574) Importer(2089858483,b0f066a214c2f5e87bad3c948f4d605d)
Start importing Assets/TextMesh Pro/Examples & Extras/Textures/Small Crate_diffuse.jpg using Guid(602cb87b6a29443b8636370ea0751574) Importer(2089858483,b0f066a214c2f5e87bad3c948f4d605d) (ScriptedImporter) -> (Import Result ID: 'd392851e53ea6dd87cc0a16ab2fff8a1') in 0.0152697 seconds [static and dynamic dependencies]. Details - ImportResultOutputID=f63b97e337a901cdbdf3ba2ae8405ed3 DependenciesID=0a364dc992c0a12407026a8d382bfb4a StaticDependenciesID=7b727f8fb5f073f4cf0a208cb43a10da 
Number of updated asset objects reloaded before import = 0Number of asset objects unloaded after import = 1

========================================================================
Received Import Request.
  Time since last request: 0.000035 seconds.
  path: Assets/Bundles/Themes/NightTime/Urban/UrbanPlasterWalls03.prefab
  importAddress: Guid(ee7969661b2b1e94891b8593e383883d) Importer(2089858483,b0f066a214c2f5e87bad3c948f4d605d)
Start importing Assets/Bundles/Themes/NightTime/Urban/UrbanPlasterWalls03.prefab using Guid(ee7969661b2b1e94891b8593e383883d) Importer(2089858483,b0f066a214c2f5e87bad3c948f4d605d) (ScriptedImporter) -> (Import Result ID: '3f6629b29c951ab2e72ff0decbc56558') in 0.0205648 seconds [static and dynamic dependencies]. Details - ImportResultOutputID=ed3a97503d4b3d00cf10d332e653aa50 DependenciesID=ce78c0e6ba1482bc88074868004cf437 StaticDependenciesID=d7c7f326c9be16d3e68c3fdcc56aa24f 
Number of updated asset objects reloaded before import = 0Number of asset objects unloaded after import = 86

========================================================================
Received Import Request.
  Time since last request: 0.000030 seconds.
  path: Assets/Bundles/Themes/Default/Urban/UrbanPlasterWalls01.prefab
  importAddress: Guid(01466a005c28535479de3c39b3304e3f) Importer(2089858483,b0f066a214c2f5e87bad3c948f4d605d)
Start importing Assets/Bundles/Themes/Default/Urban/UrbanPlasterWalls01.prefab using Guid(01466a005c28535479de3c39b3304e3f) Importer(2089858483,b0f066a214c2f5e87bad3c948f4d605d) (ScriptedImporter) -> (Import Result ID: 'e1bcb8fc9adeaec9a2aa08f938bf193c') in 0.0156272 seconds [static and dynamic dependencies]. Details - ImportResultOutputID=a2542e870b18feb54862f62c701fb87d DependenciesID=3de99a42a97fea8305aafbb641c4697a StaticDependenciesID=1b1290e5f061d17017efb0a6758d4110 
Number of updated asset objects reloaded before import = 0Number of asset objects unloaded after import = 40

========================================================================
Received Import Request.
  Time since last request: 0.000073 seconds.
  path: Assets/Bundles/Themes/Default/Urban/UrbanBrickWalls01.prefab
  importAddress: Guid(2f8abb5887b4af046b2f7fe9190c9d1d) Importer(2089858483,b0f066a214c2f5e87bad3c948f4d605d)
Start importing Assets/Bundles/Themes/Default/Urban/UrbanBrickWalls01.prefab using Guid(2f8abb5887b4af046b2f7fe9190c9d1d) Importer(2089858483,b0f066a214c2f5e87bad3c948f4d605d) (ScriptedImporter) -> (Import Result ID: '68197fdf135cbfb6440e23effab57c78') in 0.0172001 seconds [static and dynamic dependencies]. Details - ImportResultOutputID=a2be2921d75138cc9a71b63c880581b8 DependenciesID=8e4105a6f64502fe7b8b0e5f2d4fe5cf StaticDependenciesID=2cf48eeeb1d9c9ca1590b9cbdbb7dd7f 
Number of updated asset objects reloaded before import = 0Number of asset objects unloaded after import = 60

========================================================================
Received Import Request.
  Time since last request: 0.000044 seconds.
  path: Assets/Bundles/Themes/NightTime/Obstacles/ObstacleRoadworksCone.prefab
  importAddress: Guid(39c9e0746ca1a4b4995befba3266d4f6) Importer(2089858483,b0f066a214c2f5e87bad3c948f4d605d)
Start importing Assets/Bundles/Themes/NightTime/Obstacles/ObstacleRoadworksCone.prefab using Guid(39c9e0746ca1a4b4995befba3266d4f6) Importer(2089858483,b0f066a214c2f5e87bad3c948f4d605d) (ScriptedImporter) -> (Import Result ID: '5627ecbb11fe8591deed551c490399fb') in 0.0086133 seconds [static and dynamic dependencies]. Details - ImportResultOutputID=28fdd1428e54abfe96e54db704cbf0af DependenciesID=b6c5efb9e9f923af42daf1771f392d00 StaticDependenciesID=3a0d259aa80decca32a501b4d2f2549e 
Number of updated asset objects reloaded before import = 0Number of asset objects unloaded after import = 15

========================================================================
Received Import Request.
  Time since last request: 0.000091 seconds.
  path: Assets/Bundles/Themes/NightTime/Industrial/IndustrialWarehouse03.prefab
  importAddress: Guid(6b55f4706bf1aa048a56792177cb63dc) Importer(2089858483,b0f066a214c2f5e87bad3c948f4d605d)
Start importing Assets/Bundles/Themes/NightTime/Industrial/IndustrialWarehouse03.prefab using Guid(6b55f4706bf1aa048a56792177cb63dc) Importer(2089858483,b0f066a214c2f5e87bad3c948f4d605d) (ScriptedImporter) -> (Import Result ID: '4c1caa76ea9c743304226d8e2bb3d123') in 0.0323477 seconds [static and dynamic dependencies]. Details - ImportResultOutputID=2bf4cebfb06edd0cc04257e8be874c01 DependenciesID=0e59b9a477aa915f6acd642d4bcac2cf StaticDependenciesID=20526a1a83aafaac7d3ec2b18862e0c4 
Number of updated asset objects reloaded before import = 0Number of asset objects unloaded after import = 163

========================================================================
Received Import Request.
  Time since last request: 0.000044 seconds.
  path: Assets/StarterAssets/Mobile/Prefabs/VirtualInputs/UI_Virtual_Button.prefab
  importAddress: Guid(9e55d9b4642484f41be20c69a9b48063) Importer(2089858483,b0f066a214c2f5e87bad3c948f4d605d)
Start importing Assets/StarterAssets/Mobile/Prefabs/VirtualInputs/UI_Virtual_Button.prefab using Guid(9e55d9b4642484f41be20c69a9b48063) Importer(2089858483,b0f066a214c2f5e87bad3c948f4d605d) (ScriptedImporter) -> (Import Result ID: '77a270ad021889dd5fbbdfd9bfd5c730') in 0.0090827 seconds [static and dynamic dependencies]. Details - ImportResultOutputID=e2c8d163a3cf11b369b242edafd423fd DependenciesID=1f6f851c667afb32ff95e5bdbb819d00 StaticDependenciesID=be66cf44e3eca35aadc54b8f0ed9739d 
Number of updated asset objects reloaded before import = 0Number of asset objects unloaded after import = 12

========================================================================
Received Import Request.
  Time since last request: 0.000028 seconds.
  path: Assets/StarterAssets/Environment/Art/Models/Ramp_100x100x200_Mesh.fbx
  importAddress: Guid(bfff06aaff363a847ad37bf592364e6b) Importer(2089858483,b0f066a214c2f5e87bad3c948f4d605d)
Start importing Assets/StarterAssets/Environment/Art/Models/Ramp_100x100x200_Mesh.fbx using Guid(bfff06aaff363a847ad37bf592364e6b) Importer(2089858483,b0f066a214c2f5e87bad3c948f4d605d) (ScriptedImporter) -> (Import Result ID: '7d062ec99548018f41f40cb25cd8186e') in 0.0171266 seconds [static and dynamic dependencies]. Details - ImportResultOutputID=65d917d789940b818d7c79f999fd75d7 DependenciesID=8e28c81ba9970c24591a048247f32eb0 StaticDependenciesID=2242414cab555bf2bec9db372589dece 
Number of updated asset objects reloaded before import = 0Number of asset objects unloaded after import = 8

========================================================================
Received Import Request.
  Time since last request: 0.000023 seconds.
  path: Assets/StarterAssets/ThirdPersonController/Character/Animations/Locomotion--Run_S.anim.fbx
  importAddress: Guid(a073c604c44135e438eeeaef77058ac5) Importer(2089858483,b0f066a214c2f5e87bad3c948f4d605d)
Start importing Assets/StarterAssets/ThirdPersonController/Character/Animations/Locomotion--Run_S.anim.fbx using Guid(a073c604c44135e438eeeaef77058ac5) Importer(2089858483,b0f066a214c2f5e87bad3c948f4d605d) (ScriptedImporter) -> (Import Result ID: '20feeb1a383a14e88494ad9d9b00a41e') in 0.0179837 seconds [static and dynamic dependencies]. Details - ImportResultOutputID=69d5a4f4a8a10fdf18df3e8a55bad3e9 DependenciesID=bf78648f6dde1410e6b8a89bf612a5a4 StaticDependenciesID=640cb17ce73d07f105b0a7a2fa3a3003 
Number of updated asset objects reloaded before import = 0Number of asset objects unloaded after import = 144

========================================================================
Received Import Request.
  Time since last request: 0.000021 seconds.
  path: Assets/StarterAssets/ThirdPersonController/Character/Sfx/Player_Footstep_03.wav
  importAddress: Guid(186de84b3207156479abe98f4958fed0) Importer(2089858483,b0f066a214c2f5e87bad3c948f4d605d)
Start importing Assets/StarterAssets/ThirdPersonController/Character/Sfx/Player_Footstep_03.wav using Guid(186de84b3207156479abe98f4958fed0) Importer(2089858483,b0f066a214c2f5e87bad3c948f4d605d) (ScriptedImporter) -> (Import Result ID: 'eeff5b6046e1b871f55cb97757293107') in 0.0087976 seconds [static and dynamic dependencies]. Details - ImportResultOutputID=43ab7efc2ff6f5471e55c5217fcd8b4f DependenciesID=0996eba1cfbc9514241c15ac6f4369fc StaticDependenciesID=c2767f6c29dd0d1cc9b4e1e7edea8987 
Number of updated asset objects reloaded before import = 0Number of asset objects unloaded after import = 1

========================================================================
Received Import Request.
  Time since last request: 0.000048 seconds.
  path: Assets/StarterAssets/Mobile/Scripts/VirtualInputs/UIVirtualButton.cs
  importAddress: Guid(448cd6d8e2f2cb04096e777d99974bc4) Importer(2089858483,b0f066a214c2f5e87bad3c948f4d605d)
Start importing Assets/StarterAssets/Mobile/Scripts/VirtualInputs/UIVirtualButton.cs using Guid(448cd6d8e2f2cb04096e777d99974bc4) Importer(2089858483,b0f066a214c2f5e87bad3c948f4d605d) (ScriptedImporter) -> (Import Result ID: '32bba599872ce7ecf62cfffdfeaaf057') in 0.0038234 seconds [static and dynamic dependencies]. Details - ImportResultOutputID=f105356bf9a3e8062fc2a937bbacc442 DependenciesID=be532ffc0b3aa7fba318834774d86168 StaticDependenciesID=3795d9e9fdbd0fe2d5e189af2c9c3345 
Number of updated asset objects reloaded before import = 0Number of asset objects unloaded after import = 0

========================================================================
Received Import Request.
  Time since last request: 0.000090 seconds.
  path: Assets/StarterAssets/ThirdPersonController/Character/Materials/M_Armature_Arms.mat
  importAddress: Guid(766fd3ff04aab4745a764d33daac86fa) Importer(2089858483,b0f066a214c2f5e87bad3c948f4d605d)
Start importing Assets/StarterAssets/ThirdPersonController/Character/Materials/M_Armature_Arms.mat using Guid(766fd3ff04aab4745a764d33daac86fa) Importer(2089858483,b0f066a214c2f5e87bad3c948f4d605d) (ScriptedImporter) -> (Import Result ID: '6ae7060f0469582245daea81d18ce863') in 0.0054584 seconds [static and dynamic dependencies]. Details - ImportResultOutputID=2922144f1698ba5ce3109596184ae552 DependenciesID=655c91afacd0d1b9b325ffe9b78bc3b3 StaticDependenciesID=ecaba5d595d20853359e9f3fc64189ef 
Number of updated asset objects reloaded before import = 0Number of asset objects unloaded after import = 1

========================================================================
Received Import Request.
  Time since last request: 0.000041 seconds.
  path: Assets/StarterAssets/Mobile/Prefabs/CanvasInputs/UI_Canvas_StarterAssetsInputs_Joysticks.prefab
  importAddress: Guid(2f7f3dde7ae722a4aafffe20691ad702) Importer(2089858483,b0f066a214c2f5e87bad3c948f4d605d)
Start importing Assets/StarterAssets/Mobile/Prefabs/CanvasInputs/UI_Canvas_StarterAssetsInputs_Joysticks.prefab using Guid(2f7f3dde7ae722a4aafffe20691ad702) Importer(2089858483,b0f066a214c2f5e87bad3c948f4d605d) (ScriptedImporter) -> (Import Result ID: 'ae95550c182f89e189fb30c5733b3dc1') in 0.0127258 seconds [static and dynamic dependencies]. Details - ImportResultOutputID=0f613d48634f2097e071f62d37bc8c77 DependenciesID=aac6d037d98bdc7aca9bcad2e698677d StaticDependenciesID=4d57d449afcd2302a73257aaf3d99e41 
Number of updated asset objects reloaded before import = 0Number of asset objects unloaded after import = 55

========================================================================
Received Import Request.
  Time since last request: 0.000039 seconds.
  path: Assets/StarterAssets/Environment/Art/Textures/Grid_01_Emissive.png
  importAddress: Guid(d4d6919451fe3e24388816386a6d15a4) Importer(2089858483,b0f066a214c2f5e87bad3c948f4d605d)
Start importing Assets/StarterAssets/Environment/Art/Textures/Grid_01_Emissive.png using Guid(d4d6919451fe3e24388816386a6d15a4) Importer(2089858483,b0f066a214c2f5e87bad3c948f4d605d) (ScriptedImporter) -> (Import Result ID: '92d06b83ec3585b32b3e7158b307058c') in 0.0119521 seconds [static and dynamic dependencies]. Details - ImportResultOutputID=5e2d9b2e8fec90ed451a98eee33f418e DependenciesID=5a7d97e9ce91401824268184b57b6c0c StaticDependenciesID=fc8ea70a7e930837df50af556ca461a7 
Number of updated asset objects reloaded before import = 0Number of asset objects unloaded after import = 1

========================================================================
Received Import Request.
  Time since last request: 0.000048 seconds.
  path: Assets/StarterAssets/ThirdPersonController/Character/Sfx/Player_Footstep_01.wav
  importAddress: Guid(72f526a6a9890f643a88e85a61c86c8a) Importer(2089858483,b0f066a214c2f5e87bad3c948f4d605d)
Start importing Assets/StarterAssets/ThirdPersonController/Character/Sfx/Player_Footstep_01.wav using Guid(72f526a6a9890f643a88e85a61c86c8a) Importer(2089858483,b0f066a214c2f5e87bad3c948f4d605d) (ScriptedImporter) -> (Import Result ID: '250d2854d1983de99d631676f16255cc') in 0.0060038 seconds [static and dynamic dependencies]. Details - ImportResultOutputID=1e08ab3c4533c528fc876ad1cf1ea7ad DependenciesID=da0ce66075e58f7eb0c500c260070eb3 StaticDependenciesID=858adb1031ec220211e86aff86a345e6 
Number of updated asset objects reloaded before import = 0Number of asset objects unloaded after import = 1

========================================================================
Received Import Request.
  Time since last request: 0.000069 seconds.
  path: Assets/StarterAssets/Mobile/Scripts/CanvasInputs/UICanvasControllerInput.cs
  importAddress: Guid(4a300d010f57451488aa99000126fbd5) Importer(2089858483,b0f066a214c2f5e87bad3c948f4d605d)
Start importing Assets/StarterAssets/Mobile/Scripts/CanvasInputs/UICanvasControllerInput.cs using Guid(4a300d010f57451488aa99000126fbd5) Importer(2089858483,b0f066a214c2f5e87bad3c948f4d605d) (ScriptedImporter) -> (Import Result ID: 'fd587bb41e06f0d866a5b7bc589a5298') in 0.0047873 seconds [static and dynamic dependencies]. Details - ImportResultOutputID=c42ea5919b9231157ed04152a8e3c76e DependenciesID=5a89d6f82af205465cd6157a02a600c6 StaticDependenciesID=494922e19a099132afa51b274a557cc8 
Number of updated asset objects reloaded before import = 0Number of asset objects unloaded after import = 0

========================================================================
Received Import Request.
  Time since last request: 0.000073 seconds.
  path: Assets/StarterAssets/ThirdPersonController/Character/Models/Armature.fbx
  importAddress: Guid(36078ab0369161e49a29d349ae3e0739) Importer(2089858483,b0f066a214c2f5e87bad3c948f4d605d)
Start importing Assets/StarterAssets/ThirdPersonController/Character/Models/Armature.fbx using Guid(36078ab0369161e49a29d349ae3e0739) Importer(2089858483,b0f066a214c2f5e87bad3c948f4d605d) (ScriptedImporter) -> (Import Result ID: 'bea764f24f146beb31c114e409dffa08') in 0.016857 seconds [static and dynamic dependencies]. Details - ImportResultOutputID=1d0b5586fe3028c7790f08ce5cd1b3bd DependenciesID=b1b5bfe4ac1e3ab8ad06f4658d9de4e7 StaticDependenciesID=fc0e3a096434bdaffd794507dd880239 
Number of updated asset objects reloaded before import = 0Number of asset objects unloaded after import = 150

========================================================================
Received Import Request.
  Time since last request: 0.000026 seconds.
  path: Assets/TextMesh Pro/Examples & Extras/Textures/Text Overflow - Linked Text UI Screenshot.png
  importAddress: Guid(c76d18757a194d618355f05f815cb0a1) Importer(2089858483,b0f066a214c2f5e87bad3c948f4d605d)
Start importing Assets/TextMesh Pro/Examples & Extras/Textures/Text Overflow - Linked Text UI Screenshot.png using Guid(c76d18757a194d618355f05f815cb0a1) Importer(2089858483,b0f066a214c2f5e87bad3c948f4d605d) (ScriptedImporter) -> (Import Result ID: 'b6746cd43aee1b27c14e7430c3f32034') in 0.0099764 seconds [static and dynamic dependencies]. Details - ImportResultOutputID=744e0e82f1ae37470bc9823923ed7122 DependenciesID=a0735a204d769d8d07f83cf08540a46a StaticDependenciesID=ee7e10c28bcf389ce17e6fb403f423c9 
Number of updated asset objects reloaded before import = 0Number of asset objects unloaded after import = 1

========================================================================
Received Import Request.
  Time since last request: 0.000017 seconds.
  path: Assets/StarterAssets/ThirdPersonController/Character/Animations/Locomotion--Run_N.anim.fbx
  importAddress: Guid(16114d403eabb53438de032c6f0d1deb) Importer(2089858483,b0f066a214c2f5e87bad3c948f4d605d)
Start importing Assets/StarterAssets/ThirdPersonController/Character/Animations/Locomotion--Run_N.anim.fbx using Guid(16114d403eabb53438de032c6f0d1deb) Importer(2089858483,b0f066a214c2f5e87bad3c948f4d605d) (ScriptedImporter) -> (Import Result ID: '760307c3686c6da6bdecd0ce9da0ad5f') in 0.0149367 seconds [static and dynamic dependencies]. Details - ImportResultOutputID=a197db3389d8707396f018771dddc69d DependenciesID=9f67bd35db8ac8f6d7a279f835793e13 StaticDependenciesID=5b522cabb967da4f8dc77c282ea2f263 
Number of updated asset objects reloaded before import = 0Number of asset objects unloaded after import = 144

========================================================================
Received Import Request.
  Time since last request: 0.000023 seconds.
  path: Assets/Bundles/Themes/NightTime/Suburbs/SuburbsGarage01.prefab
  importAddress: Guid(226b344b8bdac594ea142309336337fe) Importer(2089858483,b0f066a214c2f5e87bad3c948f4d605d)
Start importing Assets/Bundles/Themes/NightTime/Suburbs/SuburbsGarage01.prefab using Guid(226b344b8bdac594ea142309336337fe) Importer(2089858483,b0f066a214c2f5e87bad3c948f4d605d) (ScriptedImporter) -> (Import Result ID: '36e01a1604d15a632147c6f9851daf2e') in 0.0137561 seconds [static and dynamic dependencies]. Details - ImportResultOutputID=c73076444c1b90673bfc1d8865bcd52f DependenciesID=47df5d7c05315addc0ea54a20688eadf StaticDependenciesID=ae7db6cf49c731045fe758a180c29771 
Number of updated asset objects reloaded before import = 0Number of asset objects unloaded after import = 61

========================================================================
Received Import Request.
  Time since last request: 0.000031 seconds.
  path: Assets/StarterAssets/Mobile/Prefabs/VirtualInputs/UI_Virtual_Joystick.prefab
  importAddress: Guid(6eb08bfc0fd869c47b796c42ada099da) Importer(2089858483,b0f066a214c2f5e87bad3c948f4d605d)
Start importing Assets/StarterAssets/Mobile/Prefabs/VirtualInputs/UI_Virtual_Joystick.prefab using Guid(6eb08bfc0fd869c47b796c42ada099da) Importer(2089858483,b0f066a214c2f5e87bad3c948f4d605d) (ScriptedImporter) -> (Import Result ID: 'f273ad91444829bcefcc024ac05a5d4e') in 0.0067971 seconds [static and dynamic dependencies]. Details - ImportResultOutputID=476ad65d882d0cfafc1602f2251f9194 DependenciesID=92258118bd832491a3eb8572ff2ce613 StaticDependenciesID=e3f3a5c8cff8801f184462c820d18092 
Number of updated asset objects reloaded before import = 0Number of asset objects unloaded after import = 15

========================================================================
Received Import Request.
  Time since last request: 0.000034 seconds.
  path: Assets/StarterAssets/ThirdPersonController/Character/Animations/Locomotion--Run_N_Land.anim.fbx
  importAddress: Guid(3c033631149b9c541bcf155cd94cccba) Importer(2089858483,b0f066a214c2f5e87bad3c948f4d605d)
Start importing Assets/StarterAssets/ThirdPersonController/Character/Animations/Locomotion--Run_N_Land.anim.fbx using Guid(3c033631149b9c541bcf155cd94cccba) Importer(2089858483,b0f066a214c2f5e87bad3c948f4d605d) (ScriptedImporter) -> (Import Result ID: '5cf80e7a98b539991bad9d4ac4e073b9') in 0.0135884 seconds [static and dynamic dependencies]. Details - ImportResultOutputID=aef3e4b4a9992cbb57c80c09723b5591 DependenciesID=4b7df621b7e8260949a4dbcf502728ac StaticDependenciesID=4665ab00809ca44d3aef9e1dfbec3f81 
Number of updated asset objects reloaded before import = 0Number of asset objects unloaded after import = 144

========================================================================
Received Import Request.
  Time since last request: 0.000021 seconds.
  path: Assets/TextMesh Pro/Examples & Extras/Textures/Gradient Diagonal (Color).jpg
  importAddress: Guid(2ce5c55e85304b819a1826ecbc839aa5) Importer(2089858483,b0f066a214c2f5e87bad3c948f4d605d)
Start importing Assets/TextMesh Pro/Examples & Extras/Textures/Gradient Diagonal (Color).jpg using Guid(2ce5c55e85304b819a1826ecbc839aa5) Importer(2089858483,b0f066a214c2f5e87bad3c948f4d605d) (ScriptedImporter) -> (Import Result ID: '15be72ad6522cede9cbf189ddadd2d52') in 0.0094752 seconds [static and dynamic dependencies]. Details - ImportResultOutputID=202f9902bcfdee09088fc10ef95ebe4a DependenciesID=28abc773bb83b16f352c4417be34b7b3 StaticDependenciesID=8c2fec60af6c75ea9c4749a56012bd14 
Number of updated asset objects reloaded before import = 0Number of asset objects unloaded after import = 1

========================================================================
Received Import Request.
  Time since last request: 0.000025 seconds.
  path: Assets/Bundles/Themes/Default/Urban/UrbanDumpsters01.prefab
  importAddress: Guid(3a5b1ed81a7bde440aa6d2317adcd689) Importer(2089858483,b0f066a214c2f5e87bad3c948f4d605d)
Start importing Assets/Bundles/Themes/Default/Urban/UrbanDumpsters01.prefab using Guid(3a5b1ed81a7bde440aa6d2317adcd689) Importer(2089858483,b0f066a214c2f5e87bad3c948f4d605d) (ScriptedImporter) -> (Import Result ID: 'a27e99df4f49ca7f44a9935014a56bf1') in 0.014454 seconds [static and dynamic dependencies]. Details - ImportResultOutputID=58c4793f108d0996eeea82ec14549904 DependenciesID=6df30de3c946ddf7aaf9caf803a0f65a StaticDependenciesID=11bdf4672aabfea24c86956e480710a3 
Number of updated asset objects reloaded before import = 0Number of asset objects unloaded after import = 61

========================================================================
Received Import Request.
  Time since last request: 0.000026 seconds.
  path: Assets/StarterAssets/Environment/Art/Textures/Grid_02_BaseMap.png
  importAddress: Guid(d9c0dd5cdac07b145be73329e489869a) Importer(2089858483,b0f066a214c2f5e87bad3c948f4d605d)
Start importing Assets/StarterAssets/Environment/Art/Textures/Grid_02_BaseMap.png using Guid(d9c0dd5cdac07b145be73329e489869a) Importer(2089858483,b0f066a214c2f5e87bad3c948f4d605d) (ScriptedImporter) -> (Import Result ID: '9a766e261dde4a51b70ecd75ff827754') in 0.0114027 seconds [static and dynamic dependencies]. Details - ImportResultOutputID=7aac292ca40e861af500220f8ba554e6 DependenciesID=ea552436165005c87dabb2831501f9a2 StaticDependenciesID=4a8bcba5f9e9a6843b8edb82c4c4eb1e 
Number of updated asset objects reloaded before import = 0Number of asset objects unloaded after import = 1

========================================================================
Received Import Request.
  Time since last request: 0.000022 seconds.
  path: Assets/Bundles/Themes/Default/Suburbs/SuburbsHouse01.prefab
  importAddress: Guid(efcbfaf146228ad40ae6c878d7806d64) Importer(2089858483,b0f066a214c2f5e87bad3c948f4d605d)
Start importing Assets/Bundles/Themes/Default/Suburbs/SuburbsHouse01.prefab using Guid(efcbfaf146228ad40ae6c878d7806d64) Importer(2089858483,b0f066a214c2f5e87bad3c948f4d605d) (ScriptedImporter) -> (Import Result ID: 'af36019dae622638351694b915439025') in 0.0105431 seconds [static and dynamic dependencies]. Details - ImportResultOutputID=53d38c9fc2e7c7e43877c722ece6614e DependenciesID=b9b41ce9704aab2c86e90291bbb9c9f4 StaticDependenciesID=9132418962187909708261362e9248c5 
Number of updated asset objects reloaded before import = 0Number of asset objects unloaded after import = 86

========================================================================
Received Import Request.
  Time since last request: 0.000017 seconds.
  path: Assets/Bundles/Themes/Default/Urban/UrbanBuilding04.prefab
  importAddress: Guid(adb7c187800cf1d4697c2ec26f0a4bd1) Importer(2089858483,b0f066a214c2f5e87bad3c948f4d605d)
Start importing Assets/Bundles/Themes/Default/Urban/UrbanBuilding04.prefab using Guid(adb7c187800cf1d4697c2ec26f0a4bd1) Importer(2089858483,b0f066a214c2f5e87bad3c948f4d605d) (ScriptedImporter) -> (Import Result ID: '3d431cc30d92497094239cf15c94f170') in 0.0127384 seconds [static and dynamic dependencies]. Details - ImportResultOutputID=a4e05f6756d0b4e9e84dc7e586ba3f14 DependenciesID=ca87c191ab8daf40eab065d28bd75595 StaticDependenciesID=468e5ebfae9a95d43b7130042c38f572 
Number of updated asset objects reloaded before import = 0Number of asset objects unloaded after import = 52

========================================================================
Received Import Request.
  Time since last request: 0.000023 seconds.
  path: Assets/Bundles/Themes/Default/Obstacles/ObstacleRat.prefab
  importAddress: Guid(ec0335ae7fd65b74898920e51d042abd) Importer(2089858483,b0f066a214c2f5e87bad3c948f4d605d)
Start importing Assets/Bundles/Themes/Default/Obstacles/ObstacleRat.prefab using Guid(ec0335ae7fd65b74898920e51d042abd) Importer(2089858483,b0f066a214c2f5e87bad3c948f4d605d) (ScriptedImporter) -> (Import Result ID: 'd125a1ddfe07a81efaad3e0417098d63') in 0.0086025 seconds [static and dynamic dependencies]. Details - ImportResultOutputID=dbfe23f7cfb1c3d9b78d36bb198f25de DependenciesID=e3be31836ba55ee5dd5e0ed1f7e225fa StaticDependenciesID=a1c766e907623a4b8dabdbf3df6190b8 
Number of updated asset objects reloaded before import = 0Number of asset objects unloaded after import = 21

========================================================================
Received Import Request.
  Time since last request: 0.000023 seconds.
  path: Assets/Bundles/Themes/NightTime/Industrial/IndustrialWarehouse02.prefab
  importAddress: Guid(7f9eed4d340d06141a3c57dc69d8ed2c) Importer(2089858483,b0f066a214c2f5e87bad3c948f4d605d)
Start importing Assets/Bundles/Themes/NightTime/Industrial/IndustrialWarehouse02.prefab using Guid(7f9eed4d340d06141a3c57dc69d8ed2c) Importer(2089858483,b0f066a214c2f5e87bad3c948f4d605d) (ScriptedImporter) -> (Import Result ID: '6f15b40bcf96458e5f5161d2318199aa') in 0.0199192 seconds [static and dynamic dependencies]. Details - ImportResultOutputID=8581408a6c7ae5500d60e7eb44df1e12 DependenciesID=57b4fef05394e92e976d898139a0d884 StaticDependenciesID=9bd4cbe54b4310c7a2b48bb3fcd2a9b1 
Number of updated asset objects reloaded before import = 0Number of asset objects unloaded after import = 159

========================================================================
Received Import Request.
  Time since last request: 0.000022 seconds.
  path: Assets/Bundles/Themes/NightTime/Urban/UrbanBuilding02.prefab
  importAddress: Guid(de7a496cae0fcec4ead023eb1ebf6257) Importer(2089858483,b0f066a214c2f5e87bad3c948f4d605d)
Start importing Assets/Bundles/Themes/NightTime/Urban/UrbanBuilding02.prefab using Guid(de7a496cae0fcec4ead023eb1ebf6257) Importer(2089858483,b0f066a214c2f5e87bad3c948f4d605d) (ScriptedImporter) -> (Import Result ID: '9011850d5db141cbfebacc802e866aa4') in 0.014002 seconds [static and dynamic dependencies]. Details - ImportResultOutputID=a6f686bcd6a47ee6c6045c052f9fe4b5 DependenciesID=529095dd60312e740cd88057154968eb StaticDependenciesID=8a61517a9968bd7f6ccedd8142a46e9d 
Number of updated asset objects reloaded before import = 0Number of asset objects unloaded after import = 109

========================================================================
Received Import Request.
  Time since last request: 0.000026 seconds.
  path: Assets/StarterAssets/ThirdPersonController/Character/Animations/Jump--Jump.anim.fbx
  importAddress: Guid(98f277b0c8055e143b2fcf058d3c27dc) Importer(2089858483,b0f066a214c2f5e87bad3c948f4d605d)
Start importing Assets/StarterAssets/ThirdPersonController/Character/Animations/Jump--Jump.anim.fbx using Guid(98f277b0c8055e143b2fcf058d3c27dc) Importer(2089858483,b0f066a214c2f5e87bad3c948f4d605d) (ScriptedImporter) -> (Import Result ID: '141488d23aa7478b528d6e541bdb325e') in 0.0145341 seconds [static and dynamic dependencies]. Details - ImportResultOutputID=5968ddec4d5da303f08438a095fe5ba7 DependenciesID=c20ebf7de5b81b3b8753d137a6812044 StaticDependenciesID=be9c7d6aba6c3e449499b88ce0db7599 
Number of updated asset objects reloaded before import = 0Number of asset objects unloaded after import = 145

========================================================================
Received Import Request.
  Time since last request: 0.000024 seconds.
  path: Assets/Bundles/Themes/NightTime/Obstacles/ObstacleHighBarrier.prefab
  importAddress: Guid(61bb777a99260874f88fe72c93801af9) Importer(2089858483,b0f066a214c2f5e87bad3c948f4d605d)
Start importing Assets/Bundles/Themes/NightTime/Obstacles/ObstacleHighBarrier.prefab using Guid(61bb777a99260874f88fe72c93801af9) Importer(2089858483,b0f066a214c2f5e87bad3c948f4d605d) (ScriptedImporter) -> (Import Result ID: 'c0ede3a95f17d46220af549f05258476') in 0.00945 seconds [static and dynamic dependencies]. Details - ImportResultOutputID=f4dd0f964f1c1aabc0ad835f68cbc34e DependenciesID=06dd02b667e2da3accb6c6f709789064 StaticDependenciesID=f1ed172c092a0d3dde768dcc6079f23f 
Number of updated asset objects reloaded before import = 0Number of asset objects unloaded after import = 23

========================================================================
Received Import Request.
  Time since last request: 0.000050 seconds.
  path: Assets/Bundles/Themes/Default/Suburbs/SuburbsHouse02.prefab
  importAddress: Guid(5d6fcbaf51bca6b4594f12ca78b10a69) Importer(2089858483,b0f066a214c2f5e87bad3c948f4d605d)
Start importing Assets/Bundles/Themes/Default/Suburbs/SuburbsHouse02.prefab using Guid(5d6fcbaf51bca6b4594f12ca78b10a69) Importer(2089858483,b0f066a214c2f5e87bad3c948f4d605d) (ScriptedImporter) -> (Import Result ID: 'b01075ae77fbeeadb698ef4be284f14c') in 0.0336722 seconds [static and dynamic dependencies]. Details - ImportResultOutputID=4d5b6340b6b9c1cd43885864923b5225 DependenciesID=03b68092e80aa32632b8f1af5568f93b StaticDependenciesID=4056e69d0ca05bc935fb6cead94815a3 
Number of updated asset objects reloaded before import = 0Number of asset objects unloaded after import = 82

========================================================================
Received Import Request.
  Time since last request: 0.000026 seconds.
  path: Assets/TextMesh Pro/Examples & Extras/Textures/Wipe Pattern - Radial Quad.psd
  importAddress: Guid(2b5e9ae96c5644d8bae932f8b4ca68a2) Importer(2089858483,b0f066a214c2f5e87bad3c948f4d605d)
Start importing Assets/TextMesh Pro/Examples & Extras/Textures/Wipe Pattern - Radial Quad.psd using Guid(2b5e9ae96c5644d8bae932f8b4ca68a2) Importer(2089858483,b0f066a214c2f5e87bad3c948f4d605d) (ScriptedImporter) -> (Import Result ID: '681c1ad13a2587a7aba32be6fd3b57ed') in 0.0122211 seconds [static and dynamic dependencies]. Details - ImportResultOutputID=a812ff1b2cf5a6f6aa409cb5402cce1b DependenciesID=35075c8190d52951cc91d23e22096089 StaticDependenciesID=5936cd93573029e726ad7c1b5e697a44 
Number of updated asset objects reloaded before import = 0Number of asset objects unloaded after import = 1

========================================================================
Received Import Request.
  Time since last request: 0.000019 seconds.
  path: Assets/StarterAssets/Mobile/Scripts/VirtualInputs/UIVirtualTouchZone.cs
  importAddress: Guid(65870f34fef70aa44b0f562cfc810220) Importer(2089858483,b0f066a214c2f5e87bad3c948f4d605d)
Start importing Assets/StarterAssets/Mobile/Scripts/VirtualInputs/UIVirtualTouchZone.cs using Guid(65870f34fef70aa44b0f562cfc810220) Importer(2089858483,b0f066a214c2f5e87bad3c948f4d605d) (ScriptedImporter) -> (Import Result ID: '1b3591669746c75f943f1ea0bcfe607c') in 0.0033776 seconds [static and dynamic dependencies]. Details - ImportResultOutputID=1a8623cd6a2416c5f748c0dc27b3d2f3 DependenciesID=0ce94a7b7ae29deb63a5619430b50b00 StaticDependenciesID=4c9a0a058f35554deab68aa1ec6f93cc 
Number of updated asset objects reloaded before import = 0Number of asset objects unloaded after import = 0

========================================================================
Received Import Request.
  Time since last request: 0.000080 seconds.
  path: Assets/StarterAssets/Environment/Art/Models/Structure_Mesh.fbx
  importAddress: Guid(d0a9bfb4b5f28174884e89dd76563ae8) Importer(2089858483,b0f066a214c2f5e87bad3c948f4d605d)
Start importing Assets/StarterAssets/Environment/Art/Models/Structure_Mesh.fbx using Guid(d0a9bfb4b5f28174884e89dd76563ae8) Importer(2089858483,b0f066a214c2f5e87bad3c948f4d605d) (ScriptedImporter) -> (Import Result ID: '350dbf4dfe5f3c6e32badf9b644526c2') in 0.0135601 seconds [static and dynamic dependencies]. Details - ImportResultOutputID=6e2a80d1ae5a93e9a9cdd849446a9432 DependenciesID=f6f4b9c65072e04f7fdb8e03042428be StaticDependenciesID=9e1ae44404b1ecec995f4c24babfa77d 
Number of updated asset objects reloaded before import = 0Number of asset objects unloaded after import = 8

========================================================================
Received Import Request.
  Time since last request: 0.000018 seconds.
  path: Assets/Bundles/Themes/NightTime/Suburbs/SuburbsHouse01.prefab
  importAddress: Guid(49aa51c23aae1814da08106efff9839f) Importer(2089858483,b0f066a214c2f5e87bad3c948f4d605d)
Start importing Assets/Bundles/Themes/NightTime/Suburbs/SuburbsHouse01.prefab using Guid(49aa51c23aae1814da08106efff9839f) Importer(2089858483,b0f066a214c2f5e87bad3c948f4d605d) (ScriptedImporter) -> (Import Result ID: '88936bed1d32e0b57e5ab0691ba8d5fa') in 0.0173124 seconds [static and dynamic dependencies]. Details - ImportResultOutputID=faab6932550a2d166339039f884c6080 DependenciesID=5a7d1e77e566b29833ffeed2308b1877 StaticDependenciesID=9c2a47850c821c27f0a2caae29859f2b 
Number of updated asset objects reloaded before import = 0Number of asset objects unloaded after import = 115

========================================================================
Received Import Request.
  Time since last request: 0.000022 seconds.
  path: Assets/StarterAssets/Environment/Art/Materials/GridOrange_01_Mat.mat
  importAddress: Guid(7ab977a21c92388468ee65ad1c0e5a78) Importer(2089858483,b0f066a214c2f5e87bad3c948f4d605d)
Start importing Assets/StarterAssets/Environment/Art/Materials/GridOrange_01_Mat.mat using Guid(7ab977a21c92388468ee65ad1c0e5a78) Importer(2089858483,b0f066a214c2f5e87bad3c948f4d605d) (ScriptedImporter) -> (Import Result ID: '43a594cd428705c86dc6f97e08f6961b') in 0.0050627 seconds [static and dynamic dependencies]. Details - ImportResultOutputID=74b1de499c9d48d81ab8ac45f7a5e8c6 DependenciesID=f4adb7ee7eeb56c3ea1f646b8f76adf0 StaticDependenciesID=26af1d77600e7ad06b222f68528305d3 
Number of updated asset objects reloaded before import = 0Number of asset objects unloaded after import = 1

========================================================================
Received Import Request.
  Time since last request: 0.000018 seconds.
  path: Assets/StarterAssets/Environment/Art/Skybox/SkyboxLite.mat
  importAddress: Guid(f6c51332ac7d92541a38fb263b09d2a8) Importer(2089858483,b0f066a214c2f5e87bad3c948f4d605d)
Start importing Assets/StarterAssets/Environment/Art/Skybox/SkyboxLite.mat using Guid(f6c51332ac7d92541a38fb263b09d2a8) Importer(2089858483,b0f066a214c2f5e87bad3c948f4d605d) (ScriptedImporter) -> (Import Result ID: '1a0c4aaa361c311019d2b51e283499ea') in 0.0070004 seconds [static and dynamic dependencies]. Details - ImportResultOutputID=862462ec858a1a5c59303097d7d0d079 DependenciesID=10b11d3c4b6a38aa173dcb7f85ee130c StaticDependenciesID=06e89fe429b6f6a49c850e99cbe02e19 
Number of updated asset objects reloaded before import = 0Number of asset objects unloaded after import = 1

========================================================================
Received Import Request.
  Time since last request: 0.000092 seconds.
  path: Assets/Bundles/Themes/Default/Sky/DefaultCloud02.prefab
  importAddress: Guid(e4217d014d522f94bb0a059a38e2cb14) Importer(2089858483,b0f066a214c2f5e87bad3c948f4d605d)
Start importing Assets/Bundles/Themes/Default/Sky/DefaultCloud02.prefab using Guid(e4217d014d522f94bb0a059a38e2cb14) Importer(2089858483,b0f066a214c2f5e87bad3c948f4d605d) (ScriptedImporter) -> (Import Result ID: 'f15695fb9d11c8ac5cfa2181882ce272') in 0.0042533 seconds [static and dynamic dependencies]. Details - ImportResultOutputID=c6e2926632152d219801a3101c6f024f DependenciesID=24152281206c2fb382b43b4c3a65511c StaticDependenciesID=0b72e80bbf68611388fcdc88287c9d5d 
Number of updated asset objects reloaded before import = 0Number of asset objects unloaded after import = 9

========================================================================
Received Import Request.
  Time since last request: 0.000016 seconds.
  path: Assets/StarterAssets/Environment/Art/Models/Stairs_650_400_300_Mesh.fbx
  importAddress: Guid(7e0223e1d3e1733499accfa5ebffb67e) Importer(2089858483,b0f066a214c2f5e87bad3c948f4d605d)
Start importing Assets/StarterAssets/Environment/Art/Models/Stairs_650_400_300_Mesh.fbx using Guid(7e0223e1d3e1733499accfa5ebffb67e) Importer(2089858483,b0f066a214c2f5e87bad3c948f4d605d) (ScriptedImporter) -> (Import Result ID: 'a4c7c5d96145a4b43f63194f9dfe3832') in 0.0136428 seconds [static and dynamic dependencies]. Details - ImportResultOutputID=434c8d8f973866c4b4a6a4d376f9368a DependenciesID=76530ffd5d1b4510ef04e659f1a56ced StaticDependenciesID=47c1ed2bf2dbf065b29dd3f8f283ee69 
Number of updated asset objects reloaded before import = 0Number of asset objects unloaded after import = 16

========================================================================
Received Import Request.
  Time since last request: 0.000019 seconds.
  path: Assets/StarterAssets/Mobile/Prefabs/CanvasInputs/UI_Canvas_StarterAssetsInputs_TouchZones.prefab
  importAddress: Guid(7484ce6f8ca3d81408c606b5ae8b9ff3) Importer(2089858483,b0f066a214c2f5e87bad3c948f4d605d)
Start importing Assets/StarterAssets/Mobile/Prefabs/CanvasInputs/UI_Canvas_StarterAssetsInputs_TouchZones.prefab using Guid(7484ce6f8ca3d81408c606b5ae8b9ff3) Importer(2089858483,b0f066a214c2f5e87bad3c948f4d605d) (ScriptedImporter) -> (Import Result ID: 'be4496c37e90747ecb5e31eb1f2ec843') in 0.0058985 seconds [static and dynamic dependencies]. Details - ImportResultOutputID=b67ce3b5278750eb0c76453e423c97e2 DependenciesID=d1bddf8ae8be0b0a57c152fa695ef407 StaticDependenciesID=f62464720a8bd0683825824bc7df2d06 
Number of updated asset objects reloaded before import = 0Number of asset objects unloaded after import = 55

========================================================================
Received Import Request.
  Time since last request: 0.000016 seconds.
  path: Assets/Bundles/Themes/NightTime/Obstacles/ObstacleRoadworksBarrier.prefab
  importAddress: Guid(9be026198609a494aae8cec4aba2c813) Importer(2089858483,b0f066a214c2f5e87bad3c948f4d605d)
Start importing Assets/Bundles/Themes/NightTime/Obstacles/ObstacleRoadworksBarrier.prefab using Guid(9be026198609a494aae8cec4aba2c813) Importer(2089858483,b0f066a214c2f5e87bad3c948f4d605d) (ScriptedImporter) -> (Import Result ID: 'd4836d246f4da50173761152995b6fd3') in 0.0074069 seconds [static and dynamic dependencies]. Details - ImportResultOutputID=4d2a3a4c03a56b3c39d3ce860d174b9c DependenciesID=91400b9a58202c655e7b7d6418559068 StaticDependenciesID=a50dd3d9996593eb1decede6f5cc28a8 
Number of updated asset objects reloaded before import = 0Number of asset objects unloaded after import = 15

========================================================================
Received Import Request.
  Time since last request: 0.000018 seconds.
  path: Assets/StarterAssets/Mobile/Scripts/VirtualInputs/UIVirtualJoystick.cs
  importAddress: Guid(f2cb8c4d669392748bb924209de33b85) Importer(2089858483,b0f066a214c2f5e87bad3c948f4d605d)
Start importing Assets/StarterAssets/Mobile/Scripts/VirtualInputs/UIVirtualJoystick.cs using Guid(f2cb8c4d669392748bb924209de33b85) Importer(2089858483,b0f066a214c2f5e87bad3c948f4d605d) (ScriptedImporter) -> (Import Result ID: 'a99ab9b8fd5053c82e98a92629309da4') in 0.0049035 seconds [static and dynamic dependencies]. Details - ImportResultOutputID=6cd058aabcae0aad0e4e1c24aa3481cc DependenciesID=8f7b75bc7dafa695668f56106371cd0a StaticDependenciesID=8a4c54fda5792653f4add0f6b1ea7a2d 
Number of updated asset objects reloaded before import = 0Number of asset objects unloaded after import = 0

========================================================================
Received Import Request.
  Time since last request: 0.000067 seconds.
  path: Assets/StarterAssets/Environment/Art/Models/Ground_Mesh.fbx
  importAddress: Guid(aa38d7b0e367ecc4aac915dcfe957879) Importer(2089858483,b0f066a214c2f5e87bad3c948f4d605d)
Start importing Assets/StarterAssets/Environment/Art/Models/Ground_Mesh.fbx using Guid(aa38d7b0e367ecc4aac915dcfe957879) Importer(2089858483,b0f066a214c2f5e87bad3c948f4d605d) (ScriptedImporter) -> (Import Result ID: 'ed9bfd9b708cd7e32be57e0dbdaab4ae') in 0.0152335 seconds [static and dynamic dependencies]. Details - ImportResultOutputID=f400a643b24a2daf4e3229efcaa4819e DependenciesID=390c6b9a4f4d668162e21a681c55b0c8 StaticDependenciesID=417e8f53da6be2d54edb2034b5b0e881 
Number of updated asset objects reloaded before import = 0Number of asset objects unloaded after import = 8

========================================================================
Received Import Request.
  Time since last request: 0.000022 seconds.
  path: Assets/StarterAssets/ThirdPersonController/Character/Sfx/Player_Footstep_05.wav
  importAddress: Guid(14e8a8d2158bec840b56c54f5266e692) Importer(2089858483,b0f066a214c2f5e87bad3c948f4d605d)
Start importing Assets/StarterAssets/ThirdPersonController/Character/Sfx/Player_Footstep_05.wav using Guid(14e8a8d2158bec840b56c54f5266e692) Importer(2089858483,b0f066a214c2f5e87bad3c948f4d605d) (ScriptedImporter) -> (Import Result ID: '8f235ae28bd267fdd08afc0a26243c6f') in 0.0109079 seconds [static and dynamic dependencies]. Details - ImportResultOutputID=a33857f147833a2c9d296a9b2fb418fc DependenciesID=743e14af396ea0ef97099c3d15669e67 StaticDependenciesID=e6192865f2dfdff838e2feec3737ef21 
Number of updated asset objects reloaded before import = 0Number of asset objects unloaded after import = 1

========================================================================
Received Import Request.
  Time since last request: 0.000028 seconds.
  path: Assets/TextMesh Pro/Examples & Extras/Resources/Sprite Assets/DropCap Numbers.asset
  importAddress: Guid(14aa93acbb234d16aaef0e8b46814db6) Importer(2089858483,b0f066a214c2f5e87bad3c948f4d605d)
Start importing Assets/TextMesh Pro/Examples & Extras/Resources/Sprite Assets/DropCap Numbers.asset using Guid(14aa93acbb234d16aaef0e8b46814db6) Importer(2089858483,b0f066a214c2f5e87bad3c948f4d605d) (ScriptedImporter) -> (Import Result ID: 'b2ae2f5243d52879ff8c0816a05c3542') in 0.0049688 seconds [static and dynamic dependencies]. Details - ImportResultOutputID=d93a352319c615818dac1e6626798854 DependenciesID=e2da0bdbc1d3deae847356f452c900d5 StaticDependenciesID=0f6ababec02d596392a3e75ab32c13ca 
Number of updated asset objects reloaded before import = 0Number of asset objects unloaded after import = 1

========================================================================
Received Import Request.
  Time since last request: 0.000021 seconds.
  path: Assets/AddressableAssetsData/AssetGroups/Schemas/3c83d1a158a080f4cb8a94a271bbfb92_ContentUpdateGroupSchema.asset
  importAddress: Guid(d0ada88e3df8cd745abb86063ce21e49) Importer(2089858483,b0f066a214c2f5e87bad3c948f4d605d)
Start importing Assets/AddressableAssetsData/AssetGroups/Schemas/3c83d1a158a080f4cb8a94a271bbfb92_ContentUpdateGroupSchema.asset using Guid(d0ada88e3df8cd745abb86063ce21e49) Importer(2089858483,b0f066a214c2f5e87bad3c948f4d605d) (ScriptedImporter) -> (Import Result ID: '3ea9f275cbd39963eac96528dd04e953') in 0.0036692 seconds [static and dynamic dependencies]. Details - ImportResultOutputID=e4afe64a81e296998737f8b0e9c9a028 DependenciesID=1aff58fa86717fd226ce56cb5e81c30e StaticDependenciesID=75657144534afe5ecfe8a6663fecc0e8 
Number of updated asset objects reloaded before import = 0Number of asset objects unloaded after import = 1

========================================================================
Received Import Request.
  Time since last request: 0.000067 seconds.
  path: Assets/TextMesh Pro/Examples & Extras/Resources/Fonts & Materials/Anton SDF.asset
  importAddress: Guid(8a89fa14b10d46a99122fd4f73fca9a2) Importer(2089858483,b0f066a214c2f5e87bad3c948f4d605d)
Start importing Assets/TextMesh Pro/Examples & Extras/Resources/Fonts & Materials/Anton SDF.asset using Guid(8a89fa14b10d46a99122fd4f73fca9a2) Importer(2089858483,b0f066a214c2f5e87bad3c948f4d605d) (ScriptedImporter) -> (Import Result ID: '0c9ee27ee638be8da2778335399a6ef3') in 0.0041728 seconds [static and dynamic dependencies]. Details - ImportResultOutputID=5d7e10810dfbb8d6cb0558264419572c DependenciesID=563844d50cb255e20046a5685d37797b StaticDependenciesID=d963ed96f4029d9b54aa881cb722bd59 
Number of updated asset objects reloaded before import = 0Number of asset objects unloaded after import = 1

========================================================================
Received Import Request.
  Time since last request: 0.000017 seconds.
  path: Assets/TextMesh Pro/Examples & Extras/Resources/Fonts & Materials/Bangers SDF Glow.mat
  importAddress: Guid(d75b8f41e959450c84ac6e967084d3e1) Importer(2089858483,b0f066a214c2f5e87bad3c948f4d605d)
Start importing Assets/TextMesh Pro/Examples & Extras/Resources/Fonts & Materials/Bangers SDF Glow.mat using Guid(d75b8f41e959450c84ac6e967084d3e1) Importer(2089858483,b0f066a214c2f5e87bad3c948f4d605d) (ScriptedImporter) -> (Import Result ID: 'e628c93008a09def662c48d96be8f81c') in 0.0094926 seconds [static and dynamic dependencies]. Details - ImportResultOutputID=b713244e416caa34b3c30afe5c4d6827 DependenciesID=c89e31526add2ebd849af9f04fe3d47e StaticDependenciesID=e8207df771f6f1883cab03369f823836 
Number of updated asset objects reloaded before import = 0Number of asset objects unloaded after import = 3

========================================================================
Received Import Request.
  Time since last request: 0.000022 seconds.
  path: Assets/StarterAssets/ThirdPersonController/Character/Sfx/Concrete_Footsteps/Concrete_05.wav
  importAddress: Guid(1834ec69586af4bccb2b0595d9065d3e) Importer(2089858483,b0f066a214c2f5e87bad3c948f4d605d)
Start importing Assets/StarterAssets/ThirdPersonController/Character/Sfx/Concrete_Footsteps/Concrete_05.wav using Guid(1834ec69586af4bccb2b0595d9065d3e) Importer(2089858483,b0f066a214c2f5e87bad3c948f4d605d) (ScriptedImporter) -> (Import Result ID: '8463db0ef870bcbc4ebde8c9de74a85e') in 0.0049982 seconds [static and dynamic dependencies]. Details - ImportResultOutputID=bdb754af783ccbd46a109639d557e2b0 DependenciesID=79519a933e32a68974e8b5e30d8fea74 StaticDependenciesID=f54b6eef583ee68b90213d16047df446 
Number of updated asset objects reloaded before import = 0Number of asset objects unloaded after import = 1

========================================================================
Received Import Request.
  Time since last request: 0.000015 seconds.
  path: Assets/TextMesh Pro/Examples & Extras/Resources/Fonts & Materials/Bangers SDF - Drop Shadow - 2 Pass.mat
  importAddress: Guid(947a44964e53bf0448ff698b2a2219c0) Importer(2089858483,b0f066a214c2f5e87bad3c948f4d605d)
Start importing Assets/TextMesh Pro/Examples & Extras/Resources/Fonts & Materials/Bangers SDF - Drop Shadow - 2 Pass.mat using Guid(947a44964e53bf0448ff698b2a2219c0) Importer(2089858483,b0f066a214c2f5e87bad3c948f4d605d) (ScriptedImporter) -> (Import Result ID: 'a2b828b26398b44c21d8a972fd7364d1') in 0.0077362 seconds [static and dynamic dependencies]. Details - ImportResultOutputID=289b6ecf1ec76db79fc071e84f1eaf35 DependenciesID=88ebfc5e5e4203fc0d80dc404e230ea0 StaticDependenciesID=3153a4d6bd40e7e90a6c4027e612051c 
Number of updated asset objects reloaded before import = 0Number of asset objects unloaded after import = 2

========================================================================
Received Import Request.
  Time since last request: 0.000020 seconds.
  path: Assets/TextMesh Pro/Examples & Extras/Resources/Color Gradient Presets/Dark to Light Green - Vertical.asset
  importAddress: Guid(4c86a3366cd840348ebe8dc438570ee4) Importer(2089858483,b0f066a214c2f5e87bad3c948f4d605d)
Start importing Assets/TextMesh Pro/Examples & Extras/Resources/Color Gradient Presets/Dark to Light Green - Vertical.asset using Guid(4c86a3366cd840348ebe8dc438570ee4) Importer(2089858483,b0f066a214c2f5e87bad3c948f4d605d) (ScriptedImporter) -> (Import Result ID: '2f2749b96da5b6c556ad9c6f614606b4') in 0.003785 seconds [static and dynamic dependencies]. Details - ImportResultOutputID=e876320c9a37653b8c7caf46d7b1882c DependenciesID=2b6148420c4b583c4eb5eb17da204a0a StaticDependenciesID=c17284265e9f053098fe8564f6287ebb 
Number of updated asset objects reloaded before import = 0Number of asset objects unloaded after import = 1

========================================================================
Received Import Request.
  Time since last request: 0.000016 seconds.
  path: Assets/TextMesh Pro/Examples & Extras/Resources/Fonts & Materials/Bangers SDF Logo - URP.mat
  importAddress: Guid(6751ce1a4611b3940812c13a6847d94f) Importer(2089858483,b0f066a214c2f5e87bad3c948f4d605d)
Start importing Assets/TextMesh Pro/Examples & Extras/Resources/Fonts & Materials/Bangers SDF Logo - URP.mat using Guid(6751ce1a4611b3940812c13a6847d94f) Importer(2089858483,b0f066a214c2f5e87bad3c948f4d605d) (ScriptedImporter) -> (Import Result ID: '2e3aa833f001ad4d8e35a9ab55510850') in 0.0041052 seconds [static and dynamic dependencies]. Details - ImportResultOutputID=27b28f284f6309a1f6c704af805d7cc9 DependenciesID=ce22b895ebe3848ebc86662b2a7eb20e StaticDependenciesID=c0ab0fb037637721c5cba84e1865a121 
Number of updated asset objects reloaded before import = 0Number of asset objects unloaded after import = 1

========================================================================
Received Import Request.
  Time since last request: 0.000054 seconds.
  path: Assets/TextMesh Pro/Examples & Extras/Resources/Fonts & Materials/Roboto-Bold SDF - HDRP Unlit.mat
  importAddress: Guid(2ddca8f46aa0838419d568affb0ca6b4) Importer(2089858483,b0f066a214c2f5e87bad3c948f4d605d)
Start importing Assets/TextMesh Pro/Examples & Extras/Resources/Fonts & Materials/Roboto-Bold SDF - HDRP Unlit.mat using Guid(2ddca8f46aa0838419d568affb0ca6b4) Importer(2089858483,b0f066a214c2f5e87bad3c948f4d605d) (ScriptedImporter) -> (Import Result ID: 'ea583f29e0cf51eac279a118df1629bf') in 0.0050902 seconds [static and dynamic dependencies]. Details - ImportResultOutputID=d75b3389bbf2f7af9038b206b9c7683a DependenciesID=f0e6a1cd77fd0054064ccc1a548a4b8a StaticDependenciesID=ee881c0e46afd01daac5d4a1526e61e7 
Number of updated asset objects reloaded before import = 0Number of asset objects unloaded after import = 1

========================================================================
Received Import Request.
  Time since last request: 0.000068 seconds.
  path: Assets/TextMesh Pro/Examples & Extras/Resources/Fonts & Materials/Anton SDF - Drop Shadow.mat
  importAddress: Guid(749b9069dc4742c5bfa5c74644049926) Importer(2089858483,b0f066a214c2f5e87bad3c948f4d605d)
Start importing Assets/TextMesh Pro/Examples & Extras/Resources/Fonts & Materials/Anton SDF - Drop Shadow.mat using Guid(749b9069dc4742c5bfa5c74644049926) Importer(2089858483,b0f066a214c2f5e87bad3c948f4d605d) (ScriptedImporter) -> (Import Result ID: 'c739ecdaae770ad3347517fb4366522e') in 0.0069772 seconds [static and dynamic dependencies]. Details - ImportResultOutputID=ec906fd8cf58e56139994b31c0f80011 DependenciesID=1d2a1962a029cf085b68a21c45bbffc7 StaticDependenciesID=04988822bf1a0f1a680225f0ba533fe7 
Number of updated asset objects reloaded before import = 0Number of asset objects unloaded after import = 2

========================================================================
Received Import Request.
  Time since last request: 0.000035 seconds.
  path: Assets/StarterAssets/ThirdPersonController/Character/Sfx/Player_Footstep_10.wav
  importAddress: Guid(a3194b8bbc96ef84fab1f98f4b7dae3e) Importer(2089858483,b0f066a214c2f5e87bad3c948f4d605d)
Start importing Assets/StarterAssets/ThirdPersonController/Character/Sfx/Player_Footstep_10.wav using Guid(a3194b8bbc96ef84fab1f98f4b7dae3e) Importer(2089858483,b0f066a214c2f5e87bad3c948f4d605d) (ScriptedImporter) -> (Import Result ID: '0dc90f81ae302b6fff33e9cd9f027492') in 0.005931 seconds [static and dynamic dependencies]. Details - ImportResultOutputID=22139681d32333d8f2f0c66c1086b299 DependenciesID=afd45e507d3616891c59d8a456a7b592 StaticDependenciesID=14e3862b974816449d14c7e2e5ffb76f 
Number of updated asset objects reloaded before import = 0Number of asset objects unloaded after import = 1

========================================================================
Received Import Request.
  Time since last request: 0.000022 seconds.
  path: Assets/TextMesh Pro/Examples & Extras/Resources/Fonts & Materials/Roboto-Bold SDF - URP.mat
  importAddress: Guid(90722b8bd74d9aa49958562aff7bdf76) Importer(2089858483,b0f066a214c2f5e87bad3c948f4d605d)
Start importing Assets/TextMesh Pro/Examples & Extras/Resources/Fonts & Materials/Roboto-Bold SDF - URP.mat using Guid(90722b8bd74d9aa49958562aff7bdf76) Importer(2089858483,b0f066a214c2f5e87bad3c948f4d605d) (ScriptedImporter) -> (Import Result ID: '617616c3f61ab02c317d119537e8c107') in 0.0052813 seconds [static and dynamic dependencies]. Details - ImportResultOutputID=7143c1b6047ff8b9dab5f987bf980bbf DependenciesID=4cc8ccf9556c8f882aa007ee0b560d66 StaticDependenciesID=75bd70b8c1723d6ce0ccd780ee9b4b8a 
Number of updated asset objects reloaded before import = 0Number of asset objects unloaded after import = 1

========================================================================
Received Import Request.
  Time since last request: 0.000031 seconds.
  path: Assets/StarterAssets/ThirdPersonController/Scenes/Playground/LightingData.asset
  importAddress: Guid(51e8050f26ab504469d218c927558c5e) Importer(2089858483,b0f066a214c2f5e87bad3c948f4d605d)
Start importing Assets/StarterAssets/ThirdPersonController/Scenes/Playground/LightingData.asset using Guid(51e8050f26ab504469d218c927558c5e) Importer(2089858483,b0f066a214c2f5e87bad3c948f4d605d) (ScriptedImporter) -> (Import Result ID: '699483ef13794594b5134a3edb19ab94') in 0.0041087 seconds [static and dynamic dependencies]. Details - ImportResultOutputID=cb95712c27d6e3b8d7da927139465eae DependenciesID=8e5da24ad2e153052db6ad3c34604ee1 StaticDependenciesID=fa4f98eb481cdaec7ba60539a4783652 
Number of updated asset objects reloaded before import = 0Number of asset objects unloaded after import = 2

========================================================================
Received Import Request.
  Time since last request: 0.000014 seconds.
  path: Assets/StarterAssets/ThirdPersonController/Character/Sfx/Concrete_Footsteps/Concrete_01.wav
  importAddress: Guid(3515527f48a854c658f6654d89c03d44) Importer(2089858483,b0f066a214c2f5e87bad3c948f4d605d)
Start importing Assets/StarterAssets/ThirdPersonController/Character/Sfx/Concrete_Footsteps/Concrete_01.wav using Guid(3515527f48a854c658f6654d89c03d44) Importer(2089858483,b0f066a214c2f5e87bad3c948f4d605d) (ScriptedImporter) -> (Import Result ID: '4c8a256bf4c8c7d0abd3e672c1bb6e04') in 0.0037567 seconds [static and dynamic dependencies]. Details - ImportResultOutputID=553ec6161aef1e303bae778c5744c729 DependenciesID=cb3af700aa70d3c09dbf9b56d2872fdf StaticDependenciesID=f184efe05f42806d8c38f84f83cc4fdb 
Number of updated asset objects reloaded before import = 0Number of asset objects unloaded after import = 1

========================================================================
Received Import Request.
  Time since last request: 0.000018 seconds.
  path: Assets/StarterAssets/ThirdPersonController/Character/Textures/Armature_Body_MetallicSmoothness.tif
  importAddress: Guid(e73adacd5e8f6fc45a491dbd62e71ead) Importer(2089858483,b0f066a214c2f5e87bad3c948f4d605d)
Start importing Assets/StarterAssets/ThirdPersonController/Character/Textures/Armature_Body_MetallicSmoothness.tif using Guid(e73adacd5e8f6fc45a491dbd62e71ead) Importer(2089858483,b0f066a214c2f5e87bad3c948f4d605d) (ScriptedImporter) -> (Import Result ID: '7a933c44caff44338ad2e119db05f9bb') in 0.0130656 seconds [static and dynamic dependencies]. Details - ImportResultOutputID=7f44d54b25760a300dec65c6a7b608e6 DependenciesID=516c9cb2e3bb1ba635d3074d9c5fbe53 StaticDependenciesID=af53f8d427a5a66b4dd402f222f22364 
Number of updated asset objects reloaded before import = 0Number of asset objects unloaded after import = 1

========================================================================
Received Import Request.
  Time since last request: 0.000114 seconds.
  path: Assets/StarterAssets/ThirdPersonController/Character/Textures/Armature_Body_Normal.tif
  importAddress: Guid(2a3daea46c599324e873f935ab08000a) Importer(2089858483,b0f066a214c2f5e87bad3c948f4d605d)
Start importing Assets/StarterAssets/ThirdPersonController/Character/Textures/Armature_Body_Normal.tif using Guid(2a3daea46c599324e873f935ab08000a) Importer(2089858483,b0f066a214c2f5e87bad3c948f4d605d) (ScriptedImporter) -> (Import Result ID: '2d68693a0df89e28a31615d98f3188de') in 0.0129888 seconds [static and dynamic dependencies]. Details - ImportResultOutputID=5bdac30842ce880dc2a1e2d8c70b46ac DependenciesID=4734c0743fd6680f4f94e82e74ca5822 StaticDependenciesID=cecfeb4675bdd5c250e0bae87a9ffde7 
Number of updated asset objects reloaded before import = 0Number of asset objects unloaded after import = 1

========================================================================
Received Import Request.
  Time since last request: 0.000046 seconds.
  path: Assets/StarterAssets/ThirdPersonController/Character/Textures/Armature_Body_AlbedoTransparency.tif
  importAddress: Guid(28d78c5517421f047b88352f3b18e8e7) Importer(2089858483,b0f066a214c2f5e87bad3c948f4d605d)
Start importing Assets/StarterAssets/ThirdPersonController/Character/Textures/Armature_Body_AlbedoTransparency.tif using Guid(28d78c5517421f047b88352f3b18e8e7) Importer(2089858483,b0f066a214c2f5e87bad3c948f4d605d) (ScriptedImporter) -> (Import Result ID: 'e85b7ea7755c02aa8026375b984eb27a') in 0.0144354 seconds [static and dynamic dependencies]. Details - ImportResultOutputID=ef6e92cfeb8b60365bdec6d9c839f1ab DependenciesID=db7b452a727c9972af557a4ecdaec3f6 StaticDependenciesID=0a867ec0b98024c07b004f7a0d3af224 
Number of updated asset objects reloaded before import = 0Number of asset objects unloaded after import = 1

========================================================================
Received Import Request.
  Time since last request: 0.000022 seconds.
  path: Assets/StarterAssets/ThirdPersonController/Character/Textures/Armature_Arms_RGB.tif
  importAddress: Guid(9b46b2c2f21deb843b7ac9242d5f13e6) Importer(2089858483,b0f066a214c2f5e87bad3c948f4d605d)
Start importing Assets/StarterAssets/ThirdPersonController/Character/Textures/Armature_Arms_RGB.tif using Guid(9b46b2c2f21deb843b7ac9242d5f13e6) Importer(2089858483,b0f066a214c2f5e87bad3c948f4d605d) (ScriptedImporter) -> (Import Result ID: '683fe285e15deed20bffdd1fbc7a7311') in 0.0206154 seconds [static and dynamic dependencies]. Details - ImportResultOutputID=37dd9711fd4a676047ff3d03005abd1d DependenciesID=118a8f5a2cf8ba027399677bd82f3311 StaticDependenciesID=4520f24d781d747da7b97c8f1d5bf310 
Number of updated asset objects reloaded before import = 0Number of asset objects unloaded after import = 1

========================================================================
Received Import Request.
  Time since last request: 0.000020 seconds.
  path: Assets/TextMesh Pro/Examples & Extras/Resources/Fonts & Materials/LiberationSans SDF - Soft Mask.mat
  importAddress: Guid(42df1c7856584b6b8db9a509b6b10074) Importer(2089858483,b0f066a214c2f5e87bad3c948f4d605d)
Start importing Assets/TextMesh Pro/Examples & Extras/Resources/Fonts & Materials/LiberationSans SDF - Soft Mask.mat using Guid(42df1c7856584b6b8db9a509b6b10074) Importer(2089858483,b0f066a214c2f5e87bad3c948f4d605d) (ScriptedImporter) -> (Import Result ID: '4cbcac16053e3e45dae882fc80166433') in 0.0195783 seconds [static and dynamic dependencies]. Details - ImportResultOutputID=159c964a34d309978ff5d65ba82a9bfc DependenciesID=f709ec74f96fc9add62b187216829bab StaticDependenciesID=6ed5c48f55918adae561a79665ee0191 
Number of updated asset objects reloaded before import = 0Number of asset objects unloaded after import = 3

========================================================================
Received Import Request.
  Time since last request: 0.000019 seconds.
  path: Assets/StarterAssets/ThirdPersonController/Scenes/Playground/ReflectionProbe-2.exr
  importAddress: Guid(7e3f1677bc1aead4fb8791998078dcec) Importer(2089858483,b0f066a214c2f5e87bad3c948f4d605d)
Start importing Assets/StarterAssets/ThirdPersonController/Scenes/Playground/ReflectionProbe-2.exr using Guid(7e3f1677bc1aead4fb8791998078dcec) Importer(2089858483,b0f066a214c2f5e87bad3c948f4d605d) (ScriptedImporter) -> (Import Result ID: '4ce2f94ec29d5add4ca1fd3fdd5d9a9e') in 0.0087164 seconds [static and dynamic dependencies]. Details - ImportResultOutputID=f56570b3697d28fd63d7e23234c175dc DependenciesID=7b4b0e42c278b30beac9687a0c96e5e4 StaticDependenciesID=77d06f1426b345db747b76de958c810c 
Number of updated asset objects reloaded before import = 0Number of asset objects unloaded after import = 1

========================================================================
Received Import Request.
  Time since last request: 0.000054 seconds.
  path: Assets/TextMesh Pro/Examples & Extras/Resources/Fonts & Materials/Anton SDF - Sunny Days.mat
  importAddress: Guid(6522f30e342599e4e9dd4cc2cc03c830) Importer(2089858483,b0f066a214c2f5e87bad3c948f4d605d)
Start importing Assets/TextMesh Pro/Examples & Extras/Resources/Fonts & Materials/Anton SDF - Sunny Days.mat using Guid(6522f30e342599e4e9dd4cc2cc03c830) Importer(2089858483,b0f066a214c2f5e87bad3c948f4d605d) (ScriptedImporter) -> (Import Result ID: '35a4fd268e879499463f5eda730efe14') in 0.008325 seconds [static and dynamic dependencies]. Details - ImportResultOutputID=b480c3e1392f63f6501223a326b6ae8f DependenciesID=17cdf563949e88bc0b3d6bf840459423 StaticDependenciesID=f140d3f7c3f095de8d21875dfd4f6c6d 
Number of updated asset objects reloaded before import = 0Number of asset objects unloaded after import = 4

========================================================================
Received Import Request.
  Time since last request: 0.000017 seconds.
  path: Assets/StarterAssets/ThirdPersonController/Character/Textures/Armature_Legs_AlbedoTransparency.tif
  importAddress: Guid(c444e3d02d2fcff4d9fe5211d67652a0) Importer(2089858483,b0f066a214c2f5e87bad3c948f4d605d)
Start importing Assets/StarterAssets/ThirdPersonController/Character/Textures/Armature_Legs_AlbedoTransparency.tif using Guid(c444e3d02d2fcff4d9fe5211d67652a0) Importer(2089858483,b0f066a214c2f5e87bad3c948f4d605d) (ScriptedImporter) -> (Import Result ID: '50c76f74bb49779c194c2fbd92c939b4') in 0.0103145 seconds [static and dynamic dependencies]. Details - ImportResultOutputID=a0272b2c5dbbcf6bd06cd381ef48f0ad DependenciesID=de219efc54c7239277006d38c78e9dd8 StaticDependenciesID=4ca91510e2374d5062f6ed1b20c99615 
Number of updated asset objects reloaded before import = 0Number of asset objects unloaded after import = 1

========================================================================
Received Import Request.
  Time since last request: 0.000049 seconds.
  path: Assets/TextMesh Pro/Examples & Extras/Resources/Color Gradient Presets/Blue to Purple - Vertical.asset
  importAddress: Guid(479a66fa4b094512a62b0a8e553ad95a) Importer(2089858483,b0f066a214c2f5e87bad3c948f4d605d)
Start importing Assets/TextMesh Pro/Examples & Extras/Resources/Color Gradient Presets/Blue to Purple - Vertical.asset using Guid(479a66fa4b094512a62b0a8e553ad95a) Importer(2089858483,b0f066a214c2f5e87bad3c948f4d605d) (ScriptedImporter) -> (Import Result ID: '86c871adac2b669d83590200b881643d') in 0.0053653 seconds [static and dynamic dependencies]. Details - ImportResultOutputID=0a07176d2f6b4b1bde1bdf4107ffae0f DependenciesID=ec13fd5333333991a63549455bdddf19 StaticDependenciesID=4e3a092b0861809cf4bf3f99dd8eb8da 
Number of updated asset objects reloaded before import = 0Number of asset objects unloaded after import = 1

========================================================================
Received Import Request.
  Time since last request: 0.000072 seconds.
  path: Assets/TextMesh Pro/Examples & Extras/Resources/Fonts & Materials/Roboto-Bold SDF - Surface.mat
  importAddress: Guid(e6b276ec991f467aa14ef1f3cc665993) Importer(2089858483,b0f066a214c2f5e87bad3c948f4d605d)
Start importing Assets/TextMesh Pro/Examples & Extras/Resources/Fonts & Materials/Roboto-Bold SDF - Surface.mat using Guid(e6b276ec991f467aa14ef1f3cc665993) Importer(2089858483,b0f066a214c2f5e87bad3c948f4d605d) (ScriptedImporter) -> (Import Result ID: '7bc2d1b48a86da8075c38f8569f081d5') in 0.0072803 seconds [static and dynamic dependencies]. Details - ImportResultOutputID=3df4826d855fe0fc56369eddaf76f79c DependenciesID=8bbf6964ad7c1ef77291e224485fa7e6 StaticDependenciesID=c4df4f02aef4c0b6ec3fb0f041a0b94c 
Number of updated asset objects reloaded before import = 0Number of asset objects unloaded after import = 2

========================================================================
Received Import Request.
  Time since last request: 0.000018 seconds.
  path: Assets/TextMesh Pro/Examples & Extras/Resources/Fonts & Materials/LiberationSans SDF - Metalic Green.mat
  importAddress: Guid(8b29aaa3eec7468097ff07adfcf29ac9) Importer(2089858483,b0f066a214c2f5e87bad3c948f4d605d)
Start importing Assets/TextMesh Pro/Examples & Extras/Resources/Fonts & Materials/LiberationSans SDF - Metalic Green.mat using Guid(8b29aaa3eec7468097ff07adfcf29ac9) Importer(2089858483,b0f066a214c2f5e87bad3c948f4d605d) (ScriptedImporter) -> (Import Result ID: '2a73c89ab795c18f4b9c49523222bb68') in 0.0163189 seconds [static and dynamic dependencies]. Details - ImportResultOutputID=277db510260b1ae6d16afdbeffa3257d DependenciesID=824ed184b0fec28dfbae8ec335dbab7e StaticDependenciesID=e0d07112f7be71aa9e03ac8f627cd6f1 
Number of updated asset objects reloaded before import = 0Number of asset objects unloaded after import = 4

========================================================================
Received Import Request.
  Time since last request: 0.000029 seconds.
  path: Assets/StarterAssets/ThirdPersonController/Character/Textures/Armature_Arms_MetallicSmoothness.tif
  importAddress: Guid(b41d630ccc344454bb1f27587f9acd70) Importer(2089858483,b0f066a214c2f5e87bad3c948f4d605d)
Start importing Assets/StarterAssets/ThirdPersonController/Character/Textures/Armature_Arms_MetallicSmoothness.tif using Guid(b41d630ccc344454bb1f27587f9acd70) Importer(2089858483,b0f066a214c2f5e87bad3c948f4d605d) (ScriptedImporter) -> (Import Result ID: '2aae78f4b011fd1c8224af4263b4877f') in 0.0136906 seconds [static and dynamic dependencies]. Details - ImportResultOutputID=6fa856e888c12545492fb4d02f4a33a1 DependenciesID=2522c85c8afc6e69976505dc1724df17 StaticDependenciesID=0e306d828b504b35e691647d9412774d 
Number of updated asset objects reloaded before import = 0Number of asset objects unloaded after import = 1

========================================================================
Received Import Request.
  Time since last request: 0.000021 seconds.
  path: Assets/TextMesh Pro/Examples & Extras/Resources/Fonts & Materials/Oswald Bold SDF.asset
  importAddress: Guid(0161d805a3764c089bef00bfe00793f5) Importer(2089858483,b0f066a214c2f5e87bad3c948f4d605d)
Start importing Assets/TextMesh Pro/Examples & Extras/Resources/Fonts & Materials/Oswald Bold SDF.asset using Guid(0161d805a3764c089bef00bfe00793f5) Importer(2089858483,b0f066a214c2f5e87bad3c948f4d605d) (ScriptedImporter) -> (Import Result ID: '34e447bcc4504953f8ed5129376b6c1e') in 0.004036 seconds [static and dynamic dependencies]. Details - ImportResultOutputID=1b397c5b6758bb07644a0b0685626b99 DependenciesID=d61ba37e13abd1645672946c0d506b94 StaticDependenciesID=50f1412b75de14b9c02e8e3916dfe2da 
Number of updated asset objects reloaded before import = 0Number of asset objects unloaded after import = 1

========================================================================
Received Import Request.
  Time since last request: 0.000036 seconds.
  path: Assets/TextMesh Pro/Examples & Extras/Resources/Fonts & Materials/Unity SDF - HDRP LIT - Bloom.mat
  importAddress: Guid(8d176c01131de8f46ad61094e29d79b2) Importer(2089858483,b0f066a214c2f5e87bad3c948f4d605d)
Start importing Assets/TextMesh Pro/Examples & Extras/Resources/Fonts & Materials/Unity SDF - HDRP LIT - Bloom.mat using Guid(8d176c01131de8f46ad61094e29d79b2) Importer(2089858483,b0f066a214c2f5e87bad3c948f4d605d) (ScriptedImporter) -> (Import Result ID: '0fab7f41ed91393604fa0748c8ee89c8') in 0.0080022 seconds [static and dynamic dependencies]. Details - ImportResultOutputID=bae17bc12e12ade7c6ab4cf8e61fd15a DependenciesID=44e1f9635cca29a5a7551037866c1312 StaticDependenciesID=cf95fe13d7bcfd54ac3c2b4d1aee7256 
Number of updated asset objects reloaded before import = 0Number of asset objects unloaded after import = 1

========================================================================
Received Import Request.
  Time since last request: 0.000063 seconds.
  path: Assets/StarterAssets/ThirdPersonController/Character/Textures/Armature_Arms_Normal.tif
  importAddress: Guid(104a45460231b8d4783e0bb2223be28c) Importer(2089858483,b0f066a214c2f5e87bad3c948f4d605d)
Start importing Assets/StarterAssets/ThirdPersonController/Character/Textures/Armature_Arms_Normal.tif using Guid(104a45460231b8d4783e0bb2223be28c) Importer(2089858483,b0f066a214c2f5e87bad3c948f4d605d) (ScriptedImporter) -> (Import Result ID: '94a781480563afc914d9df0efaf70929') in 0.011928 seconds [static and dynamic dependencies]. Details - ImportResultOutputID=e554645ebe43f84df01f53518ecf47b3 DependenciesID=eede81083d78c458aaac4cf75aff53bb StaticDependenciesID=25bfa16d0d48ac1d201bdc7c330d5cd7 
Number of updated asset objects reloaded before import = 0Number of asset objects unloaded after import = 1

========================================================================
Received Import Request.
  Time since last request: 0.000091 seconds.
  path: Assets/Bundles/Themes/NightTime/Urban/UrbanBrickWalls02.prefab
  importAddress: Guid(10f2606a4e949f5489f1ce27b91600df) Importer(2089858483,b0f066a214c2f5e87bad3c948f4d605d)
Start importing Assets/Bundles/Themes/NightTime/Urban/UrbanBrickWalls02.prefab using Guid(10f2606a4e949f5489f1ce27b91600df) Importer(2089858483,b0f066a214c2f5e87bad3c948f4d605d) (ScriptedImporter) -> (Import Result ID: 'ba984d87f1dccbe024c4c0d54270051b') in 0.0082369 seconds [static and dynamic dependencies]. Details - ImportResultOutputID=76aadeaf5c2d39e88e7a1cb9a1016f48 DependenciesID=6c43507057c8bea2420d2b04db6ebd37 StaticDependenciesID=922912413f18dacc121edd15921a78d0 
Number of updated asset objects reloaded before import = 0Number of asset objects unloaded after import = 40

========================================================================
Received Import Request.
  Time since last request: 0.000017 seconds.
  path: Assets/ALP_Assets/country house01/Models/Materials/DoorsMap01.mat
  importAddress: Guid(dd54ed56e94ed8e4a9d9fbbdf108e645) Importer(2089858483,b0f066a214c2f5e87bad3c948f4d605d)
Start importing Assets/ALP_Assets/country house01/Models/Materials/DoorsMap01.mat using Guid(dd54ed56e94ed8e4a9d9fbbdf108e645) Importer(2089858483,b0f066a214c2f5e87bad3c948f4d605d) (ScriptedImporter) -> (Import Result ID: 'a36051f82e70871351b237ead2d50490') in 0.0056432 seconds [static and dynamic dependencies]. Details - ImportResultOutputID=4cde033957ba689baedece858b2dd02f DependenciesID=99cd2f69ee678041a84af748eb970b27 StaticDependenciesID=e65842348bb4d1af72d07aaec266a839 
Number of updated asset objects reloaded before import = 0Number of asset objects unloaded after import = 1

========================================================================
Received Import Request.
  Time since last request: 0.000016 seconds.
  path: Assets/Bundles/Themes/Default/Urban/UrbanBuilding03.prefab
  importAddress: Guid(9b7ee2db83af4fe4da3b2af7d258d635) Importer(2089858483,b0f066a214c2f5e87bad3c948f4d605d)
Start importing Assets/Bundles/Themes/Default/Urban/UrbanBuilding03.prefab using Guid(9b7ee2db83af4fe4da3b2af7d258d635) Importer(2089858483,b0f066a214c2f5e87bad3c948f4d605d) (ScriptedImporter) -> (Import Result ID: 'e6770fd6401e5d17e74a14fb56d8d1d5') in 0.0171423 seconds [static and dynamic dependencies]. Details - ImportResultOutputID=dc223f074b6d3d491fdc2cb30bfc51bf DependenciesID=8a0d619f842733c8b006aef44ae85860 StaticDependenciesID=d57bbeb693725b308714ee80e553d847 
Number of updated asset objects reloaded before import = 0Number of asset objects unloaded after import = 101

========================================================================
Received Import Request.
  Time since last request: 0.000033 seconds.
  path: Assets/Bundles/Themes/Default/Sky/DefaultCloud03.prefab
  importAddress: Guid(480053abe3ba0aa4883a1b63c0deee9d) Importer(2089858483,b0f066a214c2f5e87bad3c948f4d605d)
Start importing Assets/Bundles/Themes/Default/Sky/DefaultCloud03.prefab using Guid(480053abe3ba0aa4883a1b63c0deee9d) Importer(2089858483,b0f066a214c2f5e87bad3c948f4d605d) (ScriptedImporter) -> (Import Result ID: '17aefab77f12d0957e21e7a2da8ff782') in 0.0070159 seconds [static and dynamic dependencies]. Details - ImportResultOutputID=1d0dd2609445e42f798a38160c598bb1 DependenciesID=7b4cce8912cebded2927246f0cd6ddab StaticDependenciesID=8e1906651d7779050a05e96d814cf080 
Number of updated asset objects reloaded before import = 0Number of asset objects unloaded after import = 9

========================================================================
Received Import Request.
  Time since last request: 0.000028 seconds.
  path: Assets/TextMesh Pro/Examples & Extras/Resources/Fonts & Materials/Roboto-Bold SDF.asset
  importAddress: Guid(5302535af1044152a457ed104f1f4b91) Importer(2089858483,b0f066a214c2f5e87bad3c948f4d605d)
Start importing Assets/TextMesh Pro/Examples & Extras/Resources/Fonts & Materials/Roboto-Bold SDF.asset using Guid(5302535af1044152a457ed104f1f4b91) Importer(2089858483,b0f066a214c2f5e87bad3c948f4d605d) (ScriptedImporter) -> (Import Result ID: 'd45860f7c7586efb141cfece55844adb') in 0.0041768 seconds [static and dynamic dependencies]. Details - ImportResultOutputID=58384e12a2e4d13c3b7d87917c34ea28 DependenciesID=a107376b8e4b20b7d47d4fb38fee5210 StaticDependenciesID=2ec1a56f56d3f1a5296138d78f12c785 
Number of updated asset objects reloaded before import = 0Number of asset objects unloaded after import = 1

========================================================================
Received Import Request.
  Time since last request: 0.000018 seconds.
  path: Assets/Models/Daytime/TelegraphPole01.fbx
  importAddress: Guid(89e6fbf81f961324680e4bf3f84b5990) Importer(2089858483,b0f066a214c2f5e87bad3c948f4d605d)
Start importing Assets/Models/Daytime/TelegraphPole01.fbx using Guid(89e6fbf81f961324680e4bf3f84b5990) Importer(2089858483,b0f066a214c2f5e87bad3c948f4d605d) (ScriptedImporter) -> (Import Result ID: '911394a2bb5c97c5d9322583c13fa2e1') in 0.0138245 seconds [static and dynamic dependencies]. Details - ImportResultOutputID=e995d7a1d05b9b353206c100c1322df4 DependenciesID=7e9d6942ec2fd450a7b50f74b2af0730 StaticDependenciesID=163be51cbb03a62a6ce1ce37516f07ef 
Number of updated asset objects reloaded before import = 0Number of asset objects unloaded after import = 8

========================================================================
Received Import Request.
  Time since last request: 0.000022 seconds.
  path: Assets/StarterAssets/ThirdPersonController/Character/Textures/Armature_Legs_RGB.tif
  importAddress: Guid(64d6bedfd9838e14fb51c78c8e947042) Importer(2089858483,b0f066a214c2f5e87bad3c948f4d605d)
Start importing Assets/StarterAssets/ThirdPersonController/Character/Textures/Armature_Legs_RGB.tif using Guid(64d6bedfd9838e14fb51c78c8e947042) Importer(2089858483,b0f066a214c2f5e87bad3c948f4d605d) (ScriptedImporter) -> (Import Result ID: 'b688f9e3bae11878e9471c43eac35610') in 0.0118925 seconds [static and dynamic dependencies]. Details - ImportResultOutputID=1e98e27ffc0625f755b8203e3ae7ebd7 DependenciesID=442bf3f83f06e2e14935f0591122417f StaticDependenciesID=171477e79386b95785a24fa952565feb 
Number of updated asset objects reloaded before import = 0Number of asset objects unloaded after import = 1

========================================================================
Received Import Request.
  Time since last request: 0.000119 seconds.
  path: Assets/ALP_Assets/country house01/Prefabs/DoorWoodenOld.prefab
  importAddress: Guid(491c90fa5c2af4a42b7dcc5aca368c5a) Importer(2089858483,b0f066a214c2f5e87bad3c948f4d605d)
Start importing Assets/ALP_Assets/country house01/Prefabs/DoorWoodenOld.prefab using Guid(491c90fa5c2af4a42b7dcc5aca368c5a) Importer(2089858483,b0f066a214c2f5e87bad3c948f4d605d) (ScriptedImporter) -> (Import Result ID: 'bc476dcaf510572be6d20f24ec7f71ed') in 0.0054342 seconds [static and dynamic dependencies]. Details - ImportResultOutputID=e52575b722ee6da89bc8851f306b186c DependenciesID=4e5f7fb301378daae1ec849fce72de88 StaticDependenciesID=d4cede7db07b36c0526fa36e608abf21 
Number of updated asset objects reloaded before import = 0Number of asset objects unloaded after import = 29

========================================================================
Received Import Request.
  Time since last request: 0.000018 seconds.
  path: Assets/TextMesh Pro/Shaders/TMP_SDF SSD.shader
  importAddress: Guid(14eb328de4b8eb245bb7cea29e4ac00b) Importer(2089858483,b0f066a214c2f5e87bad3c948f4d605d)
Start importing Assets/TextMesh Pro/Shaders/TMP_SDF SSD.shader using Guid(14eb328de4b8eb245bb7cea29e4ac00b) Importer(2089858483,b0f066a214c2f5e87bad3c948f4d605d) (ScriptedImporter) -> (Import Result ID: '4251f65bcdd4fb11756d6bde3567c1f7') in 0.0041821 seconds [static and dynamic dependencies]. Details - ImportResultOutputID=c4e76325bf43cbea3ff912cee0c3f657 DependenciesID=215dd8e1f94f1126ba87678cb99ef4ce StaticDependenciesID=8dab4151aa6bd08630c2d16ff94a2c92 
Number of updated asset objects reloaded before import = 0Number of asset objects unloaded after import = 1

========================================================================
Received Import Request.
  Time since last request: 0.000020 seconds.
  path: Assets/MobileDependencyResolver/Editor/1.2.185/Google.JarResolver.dll
  importAddress: Guid(459f2b4255ec498caed1c0aeb1bf03a0) Importer(2089858483,b0f066a214c2f5e87bad3c948f4d605d)
Start importing Assets/MobileDependencyResolver/Editor/1.2.185/Google.JarResolver.dll using Guid(459f2b4255ec498caed1c0aeb1bf03a0) Importer(2089858483,b0f066a214c2f5e87bad3c948f4d605d) (ScriptedImporter) -> (Import Result ID: '3df518e24a03514b1d361a086128d45a') in 0.0055486 seconds [static and dynamic dependencies]. Details - ImportResultOutputID=bc6eebb3a3e5e91466e6ae2229434192 DependenciesID=46f22ed3efa486fa250595e6da922dbc StaticDependenciesID=77c892e7851d46b4918f553582e700e2 
Number of updated asset objects reloaded before import = 0Number of asset objects unloaded after import = 0

========================================================================
Received Import Request.
  Time since last request: 0.000104 seconds.
  path: Assets/StarterAssets/ThirdPersonController/Character/Sfx/Player_Footstep_06.wav
  importAddress: Guid(29841e7d5bbfb5b419c9ad16ca8bc4c1) Importer(2089858483,b0f066a214c2f5e87bad3c948f4d605d)
Start importing Assets/StarterAssets/ThirdPersonController/Character/Sfx/Player_Footstep_06.wav using Guid(29841e7d5bbfb5b419c9ad16ca8bc4c1) Importer(2089858483,b0f066a214c2f5e87bad3c948f4d605d) (ScriptedImporter) -> (Import Result ID: '6e720f122622387bee498305a794d657') in 0.0073703 seconds [static and dynamic dependencies]. Details - ImportResultOutputID=5198493edc52c3fe53bac0e4ce7887b8 DependenciesID=896d35358a5441dcf0dfa2d24fd1deea StaticDependenciesID=e508e6827c6e2aee3002a26e16f61440 
Number of updated asset objects reloaded before import = 0Number of asset objects unloaded after import = 1

========================================================================
Received Import Request.
  Time since last request: 0.000094 seconds.
  path: Assets/Tutorial/LeftRight/IndustrialWarehouseLeftRight3.prefab
  importAddress: Guid(19a9ea291ba68194c8cac8f13a84fe83) Importer(2089858483,b0f066a214c2f5e87bad3c948f4d605d)
Start importing Assets/Tutorial/LeftRight/IndustrialWarehouseLeftRight3.prefab using Guid(19a9ea291ba68194c8cac8f13a84fe83) Importer(2089858483,b0f066a214c2f5e87bad3c948f4d605d) (ScriptedImporter) -> (Import Result ID: '34d735ebbf4dca8132435e1f74289269') in 0.0095158 seconds [static and dynamic dependencies]. Details - ImportResultOutputID=baae059609d6dd06f0a59f7d78b45eb6 DependenciesID=869d57bfdbe7d3c292884b8d056fc540 StaticDependenciesID=17536cd7c95d921d96f0b32226784d0d 
Number of updated asset objects reloaded before import = 0Number of asset objects unloaded after import = 41

========================================================================
Received Import Request.
  Time since last request: 0.000025 seconds.
  path: Assets/Animation/Tutorial/TutorialArrow.anim
  importAddress: Guid(2b6b6fb7a7a6fdf4cabb6ab682beb842) Importer(2089858483,b0f066a214c2f5e87bad3c948f4d605d)
Start importing Assets/Animation/Tutorial/TutorialArrow.anim using Guid(2b6b6fb7a7a6fdf4cabb6ab682beb842) Importer(2089858483,b0f066a214c2f5e87bad3c948f4d605d) (ScriptedImporter) -> (Import Result ID: '69c434626deaa9f2438f9ae248920590') in 0.0045911 seconds [static and dynamic dependencies]. Details - ImportResultOutputID=e0b330247705c3a59622ed755179d0ca DependenciesID=74a4605d855b26d037289dc5a563c1c6 StaticDependenciesID=38938d921ee5cd90c4d59be52dffb749 
Number of updated asset objects reloaded before import = 0Number of asset objects unloaded after import = 1

========================================================================
Received Import Request.
  Time since last request: 0.000015 seconds.
  path: Assets/Scripts/GameManager/TutorialState.cs
  importAddress: Guid(1493263e4d3cf8a41b7a1b61d99c503c) Importer(2089858483,b0f066a214c2f5e87bad3c948f4d605d)
Start importing Assets/Scripts/GameManager/TutorialState.cs using Guid(1493263e4d3cf8a41b7a1b61d99c503c) Importer(2089858483,b0f066a214c2f5e87bad3c948f4d605d) (ScriptedImporter) -> (Import Result ID: '8471cd905dd91def2e1197af7fdaa7f1') in 0.0055646 seconds [static and dynamic dependencies]. Details - ImportResultOutputID=c12df75a320a9086a47ae3052ae1cffe DependenciesID=d38eaacb300728de51e3cd1e9a463a48 StaticDependenciesID=8f39a88a6fd55cc018b1d540fa04055a 
Number of updated asset objects reloaded before import = 0Number of asset objects unloaded after import = 0

========================================================================
Received Import Request.
  Time since last request: 0.000077 seconds.
  path: Assets/Models/NightTime/GrassClumpNight.fbx
  importAddress: Guid(edf6b364077c56845beb62322b8bfc8a) Importer(2089858483,b0f066a214c2f5e87bad3c948f4d605d)
Start importing Assets/Models/NightTime/GrassClumpNight.fbx using Guid(edf6b364077c56845beb62322b8bfc8a) Importer(2089858483,b0f066a214c2f5e87bad3c948f4d605d) (ScriptedImporter) -> (Import Result ID: '14da037e68a2c9a4ed9b4645f1dbe6a5') in 0.0135386 seconds [static and dynamic dependencies]. Details - ImportResultOutputID=7b5a93d03be730f18bd7e0818e11016f DependenciesID=33c51374914f3a8e332c468ae2ff0d03 StaticDependenciesID=16a88f343502e93aea6e1505f25281e9 
Number of updated asset objects reloaded before import = 0Number of asset objects unloaded after import = 8

========================================================================
Received Import Request.
  Time since last request: 0.000016 seconds.
  path: Assets/AddressableAssetsData/AssetGroups/Schemas/89278b1b8bdb81c4996129605154b1d9_BundledAssetGroupSchema.asset
  importAddress: Guid(319ae0878c1110f4991e668cb11210f7) Importer(2089858483,b0f066a214c2f5e87bad3c948f4d605d)
Start importing Assets/AddressableAssetsData/AssetGroups/Schemas/89278b1b8bdb81c4996129605154b1d9_BundledAssetGroupSchema.asset using Guid(319ae0878c1110f4991e668cb11210f7) Importer(2089858483,b0f066a214c2f5e87bad3c948f4d605d) (ScriptedImporter) -> (Import Result ID: '07cf7d5d9bfac8539ad4fdfa1cc2f6d0') in 0.0032862 seconds [static and dynamic dependencies]. Details - ImportResultOutputID=aef99786d8b3bec5fcf2a507b039655e DependenciesID=c4cc8d3e21a01ff39bf1b414094a89fd StaticDependenciesID=73fa902c7739082c609e1760c512305e 
Number of updated asset objects reloaded before import = 0Number of asset objects unloaded after import = 1

========================================================================
Received Import Request.
  Time since last request: 0.000019 seconds.
  path: Assets/Tutorial/Down/IndustrialWarehouseUp3.prefab
  importAddress: Guid(f1fdce3067b0cf842a46d3d44dd9e841) Importer(2089858483,b0f066a214c2f5e87bad3c948f4d605d)
Start importing Assets/Tutorial/Down/IndustrialWarehouseUp3.prefab using Guid(f1fdce3067b0cf842a46d3d44dd9e841) Importer(2089858483,b0f066a214c2f5e87bad3c948f4d605d) (ScriptedImporter) -> (Import Result ID: 'aaf837a3c7cc86656d79b0dd581bf301') in 0.0126612 seconds [static and dynamic dependencies]. Details - ImportResultOutputID=10596377d78d7e8ddcdb54cf8a775207 DependenciesID=b5b8d523a521b56497f2b4a984321fc2 StaticDependenciesID=bb781dcb1d730bedadb4ff8bcdf6ad5e 
Number of updated asset objects reloaded before import = 0Number of asset objects unloaded after import = 41

========================================================================
Received Import Request.
  Time since last request: 0.000019 seconds.
  path: Assets/Animation/Animators/Multiply.controller
  importAddress: Guid(d4f83147ae718cc4cae28bf24590da59) Importer(2089858483,b0f066a214c2f5e87bad3c948f4d605d)
Start importing Assets/Animation/Animators/Multiply.controller using Guid(d4f83147ae718cc4cae28bf24590da59) Importer(2089858483,b0f066a214c2f5e87bad3c948f4d605d) (ScriptedImporter) -> (Import Result ID: 'afe4518b82511abc99a720274769d3bc') in 0.0088075 seconds [static and dynamic dependencies]. Details - ImportResultOutputID=d6f44ba22e71f44cbb583d6c3939f09d DependenciesID=cae35f05c739c97f67b0d57984a8c263 StaticDependenciesID=284c880183740a78ea9d38d4a3c7ab5e 
Number of updated asset objects reloaded before import = 0Number of asset objects unloaded after import = 4

========================================================================
Received Import Request.
  Time since last request: 0.000018 seconds.
  path: Assets/TextMesh Pro/Shaders/TMPro.cginc
  importAddress: Guid(407bc68d299748449bbf7f48ee690f8d) Importer(2089858483,b0f066a214c2f5e87bad3c948f4d605d)
Start importing Assets/TextMesh Pro/Shaders/TMPro.cginc using Guid(407bc68d299748449bbf7f48ee690f8d) Importer(2089858483,b0f066a214c2f5e87bad3c948f4d605d) (ScriptedImporter) -> (Import Result ID: '59ef275e612e60b443aae4ea37192f58') in 0.0062433 seconds [static and dynamic dependencies]. Details - ImportResultOutputID=5ba3f1d3ebc79fd3a0fdff0c73046cac DependenciesID=ddf0e0bb782239c71e88184cf31ab7f6 StaticDependenciesID=5392e794b82f768427ad6b171babacf0 
Number of updated asset objects reloaded before import = 0Number of asset objects unloaded after import = 1

========================================================================
Received Import Request.
  Time since last request: 0.000063 seconds.
  path: Assets/Bundles/Characters/Cat/character.prefab
  importAddress: Guid(2ae64d0eaec8d6f4f9436fce6117048d) Importer(2089858483,b0f066a214c2f5e87bad3c948f4d605d)
Start importing Assets/Bundles/Characters/Cat/character.prefab using Guid(2ae64d0eaec8d6f4f9436fce6117048d) Importer(2089858483,b0f066a214c2f5e87bad3c948f4d605d) (ScriptedImporter) -> (Import Result ID: '8a08615afe02d2473673e5e6e8014690') in 0.0179907 seconds [static and dynamic dependencies]. Details - ImportResultOutputID=489b231036a735e11dd65da6a22b2669 DependenciesID=8885efe51a1a2f01975a0a4edc3eb590 StaticDependenciesID=0aa2ffea67b466eb4f60ff42bf535f55 
Number of updated asset objects reloaded before import = 0Number of asset objects unloaded after import = 82

========================================================================
Received Import Request.
  Time since last request: 0.000019 seconds.
  path: Assets/Scripts/UI/Shop/IAPHandler.cs
  importAddress: Guid(97e9230e0a08afa44bbeb7b325fc132d) Importer(2089858483,b0f066a214c2f5e87bad3c948f4d605d)
Start importing Assets/Scripts/UI/Shop/IAPHandler.cs using Guid(97e9230e0a08afa44bbeb7b325fc132d) Importer(2089858483,b0f066a214c2f5e87bad3c948f4d605d) (ScriptedImporter) -> (Import Result ID: '296685c2a07c42b8bf7ee48d879ee2af') in 0.0036665 seconds [static and dynamic dependencies]. Details - ImportResultOutputID=a959fb6e3d7b5b462ade0cfc6b493e05 DependenciesID=25a05d4a29b5eea704ef38897d35f46e StaticDependenciesID=5eadafca254981cf99b05fbe09dd3307 
Number of updated asset objects reloaded before import = 0Number of asset objects unloaded after import = 0

========================================================================
Received Import Request.
  Time since last request: 0.000043 seconds.
  path: Assets/AddressableAssetsData/AssetGroups/Duplicate Asset Isolation.asset
  importAddress: Guid(e2c827a9a9fb83b4193c2f8d1d7779d0) Importer(2089858483,b0f066a214c2f5e87bad3c948f4d605d)
Start importing Assets/AddressableAssetsData/AssetGroups/Duplicate Asset Isolation.asset using Guid(e2c827a9a9fb83b4193c2f8d1d7779d0) Importer(2089858483,b0f066a214c2f5e87bad3c948f4d605d) (ScriptedImporter) -> (Import Result ID: '3256b74b7f93b21c180ba7f49432ed35') in 0.0037647 seconds [static and dynamic dependencies]. Details - ImportResultOutputID=943bb2d42d116e9113bcfd9dfea73462 DependenciesID=4069032a67d24ac8834de8495809049b StaticDependenciesID=4b20c8f8ca8f777eafc2ea3ecd2b56e9 
Number of updated asset objects reloaded before import = 0Number of asset objects unloaded after import = 1

========================================================================
Received Import Request.
  Time since last request: 0.000014 seconds.
  path: Assets/ALP_Assets/country house01/Materials/OldHouseMapIndoorWall01.mat
  importAddress: Guid(b94a330bb0db9d04294f2eeb76b7f73a) Importer(2089858483,b0f066a214c2f5e87bad3c948f4d605d)
Start importing Assets/ALP_Assets/country house01/Materials/OldHouseMapIndoorWall01.mat using Guid(b94a330bb0db9d04294f2eeb76b7f73a) Importer(2089858483,b0f066a214c2f5e87bad3c948f4d605d) (ScriptedImporter) -> (Import Result ID: '02cc32369714f2f0f1cec36c36eaa0b9') in 0.0044201 seconds [static and dynamic dependencies]. Details - ImportResultOutputID=da675e1dab3ab788a8c4cdab5ccbe99e DependenciesID=a54b9a851fa0c2db10574a570ea26bf6 StaticDependenciesID=2dde4231079ba609ebdc41c69b097738 
Number of updated asset objects reloaded before import = 0Number of asset objects unloaded after import = 1

========================================================================
Received Import Request.
  Time since last request: 0.000061 seconds.
  path: Assets/mokrane/Animations/Mokrane_Running Slide.fbx
  importAddress: Guid(8b88894ada5e8424d8ac7862e3c98920) Importer(2089858483,b0f066a214c2f5e87bad3c948f4d605d)
Start importing Assets/mokrane/Animations/Mokrane_Running Slide.fbx using Guid(8b88894ada5e8424d8ac7862e3c98920) Importer(2089858483,b0f066a214c2f5e87bad3c948f4d605d) (ScriptedImporter) -> (Import Result ID: 'cba5e4a7ec8bd6e774ffbd748000622c') in 0.01255 seconds [static and dynamic dependencies]. Details - ImportResultOutputID=a619bc6c0cbd7dc310e08bbd19195c17 DependenciesID=a1d49bab3933eadcf311cf4b7098d88c StaticDependenciesID=b8534ae78aa28a4f2291ddfcc4c69ca3 
Number of updated asset objects reloaded before import = 0Number of asset objects unloaded after import = 137

========================================================================
Received Import Request.
  Time since last request: 0.000021 seconds.
  path: Assets/AddressableAssetsData/AssetGroups/Schemas/39cca0338cf24d84983f02f76cd584ea_BundledAssetGroupSchema.asset
  importAddress: Guid(6c09db96b6b7c484bb3414ebd9b1602a) Importer(2089858483,b0f066a214c2f5e87bad3c948f4d605d)
Start importing Assets/AddressableAssetsData/AssetGroups/Schemas/39cca0338cf24d84983f02f76cd584ea_BundledAssetGroupSchema.asset using Guid(6c09db96b6b7c484bb3414ebd9b1602a) Importer(2089858483,b0f066a214c2f5e87bad3c948f4d605d) (ScriptedImporter) -> (Import Result ID: '90745d8d021450b545d773046714cb31') in 0.0035792 seconds [static and dynamic dependencies]. Details - ImportResultOutputID=c328747a28122893e64ac1345d66fa54 DependenciesID=bb11e68f963080d0f28f56a8606749e7 StaticDependenciesID=2138ff7da7af83644444170b6a6142c9 
Number of updated asset objects reloaded before import = 0Number of asset objects unloaded after import = 1

========================================================================
Received Import Request.
  Time since last request: 0.000058 seconds.
  path: Assets/Models/NightTime/Tree01Night.fbx
  importAddress: Guid(70b2d8ca8d7019345868532ba24371f2) Importer(2089858483,b0f066a214c2f5e87bad3c948f4d605d)
Start importing Assets/Models/NightTime/Tree01Night.fbx using Guid(70b2d8ca8d7019345868532ba24371f2) Importer(2089858483,b0f066a214c2f5e87bad3c948f4d605d) (ScriptedImporter) -> (Import Result ID: 'cbc79a8e81a8d1afa77983dbb35c5ffb') in 0.0111259 seconds [static and dynamic dependencies]. Details - ImportResultOutputID=58ef83bd59901eda3f57b9a0999be455 DependenciesID=ac8ea9a31bc281961a21d9cb12d8c091 StaticDependenciesID=b2f80fa40238dea9300796c79483b4bc 
Number of updated asset objects reloaded before import = 0Number of asset objects unloaded after import = 9

========================================================================
Received Import Request.
  Time since last request: 0.000018 seconds.
  path: Assets/ALP_Assets/country house01/PostProcess/PostProcessVolumeProfile.asset
  importAddress: Guid(7ba2b06fb32e5274aad88925a5b8d3f5) Importer(2089858483,b0f066a214c2f5e87bad3c948f4d605d)
Start importing Assets/ALP_Assets/country house01/PostProcess/PostProcessVolumeProfile.asset using Guid(7ba2b06fb32e5274aad88925a5b8d3f5) Importer(2089858483,b0f066a214c2f5e87bad3c948f4d605d) (ScriptedImporter) -> (Import Result ID: '0cef72816314540e2dcf2a8ad61cb43e') in 0.0037204 seconds [static and dynamic dependencies]. Details - ImportResultOutputID=502086c4ab130b8d2d46dc67effd5308 DependenciesID=c7691b90bab22f6a967b9767b55d720b StaticDependenciesID=fb75f5d74bbdc630518fc62544a69ac7 
Number of updated asset objects reloaded before import = 0Number of asset objects unloaded after import = 1

========================================================================
Received Import Request.
  Time since last request: 0.000035 seconds.
  path: Assets/ALP_Assets/country house01/Textures/OldHouseMapIndoorWall01.png
  importAddress: Guid(6677b987370eac14bbbacecd60651d2b) Importer(2089858483,b0f066a214c2f5e87bad3c948f4d605d)
Start importing Assets/ALP_Assets/country house01/Textures/OldHouseMapIndoorWall01.png using Guid(6677b987370eac14bbbacecd60651d2b) Importer(2089858483,b0f066a214c2f5e87bad3c948f4d605d) (ScriptedImporter) -> (Import Result ID: 'ec0b43dccdd02ab68178c9e2c446fe49') in 0.0146531 seconds [static and dynamic dependencies]. Details - ImportResultOutputID=337a1c8e0b6731cba06d52d89e5e7db4 DependenciesID=d2283bd3431832d4e1c092fee62a5fe1 StaticDependenciesID=ad80a60b592852132fbf2dfba9790939 
Number of updated asset objects reloaded before import = 0Number of asset objects unloaded after import = 1

========================================================================
Received Import Request.
  Time since last request: 0.000115 seconds.
  path: Assets/Models/NightTime/House01Night.fbx
  importAddress: Guid(54e302214ec84b5449d4e070297ff8f9) Importer(2089858483,b0f066a214c2f5e87bad3c948f4d605d)
Start importing Assets/Models/NightTime/House01Night.fbx using Guid(54e302214ec84b5449d4e070297ff8f9) Importer(2089858483,b0f066a214c2f5e87bad3c948f4d605d) (ScriptedImporter) -> (Import Result ID: '77950765ca62c31ee71393038c3b4661') in 0.0212156 seconds [static and dynamic dependencies]. Details - ImportResultOutputID=b3a3c6c5b11b354ed83fd9e1cf3de4d1 DependenciesID=ede5c60b0653cb0a097c98d5c91c30d2 StaticDependenciesID=7b53dbc621f9eb215ab7cb4a78cf5ee0 
Number of updated asset objects reloaded before import = 0Number of asset objects unloaded after import = 10

========================================================================
Received Import Request.
  Time since last request: 0.000023 seconds.
  path: Assets/Sounds/Stems/STEMSSpeed4SynthMono.ogg
  importAddress: Guid(37d5e1f1666e7f643891a80f6d37b371) Importer(2089858483,b0f066a214c2f5e87bad3c948f4d605d)
Start importing Assets/Sounds/Stems/STEMSSpeed4SynthMono.ogg using Guid(37d5e1f1666e7f643891a80f6d37b371) Importer(2089858483,b0f066a214c2f5e87bad3c948f4d605d) (ScriptedImporter) -> (Import Result ID: 'cee992af7b971ac451a5d1f77090ed2a') in 0.2906941 seconds [static and dynamic dependencies]. Details - ImportResultOutputID=11576240cc6a15069b6d0e6e47c70906 DependenciesID=55f36eddf3136da685060c8650fc141e StaticDependenciesID=34bf38c1e6ff6243c80222a6dfcf44a2 
Number of updated asset objects reloaded before import = 0Number of asset objects unloaded after import = 1

========================================================================
Received Import Request.
  Time since last request: 6.807020 seconds.
  path: Assets/Scenes/IntroScene.unity
  importAddress: Guid(421c631d525c85048a16906407ae9451) Importer(815301076,1909f56bfc062723c751e8b465ee728b)
Start importing Assets/Scenes/IntroScene.unity using Guid(421c631d525c85048a16906407ae9451) Importer(815301076,1909f56bfc062723c751e8b465ee728b) (PreviewImporter) -> (Import Result ID: 'dad251a351663ed9a9d00ae50d6ffa5f') in 0.0011 seconds [static and dynamic dependencies]. Details - ImportResultOutputID=f0512b4ae578163bf0d609b80bd755d4 DependenciesID=d0ddd975ee68235b87267e7ac2be88a2 StaticDependenciesID=9f255c8714c2ad16ffc27efcf3ef7162 
Number of updated asset objects reloaded before import = 0Number of asset objects unloaded after import = 0

========================================================================
Received Import Request.
  Time since last request: 6.534853 seconds.
  path: Assets/Scenes/Start.unity
  importAddress: Guid(66b8e0d49d006dd4cb32d8b0fa444728) Importer(815301076,1909f56bfc062723c751e8b465ee728b)
Start importing Assets/Scenes/Start.unity using Guid(66b8e0d49d006dd4cb32d8b0fa444728) Importer(815301076,1909f56bfc062723c751e8b465ee728b) (PreviewImporter) -> (Import Result ID: 'a6b580571db2b88073a6d6d8201a51bd') in 0.001099 seconds [static and dynamic dependencies]. Details - ImportResultOutputID=22dc0155064756b4e676e1ce591eeffe DependenciesID=919eb54902c0d1d5a9999baec5b51728 StaticDependenciesID=80f0c6682ff3c67766596251e05b55a3 
Number of updated asset objects reloaded before import = 0Number of asset objects unloaded after import = 0

========================================================================
Received Import Request.
  Time since last request: 3.771610 seconds.
  path: Assets/Scenes/Start/LightingData.asset
  importAddress: Guid(6a0f22236b8ffb1499b51e6e08b81117) Importer(2089858483,b0f066a214c2f5e87bad3c948f4d605d)
Start importing Assets/Scenes/Start/LightingData.asset using Guid(6a0f22236b8ffb1499b51e6e08b81117) Importer(2089858483,b0f066a214c2f5e87bad3c948f4d605d) (ScriptedImporter) -> (Import Result ID: '7184a0a6db51cdb7351dd2f46d7813ae') in 0.0072677 seconds [static and dynamic dependencies]. Details - ImportResultOutputID=ba76734b26ea0bae08de2cb3f37816d4 DependenciesID=4c3c1ec05e01847af6c4f04f2762a4db StaticDependenciesID=904d77a16e1d67e233c11ee8d884dfe9 
Number of updated asset objects reloaded before import = 0Number of asset objects unloaded after import = 2

========================================================================
Received Import Request.
  Time since last request: 3.281828 seconds.
  path: Assets/Scenes/Main.unity
  importAddress: Guid(678d462d33ebdd7419400a9476bf6759) Importer(815301076,1909f56bfc062723c751e8b465ee728b)
Start importing Assets/Scenes/Main.unity using Guid(678d462d33ebdd7419400a9476bf6759) Importer(815301076,1909f56bfc062723c751e8b465ee728b) (PreviewImporter) -> (Import Result ID: '51c6e38b88241161f53373c4e7c21d83') in 0.0011185 seconds [static and dynamic dependencies]. Details - ImportResultOutputID=a9cad89ff3a4c23348e01afe160dd5aa DependenciesID=c7707b10f0bdbbf09b534b1a7b2f80b6 StaticDependenciesID=7a6f8230ddf5c1070cc265d8eca004a0 
Number of updated asset objects reloaded before import = 0Number of asset objects unloaded after import = 0

========================================================================
Received Import Request.
  Time since last request: 3.792071 seconds.
  path: Assets/Scenes/Start.unity
  importAddress: Guid(66b8e0d49d006dd4cb32d8b0fa444728) Importer(2089858483,b0f066a214c2f5e87bad3c948f4d605d)
Start importing Assets/Scenes/Start.unity using Guid(66b8e0d49d006dd4cb32d8b0fa444728) Importer(2089858483,b0f066a214c2f5e87bad3c948f4d605d) (ScriptedImporter) -> (Import Result ID: 'e138f1284a081280e679ec8feece2d72') in 0.0122916 seconds [static and dynamic dependencies]. Details - ImportResultOutputID=c1b8a5a5c4884b3bcc0fd4b145e85125 DependenciesID=039419f2fe0d09820b4c53048849067d StaticDependenciesID=7095cc9e729af7fc187aa31d898bd71e 
Number of updated asset objects reloaded before import = 0Number of asset objects unloaded after import = 1

========================================================================
Received Import Request.
  Time since last request: 3.343232 seconds.
  path: Assets/Scenes/MainMenu.unity
  importAddress: Guid(d5deb6e949fc69b44b8570ff97f0b641) Importer(815301076,1909f56bfc062723c751e8b465ee728b)
Start importing Assets/Scenes/MainMenu.unity using Guid(d5deb6e949fc69b44b8570ff97f0b641) Importer(815301076,1909f56bfc062723c751e8b465ee728b) (PreviewImporter) -> (Import Result ID: 'c7b60cc195b971f4dd6e7081f8187170') in 0.0010747 seconds [static and dynamic dependencies]. Details - ImportResultOutputID=3a209cbef461e7e393fd58055d855146 DependenciesID=b544884113204a5f76dfc6c0021d592d StaticDependenciesID=367d33c014b6cc83551cab32d33304fc 
Number of updated asset objects reloaded before import = 0Number of asset objects unloaded after import = 0

========================================================================
Received Import Request.
  Time since last request: 14.842026 seconds.
  path: Assets/Scenes/SampleScene.unity
  importAddress: Guid(1b1c85252c14d9041bc10484eb0bbef6) Importer(815301076,1909f56bfc062723c751e8b465ee728b)
Start importing Assets/Scenes/SampleScene.unity using Guid(1b1c85252c14d9041bc10484eb0bbef6) Importer(815301076,1909f56bfc062723c751e8b465ee728b) (PreviewImporter) -> (Import Result ID: '7606b98b17e2cf5de384488aeb0b433c') in 0.0012993 seconds [static and dynamic dependencies]. Details - ImportResultOutputID=e8cdb5904bf6b03f763a80d1f10b9a03 DependenciesID=2569e4644e15aa104b632c53cfd4e34d StaticDependenciesID=6d9931c111f53333af7abb898087a37d 
Number of updated asset objects reloaded before import = 0Number of asset objects unloaded after import = 0

========================================================================
Received Import Request.
  Time since last request: 1.608441 seconds.
  path: Assets/Scenes/Shop.unity
  importAddress: Guid(c81bf86fb95a26446ae42f499fcbc766) Importer(815301076,1909f56bfc062723c751e8b465ee728b)
Start importing Assets/Scenes/Shop.unity using Guid(c81bf86fb95a26446ae42f499fcbc766) Importer(815301076,1909f56bfc062723c751e8b465ee728b) (PreviewImporter) -> (Import Result ID: '3162073e2ee367fceb9303d71c893644') in 0.0010343 seconds [static and dynamic dependencies]. Details - ImportResultOutputID=daff9d2031f9ccffc506804ace640be3 DependenciesID=c39927eb2abb5e974d11283c0addc90d StaticDependenciesID=f32c15e903421546a1bbaaca63e69a04 
Number of updated asset objects reloaded before import = 0Number of asset objects unloaded after import = 0

========================================================================
Received Import Request.
  Time since last request: 1.988062 seconds.
  path: Assets/Scenes/Start.unity
  importAddress: Guid(66b8e0d49d006dd4cb32d8b0fa444728) Importer(815301076,1909f56bfc062723c751e8b465ee728b)
Start importing Assets/Scenes/Start.unity using Guid(66b8e0d49d006dd4cb32d8b0fa444728) Importer(815301076,1909f56bfc062723c751e8b465ee728b) (PreviewImporter) -> (Import Result ID: '0cd1e4b1e47dfb92f6033d269372daee') in 0.0018873 seconds [static and dynamic dependencies]. Details - ImportResultOutputID=22dc0155064756b4e676e1ce591eeffe DependenciesID=9fa1181a74a7e92cba7f5b94f5101bc7 StaticDependenciesID=37420e8da3a92a6e7e8c904d6b1cc717 
Number of updated asset objects reloaded before import = 0Number of asset objects unloaded after import = 0

========================================================================
Received Import Request.
  Time since last request: 16.996426 seconds.
  path: Assets/Scenes/Start
  importAddress: Guid(af2be1b471a9a0740b49c71d11284327) Importer(815301076,1909f56bfc062723c751e8b465ee728b)
Start importing Assets/Scenes/Start using Guid(af2be1b471a9a0740b49c71d11284327) Importer(815301076,1909f56bfc062723c751e8b465ee728b) (PreviewImporter) -> (Import Result ID: '2dda54fc9a9a469376b0d91024266fb4') in 0.0005988 seconds [static and dynamic dependencies]. Details - ImportResultOutputID=bd824fb9e08983c24c1d86fedbe0a5a0 DependenciesID=09c89035c2414aa5e1c27436db2b7d2c StaticDependenciesID=c7a96504024a3f35be50f084ba58da51 
Number of updated asset objects reloaded before import = 0Number of asset objects unloaded after import = 0

========================================================================
Received Import Request.
  Time since last request: 0.042377 seconds.
  path: Assets/Scenes/Start/LightingData.asset
  importAddress: Guid(6a0f22236b8ffb1499b51e6e08b81117) Importer(815301076,1909f56bfc062723c751e8b465ee728b)
Start importing Assets/Scenes/Start/LightingData.asset using Guid(6a0f22236b8ffb1499b51e6e08b81117) Importer(815301076,1909f56bfc062723c751e8b465ee728b) (PreviewImporter) -> (Import Result ID: '1911850429411f70e78778c636aede80') in 0.0053257 seconds [static and dynamic dependencies]. Details - ImportResultOutputID=5dae071213d1829bbab5fb2c2978ac6f DependenciesID=74102bde67c8b341a79b8ef84eb0bca5 StaticDependenciesID=04851eb980a1a6bcbceb711410b6ccaf 
Number of updated asset objects reloaded before import = 0Number of asset objects unloaded after import = 2

========================================================================
Received Import Request.
  Time since last request: 4.340832 seconds.
  path: Assets/Scenes/Shop
  importAddress: Guid(41b05123edfb5134fa833414104347bd) Importer(815301076,1909f56bfc062723c751e8b465ee728b)
Start importing Assets/Scenes/Shop using Guid(41b05123edfb5134fa833414104347bd) Importer(815301076,1909f56bfc062723c751e8b465ee728b) (PreviewImporter) -> (Import Result ID: '4cf66c5f9d392caeef0c9878773f41e1') in 0.0009907 seconds [static and dynamic dependencies]. Details - ImportResultOutputID=fc8b875bcfde22571448d1811d2a91de DependenciesID=925a87f92541a554be40cd55ab975989 StaticDependenciesID=18928217d9c1c49956f17be9b6a150b5 
Number of updated asset objects reloaded before import = 0Number of asset objects unloaded after import = 0

========================================================================
Received Import Request.
  Time since last request: 0.049819 seconds.
  path: Assets/Scenes/Shop/LightingData.asset
  importAddress: Guid(f37591e568281944e92c8de6ca78c571) Importer(815301076,1909f56bfc062723c751e8b465ee728b)
Start importing Assets/Scenes/Shop/LightingData.asset using Guid(f37591e568281944e92c8de6ca78c571) Importer(815301076,1909f56bfc062723c751e8b465ee728b) (PreviewImporter) -> (Import Result ID: '6eafcb93f4b22cf89cc742f54e9d46e7') in 0.0020802 seconds [static and dynamic dependencies]. Details - ImportResultOutputID=1974936a0a262a59ae2607e1c20bef7c DependenciesID=88fa24eb857a1cbab86e5a7860ebd55f StaticDependenciesID=f049f4cfa0138ebc7735105c132789d7 
Number of updated asset objects reloaded before import = 0Number of asset objects unloaded after import = 2

========================================================================
Received Import Request.
  Time since last request: 17.002789 seconds.
  path: Assets/Videos
  importAddress: Guid(6486961f5254d3f43933e676a404be14) Importer(815301076,1909f56bfc062723c751e8b465ee728b)
Start importing Assets/Videos using Guid(6486961f5254d3f43933e676a404be14) Importer(815301076,1909f56bfc062723c751e8b465ee728b) (PreviewImporter) -> (Import Result ID: 'cccb2df1e0357ce4ee43eb4fda52a458') in 0.0009905 seconds [static and dynamic dependencies]. Details - ImportResultOutputID=fc2ddb068eb7e85591ac979e8b675c6e DependenciesID=f4942bba2ec68aef590ecb223671b9f1 StaticDependenciesID=08b65b613005acc00e7c003982dae897 
Number of updated asset objects reloaded before import = 0Number of asset objects unloaded after import = 0

========================================================================
Received Import Request.
  Time since last request: 0.048533 seconds.
  path: Assets/Videos/vid1.mp4
  importAddress: Guid(537a72f5fde8b6542939096aeb5af4aa) Importer(815301076,1909f56bfc062723c751e8b465ee728b)
Start importing Assets/Videos/vid1.mp4 using Guid(537a72f5fde8b6542939096aeb5af4aa) Importer(815301076,1909f56bfc062723c751e8b465ee728b) (PreviewImporter) -> (Import Result ID: '7bf489012cebb64d5c1b8c7b087a1494') in 0.0025366 seconds [static and dynamic dependencies]. Details - ImportResultOutputID=35307880f32b1f59b55b01439de86f79 DependenciesID=e8b5e80a2577e2b7c5ecb15f3f777676 StaticDependenciesID=75ee99d25a746bc673b8ab9feb924534 
Number of updated asset objects reloaded before import = 0Number of asset objects unloaded after import = 1

========================================================================
Received Import Request.
  Time since last request: 22.391979 seconds.
  path: Assets/Scenes
  importAddress: Guid(c0cb25a9b8ee3864892e4468d3f35849) Importer(815301076,1909f56bfc062723c751e8b465ee728b)
Start importing Assets/Scenes using Guid(c0cb25a9b8ee3864892e4468d3f35849) Importer(815301076,1909f56bfc062723c751e8b465ee728b) (PreviewImporter) -> (Import Result ID: '6fabc7ca72e90f2c9009f02dab5e6477') in 0.001218 seconds [static and dynamic dependencies]. Details - ImportResultOutputID=48641509aeeee7d826df3ecf795f73f9 DependenciesID=e33ae42bf07a7118a39c6d203393cf27 StaticDependenciesID=7d6bc08d2cbd5163dad1b7beb9d1d46a 
Number of updated asset objects reloaded before import = 0Number of asset objects unloaded after import = 0

========================================================================
Received Import Request.
  Time since last request: 4.267273 seconds.
  path: Assets/Scenes/StepSlides.cs
  importAddress: Guid(8cb91f5daa69b87419ee7e5eed0aac07) Importer(815301076,1909f56bfc062723c751e8b465ee728b)
Start importing Assets/Scenes/StepSlides.cs using Guid(8cb91f5daa69b87419ee7e5eed0aac07) Importer(815301076,1909f56bfc062723c751e8b465ee728b) (PreviewImporter) -> (Import Result ID: '07a975ba57452f576c27234aa5134fac') in 0.0008085 seconds [static and dynamic dependencies]. Details - ImportResultOutputID=0c0f36806581910d0994f3f7f0f0a754 DependenciesID=d5dca1ed842613f9eb5e9108b4070a35 StaticDependenciesID=fc0c09ff8aa3a9cfd2148ca0354cf096 
Number of updated asset objects reloaded before import = 0Number of asset objects unloaded after import = 0

========================================================================
Received Import Request.
  Time since last request: 49.696258 seconds.
  path: Assets/Scenes/level3.unity
  importAddress: Guid(410b020788a49bc45b7c3a647d65adcc) Importer(815301076,1909f56bfc062723c751e8b465ee728b)
Start importing Assets/Scenes/level3.unity using Guid(410b020788a49bc45b7c3a647d65adcc) Importer(815301076,1909f56bfc062723c751e8b465ee728b) (PreviewImporter) -> (Import Result ID: '0655169a45e692c3850c7c7bf3f25c31') in 0.0007075 seconds [static and dynamic dependencies]. Details - ImportResultOutputID=6687b876c7438d2900d164697ca18dd2 DependenciesID=e51bd36fe96388d1e8d72ea232a28407 StaticDependenciesID=5535c4a7b848bf17ed08f08e46f80869 
Number of updated asset objects reloaded before import = 0Number of asset objects unloaded after import = 0

